사고번호,사고일시,요일,시군구,사고내용,사망자수,중상자수,경상자수,부상신고자수,사고유형,법규위반,노면상태,기상상태,도로형태,가해운전자 차종,가해운전자 성별,가해운전자 연령,가해운전자 상해정도,피해운전자 차종,피해운전자 성별,피해운전자 연령,피해운전자 상해정도
2012011300100289,2012년 1월 13일 12시,금요일,충청남도 공주시 옥룡동,경상사고,0,0,1,0,차대차 - 측면직각충돌,교차로운행방법위반,건조,맑음,교차로 - 교차로안,화물,남,59세,상해없음,승용,남,57세,경상
2012011300100290,2012년 1월 13일 12시,금요일,충청남도 천안시 동남구 병천면,중상사고,0,2,1,0,차대차 - 측면직각충돌,교차로운행방법위반,건조,맑음,교차로 - 교차로안,화물,남,47세,경상,승용,여,34세,중상
2012011300100380,2012년 1월 13일 16시,금요일,충청남도 부여군 세도면,중상사고,0,1,0,0,차대차 - 측면직각충돌,안전운전불이행,건조,맑음,단일로 - 기타,승용,여,48세,상해없음,원동기,남,66세,중상
2012011300100410,2012년 1월 13일 17시,금요일,충청남도 서산시 인지면,중상사고,0,1,4,0,차대차 - 측면직각충돌,중앙선침범,건조,맑음,단일로 - 기타,승용,남,50세,상해없음,승용,남,34세,경상
2012011300100453,2012년 1월 13일 18시,금요일,충청남도 공주시 장기면,경상사고,0,0,2,0,차대차 - 추돌 - 주정차중,안전운전불이행,건조,기타,교차로 - 교차로부근,승용,여,46세,기타불명,승용,남,31세,경상
2012011300100454,2012년 1월 13일 18시,금요일,충청남도 부여군 규암면,중상사고,0,1,0,0,차대사람 - 기타,안전운전불이행,건조,맑음,단일로 - 기타,화물,남,40세,상해없음,보행자,남,69세,중상
2012011300100531,2012년 1월 13일 20시,금요일,충청남도 천안시 서북구 두정동,경상사고,0,0,1,0,차대사람 - 횡단중,신호위반,건조,맑음,단일로 - 횡단보도상,이륜,남,51세,기타불명,보행자,여,35세,경상
2012011300100532,2012년 1월 13일 20시,금요일,충청남도 예산군 예산읍,사망사고,1,0,0,0,차량단독 - 기타,안전운전불이행,건조,맑음,교차로 - 교차로부근,원동기,남,35세,상해없음,,,,
2012011300100533,2012년 1월 13일 20시,금요일,충청남도 천안시 동남구 목천읍,중상사고,0,1,0,0,차대차 - 측면직각충돌,안전운전불이행,건조,맑음,교차로 - 교차로안,승용,남,61세,상해없음,승용,남,34세,중상
2012011300100590,2012년 1월 13일 22시,금요일,충청남도 천안시 동남구 원성동,중상사고,0,3,2,0,차대차 - 측면직각충돌,신호위반,건조,맑음,교차로 - 교차로안,승용,남,48세,중상,승용,남,56세,중상
2012011300100619,2012년 1월 13일 23시,금요일,충청남도 천안시 동남구 쌍용동,경상사고,0,0,1,0,차대차 - 기타,교차로운행방법위반,건조,맑음,단일로 - 기타,기타불명,기타불명,기타불명,기타불명,승용,여,41세,경상
2012011400100029,2012년 1월 14일 01시,토요일,충청남도 천안시 서북구 업성동,중상사고,0,1,1,0,차대사람 - 횡단중,안전운전불이행,건조,맑음,교차로 - 교차로부근,승용,여,37세,상해없음,보행자,여,43세,중상
2012011400100047,2012년 1월 14일 02시,토요일,충청남도 홍성군 홍성읍,경상사고,0,0,1,0,차대사람 - 기타,안전운전불이행,건조,맑음,기타 - 기타,승용,여,45세,상해없음,보행자,여,29세,경상
2012011400100058,2012년 1월 14일 03시,토요일,충청남도 천안시 서북구 쌍용동,중상사고,0,1,1,0,차대차 - 정면충돌,신호위반,건조,맑음,교차로 - 교차로안,승용,남,35세,상해없음,승용,남,62세,중상
2012011400100100,2012년 1월 14일 07시,토요일,충청남도 천안시 서북구 두정동,경상사고,0,0,2,0,차대차 - 기타,교차로운행방법위반,건조,맑음,교차로 - 교차로안,기타불명,기타불명,기타불명,기타불명,승용,남,42세,경상
2012011400100101,2012년 1월 14일 07시,토요일,충청남도 논산시 연무읍,경상사고,0,0,1,0,차대차 - 측면직각충돌,교차로운행방법위반,건조,맑음,교차로 - 교차로안,화물,남,50세,상해없음,승용,남,52세,경상
2012011400100176,2012년 1월 14일 10시,토요일,충청남도 홍성군 광천읍,경상사고,0,0,1,0,차대차 - 측면직각충돌,기타,건조,맑음,교차로 - 교차로안,화물,남,69세,상해없음,원동기,남,42세,경상
2012011400100256,2012년 1월 14일 13시,토요일,충청남도 공주시 신관동,중상사고,0,1,0,0,차대차 - 측면직각충돌,직진우회전진행방해,건조,맑음,교차로 - 교차로안,승용,남,62세,상해없음,이륜,남,17세,중상
2012011400100285,2012년 1월 14일 14시,토요일,충청남도 논산시 화지동,경상사고,0,0,1,0,차대차 - 측면직각충돌,직진우회전진행방해,건조,맑음,교차로 - 교차로안,이륜,남,76세,경상,승용,남,58세,상해없음
2012011400100320,2012년 1월 14일 15시,토요일,충청남도 예산군 예산읍,경상사고,0,0,1,0,차대차 - 측면직각충돌,신호위반,건조,맑음,교차로 - 교차로안,승용,남,56세,상해없음,이륜,남,39세,경상
2012011400100352,2012년 1월 14일 16시,토요일,충청남도 서천군 한산면,중상사고,0,1,0,0,차대차 - 기타,안전운전불이행,건조,맑음,단일로 - 기타,승용,남,29세,상해없음,이륜,남,66세,중상
2012011400100353,2012년 1월 14일 16시,토요일,충청남도 공주시 탄천면,중상사고,0,1,0,0,차대차 - 추돌 - 주정차중,안전운전불이행,건조,맑음,단일로 - 기타,원동기,남,77세,중상,화물,남,52세,기타불명
2012011400100354,2012년 1월 14일 16시,토요일,충청남도 천안시 동남구 신부동,중상사고,0,1,2,0,차대차 - 추돌 - 진행중,안전운전불이행,건조,맑음,교차로 - 교차로부근,승용,남,47세,상해없음,승용,여,28세,중상
2012011400100355,2012년 1월 14일 16시,토요일,충청남도 공주시 이인면,중상사고,0,1,2,0,차대차 - 추돌 - 진행중,안전운전불이행,건조,맑음,단일로 - 기타,승용,남,35세,상해없음,승용,남,48세,경상
2012011400100426,2012년 1월 14일 18시,토요일,충청남도 천안시 서북구 쌍용동,경상사고,0,0,1,0,차대사람 - 기타,안전운전불이행,건조,맑음,교차로 - 교차로부근,승용,남,40세,상해없음,보행자,여,53세,경상
2012011400100427,2012년 1월 14일 18시,토요일,충청남도 천안시 서북구 불당동,경상사고,0,0,3,0,차대차 - 기타,신호위반,건조,맑음,교차로 - 교차로안,승용,남,52세,상해없음,승용,여,36세,경상
2012011400100465,2012년 1월 14일 19시,토요일,충청남도 태안군 소원면,중상사고,0,1,0,0,차량단독 - 도로외이탈 - 추락,안전운전불이행,건조,맑음,기타 - 기타,원동기,남,42세,중상,,,,
2012011400100466,2012년 1월 14일 19시,토요일,충청남도 서산시 고북면,경상사고,0,0,3,0,차대차 - 추돌 - 주정차중,안전운전불이행,건조,맑음,교차로 - 교차로부근,승용,남,69세,상해없음,승용,남,44세,경상
2012011400100509,2012년 1월 14일 20시,토요일,충청남도 홍성군 금마면,사망사고,1,0,0,0,차량단독 - 도로외이탈 - 추락,안전운전불이행,건조,맑음,단일로 - 교량,원동기,남,78세,사망,,,,
2012011400100510,2012년 1월 14일 20시,토요일,충청남도 보령시 동대동,중상사고,0,1,0,0,차대사람 - 횡단중,보행자보호의무위반,건조,맑음,교차로 - 교차로부근,승용,남,67세,상해없음,보행자,여,73세,중상
2012011400100536,2012년 1월 14일 21시,토요일,충청남도 천안시 동남구 영성동,중상사고,0,1,0,0,차대사람 - 기타,안전운전불이행,건조,맑음,교차로 - 교차로부근,승용,남,24세,상해없음,보행자,남,44세,중상
2012011400100558,2012년 1월 14일 22시,토요일,충청남도 천안시 서북구 두정동,경상사고,0,0,2,0,차대차 - 추돌 - 진행중,안전운전불이행,건조,맑음,교차로 - 교차로부근,승용,남,21세,상해없음,승용,남,26세,경상
2012011400100580,2012년 1월 14일 23시,토요일,충청남도 천안시 서북구 두정동,경상사고,0,0,1,0,차대차 - 기타,안전운전불이행,건조,흐림,교차로 - 교차로부근,승용,남,30세,상해없음,승용,남,42세,경상
2012011500100073,2012년 1월 15일 03시,일요일,충청남도 천안시 서북구 성정동,중상사고,0,1,0,0,차대사람 - 차도통행중,안전운전불이행,건조,맑음,단일로 - 횡단보도부근,승용,남,30세,상해없음,보행자,남,39세,중상
2012011500100152,2012년 1월 15일 10시,일요일,충청남도 천안시 서북구 성성동,경상사고,0,0,3,0,차대차 - 측면직각충돌,신호위반,건조,맑음,교차로 - 교차로안,승용,남,28세,경상,승용,남,54세,경상
2012011500100218,2012년 1월 15일 14시,일요일,충청남도 금산군 진산면,중상사고,0,2,0,0,차대차 - 정면충돌,중앙선침범,건조,맑음,단일로 - 기타,승용,남,31세,상해없음,승용,남,58세,중상
2012011500100259,2012년 1월 15일 16시,일요일,충청남도 서천군 종천면,경상사고,0,0,3,0,차대차 - 기타,안전거리미확보,건조,흐림,단일로 - 기타,승용,여,27세,상해없음,승용,여,45세,경상
2012011500100281,2012년 1월 15일 17시,일요일,충청남도 천안시 동남구 안서동,경상사고,0,0,3,0,차대차 - 추돌 - 진행중,안전운전불이행,건조,맑음,단일로 - 기타,승용,여,44세,상해없음,승합,남,40세,경상
2012011500100311,2012년 1월 15일 18시,일요일,충청남도 예산군 고덕면,사망사고,1,0,0,0,차대차 - 측면직각충돌,직진우회전진행방해,건조,맑음,교차로 - 교차로안,승용,여,30세,상해없음,이륜,남,74세,사망
2012011500100312,2012년 1월 15일 18시,일요일,충청남도 부여군 장암면,중상사고,0,1,0,0,차대사람 - 횡단중,안전운전불이행,건조,맑음,단일로 - 기타,승용,여,63세,상해없음,보행자,여,82세,중상
2012011500100343,2012년 1월 15일 19시,일요일,충청남도 천안시 동남구 신부동,경상사고,0,0,1,0,차대차 - 기타,중앙선침범,건조,맑음,단일로 - 기타,승합,남,43세,상해없음,이륜,남,38세,경상
2012011500100379,2012년 1월 15일 20시,일요일,충청남도 서산시 음암면,중상사고,0,2,2,0,차대차 - 기타,교차로운행방법위반,건조,맑음,교차로 - 교차로안,승용,남,29세,중상,승용,남,50세,상해없음
2012011500100380,2012년 1월 15일 20시,일요일,충청남도 논산시 성동면,중상사고,0,1,1,0,차대차 - 정면충돌,중앙선침범,건조,맑음,단일로 - 기타,승용,남,25세,경상,이륜,남,16세,중상
2012011500100381,2012년 1월 15일 20시,일요일,충청남도 홍성군 홍성읍,중상사고,0,1,0,0,차대차 - 측면직각충돌,교차로운행방법위반,건조,맑음,교차로 - 교차로안,승용,여,49세,상해없음,이륜,남,37세,중상
2012011500100413,2012년 1월 15일 21시,일요일,충청남도 금산군 추부면,중상사고,0,4,0,0,차대차 - 정면충돌,중앙선침범,건조,맑음,단일로 - 기타,승용,남,21세,상해없음,화물,남,61세,중상
2012011500100431,2012년 1월 15일 22시,일요일,충청남도 천안시 서북구 두정동,경상사고,0,0,1,0,차대차 - 측면직각충돌,안전거리미확보,건조,맑음,단일로 - 기타,기타불명,기타불명,기타불명,기타불명,승용,남,30세,경상
2012011500100432,2012년 1월 15일 22시,일요일,충청남도 천안시 동남구 신부동,중상사고,0,1,0,0,차대차 - 기타,안전운전불이행,건조,맑음,단일로 - 기타,승용,남,30세,상해없음,이륜,남,17세,중상
2012011500100447,2012년 1월 15일 23시,일요일,충청남도 공주시 반포면,경상사고,0,0,3,0,차대차 - 정면충돌,중앙선침범,건조,흐림,단일로 - 기타,승합,여,33세,상해없음,승용,남,36세,경상
2012011600100022,2012년 1월 16일 02시,월요일,충청남도 천안시 동남구 신방동,중상사고,0,1,1,0,차대차 - 측면직각충돌,교차로운행방법위반,건조,맑음,교차로 - 교차로안,승용,남,52세,상해없음,승용,남,48세,중상
2012011600100062,2012년 1월 16일 06시,월요일,충청남도 서산시 대산읍,중상사고,0,1,0,0,차대사람 - 횡단중,안전운전불이행,건조,맑음,교차로 - 교차로부근,승용,남,57세,상해없음,보행자,여,66세,중상
2012011600100063,2012년 1월 16일 06시,월요일,충청남도 천안시 동남구 광덕면,경상사고,0,0,2,0,차대차 - 기타,안전운전불이행,건조,맑음,교차로 - 교차로부근,화물,남,32세,상해없음,승용,남,64세,경상
2012011600100103,2012년 1월 16일 08시,월요일,충청남도 청양군 청양읍,경상사고,0,0,1,0,차대차 - 추돌 - 진행중,안전운전불이행,건조,맑음,교차로 - 교차로안,승용,남,54세,상해없음,승용,남,41세,경상
2012011600100136,2012년 1월 16일 09시,월요일,충청남도 논산시 취암동,경상사고,0,0,2,0,차대차 - 기타,교차로운행방법위반,건조,맑음,교차로 - 교차로안,승용,여,45세,경상,승용,여,51세,경상
2012011600100137,2012년 1월 16일 09시,월요일,충청남도 아산시 둔포면,사망사고,1,0,0,0,차대차 - 측면직각충돌,교차로운행방법위반,건조,맑음,교차로 - 교차로안,승용,남,67세,상해없음,자전거,남,91세,사망
2012011600100138,2012년 1월 16일 09시,월요일,충청남도 서천군 종천면,중상사고,0,1,0,0,차대차 - 기타,직진우회전진행방해,건조,맑음,교차로 - 교차로안,승합,남,53세,상해없음,이륜,남,84세,중상
2012011600100139,2012년 1월 16일 09시,월요일,충청남도 천안시 동남구 신부동,경상사고,0,0,1,0,차대사람 - 기타,안전운전불이행,건조,맑음,단일로 - 기타,승용,남,63세,상해없음,보행자,남,17세,경상
2012011600100172,2012년 1월 16일 10시,월요일,충청남도 천안시 서북구 성거읍,경상사고,0,0,1,0,차대차 - 측면직각충돌,안전운전불이행,건조,맑음,단일로 - 기타,화물,남,53세,상해없음,승용,남,45세,경상
2012011600100174,2012년 1월 16일 10시,월요일,충청남도 서산시 고북면,중상사고,0,1,0,0,차대차 - 기타,기타,건조,맑음,단일로 - 기타,화물,남,49세,상해없음,승용,남,44세,중상
2012011600100234,2012년 1월 16일 12시,월요일,충청남도 논산시 연무읍,중상사고,0,1,0,0,차대차 - 기타,안전운전불이행,건조,맑음,단일로 - 기타,자전거,여,80세,중상,이륜,남,72세,기타불명
2012011600100292,2012년 1월 16일 14시,월요일,충청남도 논산시 연무읍,경상사고,0,0,1,0,차대차 - 기타,중앙선침범,건조,맑음,교차로 - 교차로부근,화물,여,51세,상해없음,승용,남,51세,경상
2012011600100293,2012년 1월 16일 14시,월요일,충청남도 예산군 예산읍,경상사고,0,0,1,0,차대차 - 측면직각충돌,직진우회전진행방해,건조,맑음,교차로 - 교차로안,승용,여,52세,상해없음,이륜,남,43세,경상
2012011600100294,2012년 1월 16일 14시,월요일,충청남도 당진시 합덕읍,중상사고,0,3,1,0,차대차 - 측면직각충돌,교차로운행방법위반,건조,맑음,교차로 - 교차로안,승용,여,37세,상해없음,화물,남,47세,중상
2012011600100353,2012년 1월 16일 16시,월요일,충청남도 천안시 동남구 구성동,경상사고,0,0,1,0,차대사람 - 기타,안전운전불이행,건조,맑음,단일로 - 기타,화물,남,24세,상해없음,보행자,남,6세,경상
2012011600100414,2012년 1월 16일 18시,월요일,충청남도 공주시 신관동,중상사고,0,1,2,0,차대차 - 기타,신호위반,건조,맑음,교차로 - 교차로안,화물,남,40세,상해없음,승용,여,47세,중상
2012011600100415,2012년 1월 16일 18시,월요일,충청남도 예산군 덕산면,중상사고,0,1,0,0,차대차 - 정면충돌,직진우회전진행방해,건조,맑음,교차로 - 교차로안,승용,남,75세,상해없음,이륜,남,74세,중상
2012011600100416,2012년 1월 16일 18시,월요일,충청남도 예산군 삽교읍,경상사고,0,0,1,0,차대차 - 측면직각충돌,직진우회전진행방해,건조,맑음,교차로 - 교차로안,승용,남,51세,상해없음,승용,남,41세,경상
2012011600100473,2012년 1월 16일 19시,월요일,충청남도 서산시 성연면,중상사고,0,1,0,0,차대사람 - 길가장자리구역통행중,안전운전불이행,건조,맑음,단일로 - 기타,승용,남,49세,상해없음,보행자,남,50세,중상
2012011600100513,2012년 1월 16일 20시,월요일,충청남도 논산시 내동,중상사고,0,2,2,0,차대차 - 기타,교차로운행방법위반,건조,맑음,교차로 - 교차로안,승용,여,26세,상해없음,승용,여,47세,중상
2012011600100554,2012년 1월 16일 21시,월요일,충청남도 예산군 예산읍,경상사고,0,0,1,0,차대차 - 추돌 - 주정차중,안전운전불이행,건조,맑음,단일로 - 기타,화물,남,30세,상해없음,승용,여,42세,경상
2012011600100582,2012년 1월 16일 22시,월요일,충청남도 공주시 옥룡동,경상사고,0,0,1,0,차대차 - 기타,안전운전불이행,건조,맑음,단일로 - 기타,승용,여,32세,상해없음,승용,여,47세,경상
2012011600100583,2012년 1월 16일 22시,월요일,충청남도 공주시 쌍신동,중상사고,0,1,2,0,차대차 - 기타,신호위반,건조,흐림,교차로 - 교차로부근,승용,남,48세,상해없음,화물,남,57세,경상
2012011600100584,2012년 1월 16일 22시,월요일,충청남도 예산군 예산읍,중상사고,0,1,1,0,차대차 - 측면직각충돌,안전운전불이행,건조,맑음,단일로 - 기타,승용,남,28세,경상,승용,남,57세,중상
2012011600100585,2012년 1월 16일 22시,월요일,충청남도 당진시 신평면,경상사고,0,0,1,0,차대차 - 기타,중앙선침범,건조,맑음,단일로 - 기타,승용,남,33세,상해없음,승용,남,31세,경상
2012011600100620,2012년 1월 16일 23시,월요일,충청남도 천안시 동남구 청당동,경상사고,0,0,1,0,차대차 - 기타,안전운전불이행,건조,맑음,교차로 - 교차로부근,승용,남,44세,상해없음,승용,남,37세,경상
2012011700100037,2012년 1월 17일 01시,화요일,충청남도 아산시 풍기동,경상사고,0,0,1,0,차대차 - 측면직각충돌,불법유턴,건조,맑음,기타 - 기타,승용,남,28세,상해없음,승용,남,30세,경상
2012011700100049,2012년 1월 17일 02시,화요일,충청남도 천안시 서북구 직산읍,경상사고,0,0,1,0,차대차 - 추돌 - 진행중,안전운전불이행,건조,맑음,기타 - 기타,승용,여,46세,상해없음,화물,남,62세,경상
2012011700100071,2012년 1월 17일 05시,화요일,충청남도 서산시 음암면,중상사고,0,1,0,0,차대차 - 추돌 - 진행중,안전운전불이행,건조,맑음,단일로 - 기타,승용,여,46세,중상,특수,남,56세,상해없음
2012011700100088,2012년 1월 17일 06시,화요일,충청남도 보령시 청소면,중상사고,0,1,0,0,차량단독 - 공작물충돌,안전운전불이행,건조,맑음,단일로 - 기타,화물,남,48세,중상,,,,
2012011700100089,2012년 1월 17일 06시,화요일,충청남도 연기군 금남면,중상사고,0,1,0,0,차대사람 - 횡단중,과속,건조,흐림,교차로 - 교차로안,화물,남,43세,상해없음,보행자,여,81세,중상
2012011700100145,2012년 1월 17일 08시,화요일,충청남도 천안시 동남구 신부동,중상사고,0,1,0,0,차량단독 - 공작물충돌,안전운전불이행,건조,맑음,단일로 - 기타,승용,남,57세,중상,,,,
2012011700100229,2012년 1월 17일 11시,화요일,충청남도 천안시 서북구 쌍용동,경상사고,0,0,1,0,차대차 - 추돌 - 주정차중,안전운전불이행,건조,맑음,단일로 - 기타,승용,남,54세,상해없음,승용,남,36세,경상
2012011700100230,2012년 1월 17일 11시,화요일,충청남도 공주시 계룡면,중상사고,0,1,0,0,차량단독 - 기타,안전운전불이행,건조,맑음,단일로 - 기타,화물,남,36세,중상,,,,
2012011700100252,2012년 1월 17일 12시,화요일,충청남도 논산시 지산동,중상사고,0,1,0,0,차대차 - 측면직각충돌,안전운전불이행,건조,맑음,교차로 - 교차로부근,승용,여,55세,상해없음,자전거,남,78세,중상
2012011700100330,2012년 1월 17일 15시,화요일,충청남도 서천군 한산면,경상사고,0,0,3,0,차대차 - 기타,안전운전불이행,건조,맑음,단일로 - 기타,승합,남,57세,상해없음,승용,여,23세,경상
2012011700100331,2012년 1월 17일 15시,화요일,충청남도 공주시 신관동,경상사고,0,0,2,0,차대차 - 측면직각충돌,신호위반,건조,맑음,교차로 - 교차로안,승용,여,34세,상해없음,승용,남,51세,상해없음
2012011700100332,2012년 1월 17일 15시,화요일,충청남도 연기군 소정면,중상사고,0,1,0,0,차대사람 - 기타,안전운전불이행,건조,맑음,단일로 - 기타,화물,여,18세,상해없음,보행자,남,56세,중상
2012011700100389,2012년 1월 17일 17시,화요일,충청남도 연기군 조치원읍,경상사고,0,0,1,0,차대차 - 측면직각충돌,신호위반,건조,맑음,교차로 - 교차로안,승용,여,40세,상해없음,원동기,남,57세,경상
2012011700100480,2012년 1월 17일 19시,화요일,충청남도 천안시 서북구 쌍용동,경상사고,0,0,1,0,차대사람 - 횡단중,신호위반,건조,맑음,단일로 - 기타,승용,남,32세,상해없음,보행자,남,14세,경상
2012011700100545,2012년 1월 17일 21시,화요일,충청남도 서산시 예천동,중상사고,0,1,0,0,차대차 - 추돌 - 진행중,안전운전불이행,건조,맑음,단일로 - 기타,기타불명,기타불명,기타불명,기타불명,원동기,여,52세,중상
2012011700100546,2012년 1월 17일 21시,화요일,충청남도 계룡시 엄사면,경상사고,0,0,1,0,차대차 - 정면충돌,교차로운행방법위반,건조,맑음,교차로 - 교차로안,승용,여,49세,상해없음,이륜,남,19세,경상
2012011700100547,2012년 1월 17일 21시,화요일,충청남도 연기군 조치원읍,중상사고,0,1,0,0,차량단독 - 공작물충돌,안전운전불이행,건조,맑음,단일로 - 기타,화물,여,53세,중상,,,,
2012011700100570,2012년 1월 17일 22시,화요일,충청남도 논산시 양촌면,경상사고,0,0,1,0,차대차 - 추돌 - 주정차중,안전운전불이행,건조,맑음,단일로 - 기타,이륜,남,70세,경상,승용,남,60세,기타불명
2012011700100603,2012년 1월 17일 23시,화요일,충청남도 천안시 서북구 두정동,경상사고,0,0,4,0,차대차 - 추돌 - 주정차중,안전운전불이행,건조,맑음,단일로 - 기타,승용,남,27세,상해없음,화물,남,45세,경상
2012011800100016,2012년 1월 18일 00시,수요일,충청남도 계룡시 엄사면,경상사고,0,0,2,0,차대사람 - 차도통행중,중앙선침범,건조,맑음,단일로 - 기타,승용,남,49세,상해없음,보행자,남,18세,경상
2012011800100089,2012년 1월 18일 06시,수요일,충청남도 태안군 태안읍,사망사고,1,0,0,0,차대사람 - 횡단중,안전운전불이행,습기,맑음,단일로 - 기타,승용,남,32세,상해없음,보행자,남,84세,사망
2012011800100105,2012년 1월 18일 07시,수요일,충청남도 보령시 남포면,경상사고,0,0,2,0,차대차 - 측면직각충돌,교차로운행방법위반,건조,맑음,교차로 - 교차로안,승용,남,40세,상해없음,승용,여,62세,경상
2012011800100127,2012년 1월 18일 08시,수요일,충청남도 천안시 서북구 직산읍,중상사고,0,1,0,0,차대차 - 기타,안전운전불이행,건조,맑음,교차로 - 교차로안,승용,남,28세,상해없음,승용,남,29세,중상
2012011800100202,2012년 1월 18일 11시,수요일,충청남도 아산시 온천동,경상사고,0,0,3,0,차대차 - 추돌 - 주정차중,안전운전불이행,건조,맑음,기타 - 기타,승용,남,50세,상해없음,승용,남,46세,기타불명
2012011800100203,2012년 1월 18일 11시,수요일,충청남도 보령시 대천동,경상사고,0,0,1,0,차대사람 - 기타,안전운전불이행,건조,맑음,교차로 - 교차로안,화물,남,49세,상해없음,보행자,남,68세,경상
2012011800100204,2012년 1월 18일 11시,수요일,충청남도 예산군 오가면,중상사고,0,1,0,0,차대차 - 측면직각충돌,안전운전불이행,건조,맑음,교차로 - 교차로부근,승용,남,71세,상해없음,이륜,남,72세,중상
2012011800100256,2012년 1월 18일 13시,수요일,충청남도 부여군 부여읍,중상사고,0,1,0,0,차대사람 - 보도통행중,보행자보호의무위반,건조,맑음,단일로 - 횡단보도상,승용,여,53세,상해없음,보행자,여,58세,중상
2012011800100278,2012년 1월 18일 14시,수요일,충청남도 보령시 청소면,사망사고,1,0,0,0,차대사람 - 길가장자리구역통행중,불법유턴,건조,맑음,교차로 - 교차로부근,화물,남,65세,상해없음,보행자,여,88세,사망
2012011800100361,2012년 1월 18일 17시,수요일,충청남도 논산시 화지동,경상사고,0,0,1,0,차대사람 - 기타,안전운전불이행,건조,맑음,단일로 - 기타,화물,남,54세,상해없음,보행자,남,63세,경상
2012011800100458,2012년 1월 18일 19시,수요일,충청남도 천안시 서북구 성거읍,경상사고,0,0,1,0,차대차 - 추돌 - 진행중,안전거리미확보,건조,기타,단일로 - 기타,승용,남,34세,상해없음,승용,여,46세,경상
2012011800100459,2012년 1월 18일 19시,수요일,충청남도 서천군 장항읍,경상사고,0,0,2,0,차대차 - 기타,직진우회전진행방해,건조,맑음,교차로 - 교차로안,화물,남,54세,경상,승용,여,50세,경상
2012011800100498,2012년 1월 18일 20시,수요일,충청남도 논산시 강산동,경상사고,0,0,3,0,차대차 - 측면직각충돌,신호위반,건조,맑음,교차로 - 교차로안,이륜,남,31세,경상,승용,남,59세,상해없음
2012011800100546,2012년 1월 18일 22시,수요일,충청남도 연기군 조치원읍,경상사고,0,0,1,0,차대사람 - 횡단중,보행자보호의무위반,건조,맑음,교차로 - 교차로부근,승용,여,25세,상해없음,보행자,남,55세,경상
2012011800100547,2012년 1월 18일 22시,수요일,충청남도 천안시 동남구 봉명동,경상사고,0,0,3,0,차대차 - 측면직각충돌,신호위반,건조,맑음,단일로 - 기타,승용,남,33세,상해없음,승용,남,58세,경상
2012011800100584,2012년 1월 18일 23시,수요일,충청남도 서산시 읍내동,경상사고,0,0,1,0,차대차 - 측면직각충돌,직진우회전진행방해,건조,맑음,교차로 - 교차로안,승용,남,38세,상해없음,이륜,남,16세,경상
2012011900100094,2012년 1월 19일 06시,목요일,충청남도 천안시 서북구 성거읍,중상사고,0,2,0,0,차대차 - 측면직각충돌,신호위반,습기,비,교차로 - 교차로안,승용,남,62세,상해없음,승용,남,27세,중상
2012011900100115,2012년 1월 19일 07시,목요일,충청남도 연기군 전의면,사망사고,1,0,0,0,차량단독 - 도로외이탈 - 추락,안전운전불이행,결빙,비,단일로 - 기타,승용,남,37세,사망,,,,
2012011900100116,2012년 1월 19일 07시,목요일,충청남도 당진시 시곡리,중상사고,0,1,2,0,차대차 - 추돌 - 주정차중,기타,건조,맑음,기타 - 기타,승합,남,64세,상해없음,화물,남,25세,중상
2012011900100151,2012년 1월 19일 08시,목요일,충청남도 예산군 신양면,중상사고,0,1,0,0,차대사람 - 기타,안전운전불이행,적설,눈,단일로 - 기타,승용,남,25세,상해없음,보행자,남,56세,중상
2012011900100171,2012년 1월 19일 09시,목요일,충청남도 홍성군 홍성읍,중상사고,0,1,0,0,차대차 - 기타,안전운전불이행,결빙,비,단일로 - 기타,승용,여,37세,상해없음,화물,남,48세,상해없음
2012011900100172,2012년 1월 19일 09시,목요일,충청남도 연기군 전의면,경상사고,0,0,2,0,차대차 - 측면직각충돌,안전운전불이행,습기,비,교차로 - 교차로안,건설기계,남,57세,상해없음,승용,남,49세,경상
2012011900100173,2012년 1월 19일 09시,목요일,충청남도 천안시 동남구 다가동,중상사고,0,1,0,0,차량단독 - 기타,안전운전불이행,기타,기타,기타 - 기타,승합,기타불명,기타불명,기타불명,,,,
2012011900100193,2012년 1월 19일 10시,목요일,충청남도 천안시 동남구 용곡동,경상사고,0,0,6,0,차대차 - 추돌 - 진행중,안전운전불이행,습기,비,단일로 - 기타,승용,여,43세,경상,화물,남,36세,경상
2012011900100214,2012년 1월 19일 11시,목요일,충청남도 천안시 서북구 성거읍,중상사고,0,1,0,0,차대사람 - 횡단중,중앙선침범,습기,비,기타 - 기타,승용,남,69세,상해없음,보행자,남,72세,중상
2012011900100215,2012년 1월 19일 11시,목요일,충청남도 연기군 금남면,경상사고,0,0,1,0,차대차 - 측면직각충돌,과속,습기,비,단일로 - 기타,화물,남,32세,상해없음,승합,남,55세,상해없음
2012011900100241,2012년 1월 19일 12시,목요일,충청남도 금산군 금성면,경상사고,0,0,3,0,차대차 - 측면직각충돌,직진우회전진행방해,습기,비,교차로 - 교차로안,승용,여,34세,경상,승용,남,63세,경상
2012011900100242,2012년 1월 19일 12시,목요일,충청남도 금산군 금산읍,경상사고,0,0,1,0,차대차 - 기타,안전운전불이행,습기,비,교차로 - 교차로안,원동기,여,67세,경상,승용,남,76세,상해없음
2012011900100302,2012년 1월 19일 14시,목요일,충청남도 예산군 예산읍,경상사고,0,0,1,0,차대차 - 측면직각충돌,불법유턴,건조,맑음,교차로 - 교차로부근,승용,남,63세,상해없음,이륜,남,39세,경상