사고번호,사고일시,요일,시군구,사고내용,사망자수,중상자수,경상자수,부상신고자수,사고유형,법규위반,노면상태,기상상태,도로형태,가해운전자 차종,가해운전자 성별,가해운전자 연령,가해운전자 상해정도,피해운전자 차종,피해운전자 성별,피해운전자 연령,피해운전자 상해정도
2012012600100217,2012년 1월 26일 12시,목요일,충청남도 당진시 송악읍,중상사고,0,1,3,0,차대차 - 정면충돌,중앙선침범,건조,맑음,단일로 - 기타,승용,남,52세,상해없음,승용,여,49세,경상
2012012600100251,2012년 1월 26일 13시,목요일,충청남도 천안시 동남구 원성동,중상사고,0,1,0,0,차대사람 - 횡단중,안전운전불이행,건조,맑음,교차로 - 교차로부근,승용,남,40세,상해없음,보행자,여,16세,중상
2012012600100317,2012년 1월 26일 15시,목요일,충청남도 천안시 서북구 쌍용동,부상신고사고,0,0,0,2,차대차 - 추돌 - 주정차중,안전운전불이행,건조,흐림,단일로 - 기타,화물,남,46세,상해없음,승용,여,35세,부상신고
2012012600100318,2012년 1월 26일 15시,목요일,충청남도 홍성군 홍성읍,중상사고,0,1,0,0,차대차 - 측면직각충돌,안전운전불이행,건조,맑음,교차로 - 교차로부근,승용,남,35세,상해없음,승용,남,55세,중상
2012012600100319,2012년 1월 26일 15시,목요일,충청남도 천안시 동남구 문화동,경상사고,0,0,1,0,차대차 - 기타,신호위반,건조,맑음,단일로 - 기타,승용,남,29세,기타불명,승용,남,34세,상해없음
2012012600100354,2012년 1월 26일 16시,목요일,충청남도 공주시 유구읍,중상사고,0,1,0,1,차대차 - 측면직각충돌,중앙선침범,습기,눈,단일로 - 기타,화물,남,32세,상해없음,승용,남,49세,중상
2012012600100386,2012년 1월 26일 17시,목요일,충청남도 논산시 반월동,중상사고,0,1,0,0,차대차 - 측면직각충돌,안전운전불이행,습기,눈,단일로 - 기타,승용,여,53세,상해없음,원동기,남,44세,중상
2012012600100424,2012년 1월 26일 18시,목요일,충청남도 서산시 인지면,중상사고,0,1,0,0,차대차 - 측면직각충돌,직진우회전진행방해,건조,맑음,교차로 - 교차로안,화물,여,56세,상해없음,이륜,남,36세,중상
2012012600100425,2012년 1월 26일 18시,목요일,충청남도 논산시 내동,경상사고,0,0,2,0,차대사람 - 횡단중,안전운전불이행,습기,눈,교차로 - 교차로안,화물,남,56세,상해없음,보행자,여,67세,경상
2012012600100426,2012년 1월 26일 18시,목요일,충청남도 서천군 서천읍,중상사고,0,1,0,0,차대사람 - 기타,보행자보호의무위반,습기,흐림,단일로 - 횡단보도상,화물,남,34세,상해없음,보행자,여,38세,중상
2012012600100427,2012년 1월 26일 18시,목요일,충청남도 예산군 예산읍,중상사고,0,1,5,0,차대차 - 추돌 - 주정차중,안전운전불이행,건조,맑음,교차로 - 교차로부근,승용,남,41세,상해없음,화물,여,37세,경상
2012012600100428,2012년 1월 26일 18시,목요일,충청남도 천안시 동남구 청수동,중상사고,0,1,0,0,차량단독 - 기타,기타,건조,맑음,단일로 - 기타,승합,남,52세,상해없음,,,,
2012012600100468,2012년 1월 26일 19시,목요일,충청남도 천안시 서북구 신당동,경상사고,0,0,2,0,차대차 - 추돌 - 주정차중,안전운전불이행,건조,맑음,단일로 - 기타,승용,남,57세,상해없음,승용,남,30세,경상
2012012600100469,2012년 1월 26일 19시,목요일,충청남도 천안시 동남구 신방동,중상사고,0,1,0,0,차대사람 - 횡단중,안전운전불이행,건조,맑음,교차로 - 교차로안,승용,남,21세,상해없음,보행자,여,28세,중상
2012012600100499,2012년 1월 26일 20시,목요일,충청남도 홍성군 홍성읍,중상사고,0,1,0,0,차대사람 - 횡단중,보행자보호의무위반,습기,흐림,교차로 - 교차로부근,승용,남,40세,상해없음,보행자,여,65세,중상
2012012600100500,2012년 1월 26일 20시,목요일,충청남도 보령시 청소면,경상사고,0,0,2,0,차대차 - 정면충돌,중앙선침범,결빙,흐림,단일로 - 기타,승용,남,41세,경상,승용,남,18세,경상
2012012600100501,2012년 1월 26일 20시,목요일,충청남도 공주시 신관동,중상사고,0,2,1,0,차대차 - 추돌 - 주정차중,안전운전불이행,건조,맑음,교차로 - 교차로부근,승용,남,60세,상해없음,승용,남,57세,경상
2012012600100536,2012년 1월 26일 21시,목요일,충청남도 서산시 음암면,중상사고,0,1,1,0,차대차 - 측면직각충돌,직진우회전진행방해,건조,맑음,교차로 - 교차로안,승용,여,47세,경상,승용,남,41세,중상
2012012600100559,2012년 1월 26일 22시,목요일,충청남도 천안시 서북구 성정동,경상사고,0,0,1,0,차대차 - 추돌 - 주정차중,안전운전불이행,건조,맑음,단일로 - 기타,승용,남,31세,상해없음,승용,남,41세,경상
2012012700100029,2012년 1월 27일 01시,금요일,충청남도 천안시 서북구 성정동,경상사고,0,0,1,0,차대차 - 기타,안전운전불이행,건조,맑음,교차로 - 교차로부근,승용,남,38세,상해없음,승용,남,30세,경상
2012012700100030,2012년 1월 27일 01시,금요일,충청남도 아산시 온천동,경상사고,0,0,2,0,차대차 - 기타,안전운전불이행,건조,맑음,기타 - 기타,승용,남,29세,상해없음,승용,남,40세,경상
2012012700100104,2012년 1월 27일 08시,금요일,충청남도 부여군 규암면,중상사고,0,1,0,0,차대차 - 정면충돌,중앙선침범,건조,맑음,단일로 - 기타,승용,남,38세,상해없음,승용,남,51세,중상
2012012700100213,2012년 1월 27일 12시,금요일,충청남도 태안군 태안읍,경상사고,0,0,1,0,차대차 - 측면직각충돌,안전운전불이행,건조,맑음,기타 - 기타,승용,남,57세,상해없음,자전거,남,81세,경상
2012012700100235,2012년 1월 27일 13시,금요일,충청남도 서산시 운산면,중상사고,0,3,0,0,차대차 - 정면충돌,중앙선침범,건조,맑음,교차로 - 교차로부근,승용,여,54세,상해없음,승용,남,73세,중상
2012012700100262,2012년 1월 27일 14시,금요일,충청남도 서산시 동문동,중상사고,0,1,0,0,차대차 - 측면직각충돌,교차로운행방법위반,건조,맑음,교차로 - 교차로안,승용,남,35세,상해없음,화물,남,59세,중상
2012012700100263,2012년 1월 27일 14시,금요일,충청남도 천안시 서북구 백석동,경상사고,0,0,1,0,차대사람 - 기타,안전운전불이행,건조,맑음,단일로 - 기타,승용,여,52세,상해없음,보행자,여,40세,경상
2012012700100264,2012년 1월 27일 14시,금요일,충청남도 공주시 계룡면,중상사고,0,1,1,0,차대차 - 정면충돌,중앙선침범,건조,맑음,단일로 - 기타,승용,여,61세,상해없음,승용,남,57세,경상
2012012700100265,2012년 1월 27일 14시,금요일,충청남도 당진시 합덕읍,중상사고,0,4,0,0,차대차 - 정면충돌,중앙선침범,결빙,흐림,단일로 - 기타,승용,남,55세,중상,승용,남,44세,중상
2012012700100305,2012년 1월 27일 15시,금요일,충청남도 천안시 동남구 사직동,경상사고,0,0,1,0,차대사람 - 길가장자리구역통행중,안전운전불이행,건조,맑음,단일로 - 기타,승용,남,73세,상해없음,보행자,남,51세,경상
2012012700100343,2012년 1월 27일 16시,금요일,충청남도 공주시 금성동,중상사고,0,3,3,0,차대차 - 기타,안전거리미확보,건조,맑음,단일로 - 교량,화물,남,46세,상해없음,승용,남,49세,중상
2012012700100344,2012년 1월 27일 16시,금요일,충청남도 당진시 송악읍,중상사고,0,3,0,0,차대차 - 추돌 - 진행중,안전운전불이행,습기,흐림,단일로 - 기타,기타불명,기타불명,기타불명,기타불명,화물,남,47세,중상
2012012700100364,2012년 1월 27일 17시,금요일,충청남도 천안시 서북구 성거읍,경상사고,0,0,1,0,차대차 - 측면직각충돌,신호위반,건조,흐림,교차로 - 교차로안,승용,남,48세,상해없음,승용,남,45세,경상
2012012700100406,2012년 1월 27일 18시,금요일,충청남도 천안시 서북구 두정동,경상사고,0,0,5,0,차대차 - 추돌 - 주정차중,안전운전불이행,건조,맑음,단일로 - 기타,화물,남,58세,경상,승용,남,30세,경상
2012012700100407,2012년 1월 27일 18시,금요일,충청남도 천안시 동남구 다가동,중상사고,0,1,1,0,차대차 - 측면직각충돌,교차로운행방법위반,습기,맑음,교차로 - 교차로안,승용,남,24세,중상,승용,남,58세,상해없음
2012012700100493,2012년 1월 27일 20시,금요일,충청남도 천안시 서북구 성정동,경상사고,0,0,1,0,차대차 - 측면직각충돌,차로위반,건조,맑음,단일로 - 기타,승용,남,30세,경상,승용,남,50세,상해없음
2012012700100494,2012년 1월 27일 20시,금요일,충청남도 홍성군 홍성읍,중상사고,0,1,0,0,차대차 - 측면직각충돌,신호위반,건조,맑음,단일로 - 기타,승용,남,36세,상해없음,승용,남,31세,중상
2012012700100495,2012년 1월 27일 20시,금요일,충청남도 부여군 부여읍,중상사고,0,1,1,0,차대차 - 기타,신호위반,건조,맑음,교차로 - 교차로안,승용,남,68세,상해없음,승용,여,48세,중상
2012012700100518,2012년 1월 27일 21시,금요일,충청남도 천안시 서북구 쌍용동,중상사고,0,1,0,0,차대사람 - 기타,안전운전불이행,건조,맑음,단일로 - 기타,이륜,남,22세,상해없음,보행자,남,44세,중상
2012012700100519,2012년 1월 27일 21시,금요일,충청남도 천안시 서북구 쌍용동,경상사고,0,0,2,0,차대차 - 추돌 - 진행중,안전거리미확보,건조,맑음,단일로 - 기타,승용,남,22세,상해없음,승용,남,29세,경상
2012012700100520,2012년 1월 27일 21시,금요일,충청남도 천안시 서북구 성정동,경상사고,0,0,1,0,차대차 - 기타,안전운전불이행,건조,맑음,단일로 - 기타,승용,남,29세,기타불명,승용,남,32세,경상
2012012700100552,2012년 1월 27일 22시,금요일,충청남도 천안시 서북구 쌍용동,경상사고,0,0,3,0,차대차 - 측면직각충돌,안전운전불이행,건조,맑음,교차로 - 교차로안,승용,남,51세,상해없음,승용,남,60세,경상
2012012800100019,2012년 1월 28일 00시,토요일,충청남도 계룡시 금암동,경상사고,0,0,2,0,차대차 - 기타,안전거리미확보,건조,맑음,단일로 - 기타,승용,남,35세,상해없음,승용,남,50세,경상
2012012800100020,2012년 1월 28일 00시,토요일,충청남도 천안시 동남구 병천면,사망사고,1,1,1,0,차대차 - 기타,안전운전불이행,습기,흐림,단일로 - 기타,승합,남,54세,상해없음,승용,남,36세,사망
2012012800100048,2012년 1월 28일 01시,토요일,충청남도 아산시 배방읍,중상사고,0,1,2,0,차대차 - 추돌 - 주정차중,안전운전불이행,건조,맑음,단일로 - 기타,승용,남,42세,상해없음,승용,남,55세,중상
2012012800100120,2012년 1월 28일 06시,토요일,충청남도 보령시 궁촌동,중상사고,0,1,0,0,차대차 - 측면직각충돌,교차로운행방법위반,건조,기타,교차로 - 교차로안,화물,남,42세,상해없음,승합,남,66세,중상
2012012800100148,2012년 1월 28일 08시,토요일,충청남도 연기군 금남면,중상사고,0,4,1,0,차대차 - 측면직각충돌,신호위반,건조,맑음,교차로 - 교차로안,승용,남,65세,중상,건설기계,남,51세,경상
2012012800100236,2012년 1월 28일 12시,토요일,충청남도 공주시 우성면,경상사고,0,0,2,0,차대차 - 기타,불법유턴,건조,맑음,교차로 - 교차로부근,화물,남,22세,상해없음,승용,남,65세,경상
2012012800100267,2012년 1월 28일 13시,토요일,충청남도 홍성군 홍성읍,중상사고,0,1,0,0,차대차 - 기타,교차로운행방법위반,건조,맑음,단일로 - 기타,화물,남,48세,상해없음,자전거,남,73세,중상
2012012800100307,2012년 1월 28일 15시,토요일,충청남도 논산시 강산동,경상사고,0,0,1,1,차대차 - 기타,교차로운행방법위반,건조,맑음,교차로 - 교차로안,승용,남,37세,부상신고,승용,남,50세,경상
2012012800100327,2012년 1월 28일 16시,토요일,충청남도 논산시 화지동,경상사고,0,0,6,0,차대차 - 기타,교차로운행방법위반,건조,맑음,교차로 - 교차로안,승용,여,46세,경상,승용,여,43세,경상
2012012800100343,2012년 1월 28일 17시,토요일,충청남도 천안시 동남구 신방동,경상사고,0,0,1,0,차대차 - 추돌 - 주정차중,안전운전불이행,건조,맑음,교차로 - 교차로부근,승용,남,54세,상해없음,승용,남,30세,경상
2012012800100368,2012년 1월 28일 18시,토요일,충청남도 천안시 서북구 성환읍,경상사고,0,0,2,0,차대차 - 측면직각충돌,교차로운행방법위반,건조,맑음,교차로 - 교차로안,승용,남,39세,경상,승용,남,43세,경상
2012012800100369,2012년 1월 28일 18시,토요일,충청남도 논산시 연무읍,경상사고,0,0,3,0,차대차 - 기타,교차로운행방법위반,건조,맑음,교차로 - 교차로안,승용,여,43세,경상,승용,남,57세,경상
2012012800100370,2012년 1월 28일 18시,토요일,충청남도 서천군 판교면,중상사고,0,1,0,0,차대사람 - 기타,안전운전불이행,건조,맑음,단일로 - 기타,승용,남,45세,상해없음,보행자,남,58세,중상
2012012800100371,2012년 1월 28일 18시,토요일,충청남도 당진시 합덕읍,경상사고,0,0,2,0,차대차 - 측면직각충돌,안전운전불이행,건조,맑음,교차로 - 교차로부근,원동기,남,33세,상해없음,원동기,남,14세,경상
2012012800100397,2012년 1월 28일 19시,토요일,충청남도 서산시 예천동,경상사고,0,0,1,0,차대차 - 측면직각충돌,안전운전불이행,건조,맑음,교차로 - 교차로부근,승합,남,52세,상해없음,승합,남,52세,경상
2012012800100423,2012년 1월 28일 20시,토요일,충청남도 천안시 서북구 두정동,경상사고,0,0,1,0,차대차 - 측면직각충돌,안전운전불이행,건조,맑음,교차로 - 교차로부근,승용,남,28세,상해없음,승용,남,28세,상해없음
2012012800100445,2012년 1월 28일 21시,토요일,충청남도 서산시 읍내동,경상사고,0,0,2,0,차대차 - 측면직각충돌,직진우회전진행방해,건조,맑음,교차로 - 교차로안,승용,여,45세,상해없음,승용,남,42세,경상
2012012800100493,2012년 1월 28일 23시,토요일,충청남도 당진시 순성면,중상사고,0,1,0,0,차대차 - 정면충돌,안전운전불이행,건조,맑음,단일로 - 기타,승용,여,44세,상해없음,원동기,남,42세,중상
2012012900100093,2012년 1월 29일 05시,일요일,충청남도 천안시 서북구 두정동,경상사고,0,0,3,0,차대차 - 측면직각충돌,교차로운행방법위반,건조,맑음,교차로 - 교차로안,승용,남,27세,상해없음,승용,남,45세,경상
2012012900100094,2012년 1월 29일 05시,일요일,충청남도 천안시 서북구 직산읍,경상사고,0,0,1,0,차대차 - 측면직각충돌,안전운전불이행,건조,흐림,교차로 - 교차로부근,승합,여,44세,상해없음,승용,남,43세,경상
2012012900100095,2012년 1월 29일 05시,일요일,충청남도 당진시 송악읍,사망사고,1,1,0,0,차량단독 - 공작물충돌,안전운전불이행,건조,맑음,단일로 - 기타,승용,남,39세,중상,,,,
2012012900100122,2012년 1월 29일 07시,일요일,충청남도 천안시 서북구 백석동,경상사고,0,0,1,0,차대차 - 기타,중앙선침범,건조,맑음,단일로 - 기타,승용,여,21세,상해없음,승용,남,43세,경상
2012012900100136,2012년 1월 29일 08시,일요일,충청남도 천안시 서북구 성정동,경상사고,0,0,1,0,차대사람 - 기타,안전운전불이행,건조,맑음,단일로 - 기타,기타불명,기타불명,기타불명,기타불명,보행자,남,27세,경상
2012012900100176,2012년 1월 29일 11시,일요일,충청남도 예산군 예산읍,중상사고,0,2,1,0,차량단독 - 기타,안전운전불이행,건조,맑음,교차로 - 교차로부근,승용,남,30세,경상,,,,
2012012900100177,2012년 1월 29일 11시,일요일,충청남도 청양군 목면,중상사고,0,2,1,0,차대차 - 추돌 - 진행중,안전운전불이행,건조,맑음,단일로 - 기타,화물,남,34세,상해없음,승용,여,63세,경상
2012012900100191,2012년 1월 29일 12시,일요일,충청남도 홍성군 홍성읍,경상사고,0,0,1,0,차대차 - 기타,교차로운행방법위반,건조,맑음,교차로 - 교차로안,승용,남,26세,상해없음,승용,여,37세,경상
2012012900100230,2012년 1월 29일 14시,일요일,충청남도 보령시 웅천읍,경상사고,0,0,1,0,차대사람 - 횡단중,안전운전불이행,건조,맑음,단일로 - 기타,승용,남,31세,상해없음,보행자,여,1세,경상
2012012900100272,2012년 1월 29일 16시,일요일,충청남도 예산군 예산읍,중상사고,0,1,1,0,차대차 - 추돌 - 진행중,안전거리미확보,건조,맑음,교차로 - 교차로부근,화물,여,49세,상해없음,승용,여,33세,중상
2012012900100395,2012년 1월 29일 21시,일요일,충청남도 태안군 태안읍,중상사고,0,1,0,0,차대차 - 정면충돌,중앙선침범,건조,맑음,교차로 - 교차로안,승용,남,50세,상해없음,이륜,남,16세,중상
2012012900100396,2012년 1월 29일 21시,일요일,충청남도 천안시 서북구 두정동,경상사고,0,0,5,0,차대차 - 추돌 - 진행중,안전운전불이행,건조,맑음,교차로 - 교차로부근,화물,남,39세,상해없음,승용,남,25세,경상
2012012900100397,2012년 1월 29일 21시,일요일,충청남도 천안시 동남구 목천읍,경상사고,0,0,1,0,차대차 - 추돌 - 주정차중,안전운전불이행,건조,맑음,단일로 - 기타,승용,남,39세,경상,화물,남,48세,기타불명
2012012900100398,2012년 1월 29일 21시,일요일,충청남도 천안시 동남구 청당동,중상사고,0,1,0,0,차대차 - 추돌 - 주정차중,안전거리미확보,건조,맑음,단일로 - 기타,승용,남,33세,상해없음,승용,남,39세,중상
2012013000100060,2012년 1월 30일 07시,월요일,충청남도 태안군 안면읍,사망사고,1,0,0,0,차대사람 - 횡단중,보행자보호의무위반,건조,맑음,단일로 - 횡단보도상,승용,여,62세,상해없음,보행자,여,70세,사망
2012013000100061,2012년 1월 30일 07시,월요일,충청남도 논산시 광석면,경상사고,0,0,2,0,차대차 - 측면직각충돌,직진우회전진행방해,건조,맑음,교차로 - 교차로안,승용,남,30세,경상,건설기계,남,54세,경상
2012013000100062,2012년 1월 30일 07시,월요일,충청남도 홍성군 은하면,중상사고,0,3,0,0,차대차 - 기타,신호위반,건조,맑음,교차로 - 교차로안,승용,남,61세,상해없음,승용,남,51세,중상
2012013000100122,2012년 1월 30일 09시,월요일,충청남도 논산시 취암동,중상사고,0,1,0,0,차대사람 - 횡단중,안전운전불이행,건조,맑음,단일로 - 횡단보도부근,승용,여,53세,상해없음,보행자,여,75세,중상
2012013000100123,2012년 1월 30일 09시,월요일,충청남도 서천군 서천읍,중상사고,0,1,0,0,차대사람 - 기타,보행자보호의무위반,건조,맑음,단일로 - 횡단보도상,승용,남,62세,상해없음,보행자,여,65세,중상
2012013000100124,2012년 1월 30일 09시,월요일,충청남도 연기군 남면,중상사고,0,1,0,0,차대차 - 측면직각충돌,신호위반,건조,맑음,교차로 - 교차로안,건설기계,남,52세,상해없음,건설기계,남,52세,중상
2012013000100139,2012년 1월 30일 10시,월요일,충청남도 금산군 제원면,중상사고,0,2,1,0,차대차 - 추돌 - 진행중,안전운전불이행,건조,맑음,단일로 - 교량,승용,남,74세,중상,특수,남,58세,경상
2012013000100162,2012년 1월 30일 11시,월요일,충청남도 당진시 정미면,경상사고,0,0,1,0,차대차 - 정면충돌,중앙선침범,건조,맑음,단일로 - 기타,특수,남,59세,상해없음,화물,남,74세,경상
2012013000100187,2012년 1월 30일 12시,월요일,충청남도 공주시 유구읍,중상사고,0,1,0,0,차대차 - 측면직각충돌,교차로운행방법위반,건조,맑음,교차로 - 교차로안,승용,여,47세,상해없음,원동기,남,76세,중상
2012013000100219,2012년 1월 30일 13시,월요일,충청남도 아산시 둔포면,경상사고,0,0,1,0,차대차 - 측면직각충돌,불법유턴,건조,맑음,단일로 - 기타,승용,남,45세,상해없음,승용,남,26세,상해없음
2012013000100243,2012년 1월 30일 14시,월요일,충청남도 부여군 홍산면,중상사고,0,1,0,0,차대차 - 측면직각충돌,안전운전불이행,건조,맑음,교차로 - 교차로안,승용,남,53세,상해없음,원동기,남,62세,중상
2012013000100244,2012년 1월 30일 14시,월요일,충청남도 천안시 동남구 신부동,경상사고,0,0,1,0,차대사람 - 횡단중,보행자보호의무위반,건조,맑음,단일로 - 횡단보도상,승용,남,55세,상해없음,보행자,여,10세,경상
2012013000100268,2012년 1월 30일 15시,월요일,충청남도 보령시 주산면,경상사고,0,0,1,0,차대차 - 기타,안전운전불이행,건조,맑음,단일로 - 기타,기타불명,기타불명,기타불명,기타불명,화물,남,48세,상해없음
2012013000100324,2012년 1월 30일 17시,월요일,충청남도 서산시 부석면,중상사고,0,2,1,0,차대차 - 추돌 - 주정차중,중앙선침범,건조,맑음,기타 - 기타,승합,남,68세,상해없음,승용,여,45세,중상
2012013000100325,2012년 1월 30일 17시,월요일,충청남도 천안시 동남구 광덕면,경상사고,0,0,2,0,차대차 - 측면직각충돌,기타,건조,맑음,단일로 - 기타,화물,남,28세,상해없음,승용,남,43세,경상
2012013000100354,2012년 1월 30일 18시,월요일,충청남도 부여군 구룡면,중상사고,0,1,0,0,차대사람 - 기타,안전운전불이행,기타,기타,단일로 - 기타,승용,남,60세,상해없음,보행자,여,18세,중상
2012013000100355,2012년 1월 30일 18시,월요일,충청남도 천안시 동남구 목천읍,중상사고,0,1,0,0,차대차 - 측면직각충돌,중앙선침범,건조,맑음,단일로 - 기타,승용,남,21세,상해없음,이륜,남,51세,중상
2012013000100426,2012년 1월 30일 20시,월요일,충청남도 보령시 동대동,경상사고,0,0,1,0,차대차 - 측면직각충돌,직진우회전진행방해,건조,맑음,교차로 - 교차로안,승용,남,38세,상해없음,승용,남,65세,경상
2012013000100473,2012년 1월 30일 22시,월요일,충청남도 공주시 옥룡동,중상사고,0,1,0,0,차대사람 - 기타,안전운전불이행,건조,맑음,단일로 - 기타,승용,남,54세,상해없음,보행자,남,45세,중상
2012013000100474,2012년 1월 30일 22시,월요일,충청남도 천안시 동남구 청당동,사망사고,1,0,0,0,차대사람 - 횡단중,안전운전불이행,건조,맑음,단일로 - 기타,승용,남,27세,상해없음,보행자,남,53세,사망
2012013000100501,2012년 1월 30일 23시,월요일,충청남도 서산시 지곡면,경상사고,0,0,1,0,차대차 - 추돌 - 주정차중,안전운전불이행,건조,맑음,교차로 - 교차로부근,승용,남,45세,상해없음,승용,여,27세,경상
2012013000100502,2012년 1월 30일 23시,월요일,충청남도 서산시 석림동,중상사고,0,2,0,0,차대차 - 추돌 - 주정차중,안전운전불이행,건조,맑음,단일로 - 기타,기타불명,기타불명,기타불명,기타불명,승용,남,45세,중상
2012013100100011,2012년 1월 31일 00시,화요일,충청남도 서산시 석남동,중상사고,0,2,0,0,차대차 - 측면직각충돌,교차로운행방법위반,건조,흐림,교차로 - 교차로안,승용,여,44세,상해없음,승용,여,35세,중상
2012013100100012,2012년 1월 31일 00시,화요일,충청남도 보령시 청소면,경상사고,0,0,1,0,차대사람 - 길가장자리구역통행중,중앙선침범,건조,맑음,교차로 - 교차로부근,승용,남,28세,상해없음,보행자,남,55세,경상
2012013100100031,2012년 1월 31일 01시,화요일,충청남도 아산시 온천동,경상사고,0,0,2,0,차대차 - 추돌 - 주정차중,안전운전불이행,건조,맑음,교차로 - 교차로부근,승용,남,30세,상해없음,승용,남,47세,경상
2012013100100032,2012년 1월 31일 01시,화요일,충청남도 공주시 장기면,중상사고,0,1,0,0,차대차 - 추돌 - 진행중,안전운전불이행,건조,맑음,단일로 - 기타,승합,남,52세,상해없음,승용,남,39세,중상
2012013100100044,2012년 1월 31일 02시,화요일,충청남도 천안시 서북구 성정동,경상사고,0,0,2,0,차대차 - 추돌 - 주정차중,안전운전불이행,건조,맑음,단일로 - 기타,승용,남,47세,상해없음,승용,남,20세,경상
2012013100100059,2012년 1월 31일 04시,화요일,충청남도 천안시 동남구 유량동,중상사고,0,1,0,0,차량단독 - 공작물충돌,안전운전불이행,건조,맑음,기타 - 기타,승용,남,29세,중상,,,,
2012013100100079,2012년 1월 31일 06시,화요일,충청남도 논산시 연무읍,경상사고,0,0,4,0,차대차 - 측면직각충돌,안전운전불이행,건조,맑음,단일로 - 기타,승합,남,42세,경상,화물,남,44세,상해없음
2012013100100096,2012년 1월 31일 07시,화요일,충청남도 천안시 서북구 쌍용동,사망사고,1,0,0,0,차대사람 - 횡단중,안전운전불이행,건조,맑음,단일로 - 기타,화물,남,41세,상해없음,보행자,남,64세,사망
2012013100100117,2012년 1월 31일 08시,화요일,충청남도 연기군 남면,중상사고,0,1,0,0,차대차 - 측면직각충돌,신호위반,건조,맑음,교차로 - 교차로안,건설기계,남,45세,상해없음,화물,남,54세,중상
2012013100100157,2012년 1월 31일 10시,화요일,충청남도 예산군 덕산면,중상사고,0,1,0,0,차대차 - 측면직각충돌,직진우회전진행방해,건조,맑음,교차로 - 교차로안,승용,여,39세,기타불명,승용,여,46세,중상
2012013100100323,2012년 1월 31일 16시,화요일,충청남도 천안시 서북구 성정동,경상사고,0,0,2,0,차대차 - 측면직각충돌,안전운전불이행,적설,눈,단일로 - 기타,승용,남,36세,상해없음,승용,남,28세,경상
2012013100100324,2012년 1월 31일 16시,화요일,충청남도 공주시 산성동,중상사고,0,1,0,0,차대사람 - 횡단중,보행자보호의무위반,건조,맑음,단일로 - 기타,이륜,남,48세,상해없음,보행자,여,63세,중상
2012013100100325,2012년 1월 31일 16시,화요일,충청남도 연기군 조치원읍,경상사고,0,0,1,0,차대차 - 측면직각충돌,안전운전불이행,습기,눈,교차로 - 교차로안,승용,여,22세,상해없음,승용,여,49세,경상
2012013100100326,2012년 1월 31일 16시,화요일,충청남도 당진시 정미면,경상사고,0,0,1,0,차대차 - 추돌 - 진행중,안전거리미확보,적설,눈,단일로 - 기타,승용,남,56세,상해없음,승용,남,49세,경상
2012013100100327,2012년 1월 31일 16시,화요일,충청남도 당진시 정미면,경상사고,0,0,1,0,차대차 - 정면충돌,안전운전불이행,적설,눈,단일로 - 기타,화물,여,52세,상해없음,승합,여,46세,기타불명
2012013100100328,2012년 1월 31일 16시,화요일,충청남도 공주시 이인면,중상사고,0,2,8,0,차대차 - 측면직각충돌,안전운전불이행,습기,눈,단일로 - 기타,화물,남,51세,상해없음,승용,남,47세,상해없음
2012013100100329,2012년 1월 31일 16시,화요일,충청남도 예산군 신양면,중상사고,0,1,1,0,차대차 - 기타,안전운전불이행,적설,눈,단일로 - 기타,승용,여,57세,중상,화물,남,49세,경상
2012013100100370,2012년 1월 31일 17시,화요일,충청남도 공주시 장기면,경상사고,0,0,4,0,차대차 - 측면직각충돌,안전운전불이행,적설,눈,단일로 - 기타,승용,남,29세,상해없음,승용,남,49세,상해없음
2012013100100408,2012년 1월 31일 18시,화요일,충청남도 서산시 지곡면,중상사고,0,4,0,0,차대차 - 측면직각충돌,안전운전불이행,결빙,눈,교차로 - 교차로부근,승용,남,50세,중상,승용,남,24세,중상
2012013100100409,2012년 1월 31일 18시,화요일,충청남도 천안시 동남구 대흥동,경상사고,0,0,1,0,차대차 - 정면충돌,중앙선침범,습기,눈,단일로 - 기타,승용,남,52세,상해없음,승용,남,55세,경상
2012013100100444,2012년 1월 31일 19시,화요일,충청남도 천안시 동남구 신부동,경상사고,0,0,3,0,차대차 - 측면직각충돌,안전운전불이행,습기,눈,교차로 - 교차로안,승용,남,53세,상해없음,승용,남,47세,경상
2012013100100488,2012년 1월 31일 20시,화요일,충청남도 천안시 서북구 두정동,경상사고,0,0,1,0,차대차 - 기타,안전운전불이행,적설,눈,기타 - 기타,승용,남,53세,상해없음,승용,남,28세,경상
2012013100100520,2012년 1월 31일 21시,화요일,충청남도 서산시 갈산동,중상사고,0,1,0,0,차대차 - 정면충돌,안전운전불이행,결빙,눈,단일로 - 기타,승용,남,27세,중상,화물,남,51세,상해없음
2012013100100521,2012년 1월 31일 21시,화요일,충청남도 천안시 서북구 두정동,중상사고,0,1,0,0,차대차 - 측면직각충돌,신호위반,적설,눈,교차로 - 교차로안,승용,남,29세,상해없음,승용,남,44세,중상
2012013100100522,2012년 1월 31일 21시,화요일,충청남도 금산군 금성면,경상사고,0,0,1,0,차대차 - 측면직각충돌,안전운전불이행,결빙,눈,단일로 - 기타,승용,남,56세,상해없음,특수,남,28세,경상
2012013100100560,2012년 1월 31일 22시,화요일,충청남도 아산시 영인면,경상사고,0,0,1,0,차대차 - 기타,안전운전불이행,적설,눈,기타 - 기타,승용,남,28세,상해없음,승용,남,25세,경상