사고번호,사고일시,요일,시군구,사고내용,사망자수,중상자수,경상자수,부상신고자수,사고유형,법규위반,노면상태,기상상태,도로형태,가해운전자 차종,가해운전자 성별,가해운전자 연령,가해운전자 상해정도,피해운전자 차종,피해운전자 성별,피해운전자 연령,피해운전자 상해정도
2012013100100561,2012년 1월 31일 22시,화요일,충청남도 당진시 읍내리,경상사고,0,0,3,0,차대차 - 기타,안전운전불이행,적설,흐림,교차로 - 교차로안,승용,남,57세,상해없음,승용,남,28세,경상
2012013100100562,2012년 1월 31일 22시,화요일,충청남도 당진시 원당리,경상사고,0,0,1,0,차대차 - 기타,안전운전불이행,결빙,눈,단일로 - 기타,승용,남,51세,상해없음,승용,남,39세,경상
2012013100100563,2012년 1월 31일 22시,화요일,충청남도 당진시 송악읍,중상사고,0,1,2,0,차대차 - 기타,중앙선침범,적설,눈,단일로 - 기타,승용,남,33세,상해없음,승용,남,34세,경상
2012013100100588,2012년 1월 31일 23시,화요일,충청남도 아산시 온천동,경상사고,0,0,1,0,차대차 - 추돌 - 주정차중,안전운전불이행,결빙,눈,교차로 - 교차로부근,승용,남,50세,상해없음,승용,여,37세,경상
2012013100100589,2012년 1월 31일 23시,화요일,충청남도 당진시 시곡리,경상사고,0,0,1,0,차대차 - 기타,안전운전불이행,적설,맑음,단일로 - 기타,승용,남,34세,상해없음,승용,여,26세,경상
2012020100100036,2012년 2월 1일 01시,수요일,충청남도 아산시 인주면,경상사고,0,0,1,0,차대차 - 측면직각충돌,중앙선침범,결빙,눈,교차로 - 교차로부근,승용,남,41세,상해없음,화물,남,47세,경상
2012020100100108,2012년 2월 1일 08시,수요일,충청남도 홍성군 광천읍,경상사고,0,0,2,0,차대차 - 측면직각충돌,안전운전불이행,결빙,눈,교차로 - 교차로안,특수,남,48세,상해없음,승용,남,47세,경상
2012020100100147,2012년 2월 1일 09시,수요일,충청남도 천안시 서북구 입장면,경상사고,0,0,2,0,차대차 - 추돌 - 주정차중,안전운전불이행,결빙,흐림,교차로 - 교차로안,승합,남,38세,상해없음,승용,남,21세,경상
2012020100100181,2012년 2월 1일 10시,수요일,충청남도 천안시 서북구 성거읍,경상사고,0,0,1,0,차대차 - 측면직각충돌,교차로운행방법위반,건조,맑음,교차로 - 교차로안,승용,남,49세,상해없음,승용,남,29세,경상
2012020100100182,2012년 2월 1일 10시,수요일,충청남도 예산군 덕산면,경상사고,0,0,1,0,차대차 - 측면직각충돌,불법유턴,습기,흐림,기타 - 기타,화물,남,57세,상해없음,화물,남,60세,경상
2012020100100236,2012년 2월 1일 12시,수요일,충청남도 서산시 동문동,중상사고,0,3,1,0,차대차 - 추돌 - 진행중,안전운전불이행,습기,맑음,단일로 - 기타,승용,남,29세,상해없음,승용,남,34세,중상
2012020100100237,2012년 2월 1일 12시,수요일,충청남도 보령시 주포면,중상사고,0,1,1,0,차대차 - 정면충돌,안전운전불이행,결빙,맑음,단일로 - 기타,승용,남,60세,경상,승용,남,50세,중상
2012020100100238,2012년 2월 1일 12시,수요일,충청남도 부여군 부여읍,중상사고,0,1,0,0,차대사람 - 보도통행중,보행자보호의무위반,건조,맑음,단일로 - 횡단보도상,승용,남,68세,상해없음,보행자,여,80세,중상
2012020100100286,2012년 2월 1일 14시,수요일,충청남도 논산시 강경읍,경상사고,0,0,5,0,차대차 - 측면직각충돌,직진우회전진행방해,건조,맑음,교차로 - 교차로안,승용,여,50세,경상,승용,여,51세,경상
2012020100100398,2012년 2월 1일 18시,수요일,충청남도 논산시 내동,중상사고,0,1,1,0,차대차 - 측면직각충돌,교차로운행방법위반,건조,맑음,교차로 - 교차로안,원동기,남,25세,상해없음,승용,여,39세,경상
2012020100100438,2012년 2월 1일 19시,수요일,충청남도 논산시 등화동,경상사고,0,0,1,0,차대차 - 추돌 - 주정차중,안전운전불이행,건조,맑음,교차로 - 교차로부근,화물,남,35세,상해없음,승용,여,47세,경상
2012020100100534,2012년 2월 1일 23시,수요일,충청남도 아산시 모종동,경상사고,0,0,1,0,차대사람 - 기타,안전운전불이행,결빙,눈,기타 - 기타,화물,남,28세,상해없음,보행자,남,53세,경상
2012020200100062,2012년 2월 2일 04시,목요일,충청남도 천안시 서북구 두정동,경상사고,0,0,1,0,차대차 - 측면직각충돌,신호위반,건조,맑음,교차로 - 교차로안,승용,남,33세,상해없음,승합,남,58세,경상
2012020200100251,2012년 2월 2일 12시,목요일,충청남도 연기군 전동면,경상사고,0,0,2,0,차대차 - 정면충돌,안전운전불이행,결빙,맑음,단일로 - 기타,승용,남,44세,상해없음,화물,남,50세,경상
2012020200100252,2012년 2월 2일 12시,목요일,충청남도 천안시 동남구 삼룡동,경상사고,0,0,1,0,차대차 - 추돌 - 주정차중,안전운전불이행,건조,맑음,단일로 - 터널,승용,여,19세,상해없음,화물,남,28세,경상
2012020200100284,2012년 2월 2일 13시,목요일,충청남도 공주시 장기면,경상사고,0,0,4,0,차대차 - 추돌 - 주정차중,안전운전불이행,결빙,흐림,단일로 - 기타,승용,남,41세,상해없음,화물,남,57세,상해없음
2012020200100351,2012년 2월 2일 15시,목요일,충청남도 청양군 정산면,중상사고,0,9,3,0,차량단독 - 전도전복,안전운전불이행,습기,맑음,단일로 - 기타,승합,남,41세,중상,,,,
2012020200100376,2012년 2월 2일 16시,목요일,충청남도 보령시 대천동,경상사고,0,0,1,0,차대사람 - 기타,불법유턴,건조,맑음,교차로 - 교차로안,승용,여,47세,상해없음,보행자,남,63세,경상
2012020200100377,2012년 2월 2일 16시,목요일,충청남도 예산군 신양면,경상사고,0,0,2,0,차대차 - 정면충돌,안전운전불이행,적설,눈,단일로 - 기타,승합,남,54세,상해없음,승용,남,62세,경상
2012020200100412,2012년 2월 2일 17시,목요일,충청남도 부여군 임천면,사망사고,1,0,0,0,차대사람 - 보도통행중,안전운전불이행,건조,맑음,단일로 - 기타,승합,남,52세,상해없음,보행자,남,86세,사망
2012020200100472,2012년 2월 2일 19시,목요일,충청남도 부여군 옥산면,중상사고,0,3,0,0,차량단독 - 도로외이탈 - 추락,안전운전불이행,결빙,맑음,단일로 - 기타,승합,남,38세,상해없음,,,,
2012020200100497,2012년 2월 2일 20시,목요일,충청남도 논산시 지산동,경상사고,0,0,1,0,차대차 - 추돌 - 주정차중,안전운전불이행,건조,맑음,단일로 - 기타,승용,남,49세,상해없음,승용,남,29세,경상
2012020200100519,2012년 2월 2일 21시,목요일,충청남도 아산시 둔포면,사망사고,1,0,4,0,차대차 - 추돌 - 주정차중,안전거리미확보,결빙,맑음,교차로 - 교차로부근,화물,남,41세,사망,화물,남,42세,경상
2012020200100520,2012년 2월 2일 21시,목요일,충청남도 예산군 고덕면,중상사고,0,2,3,0,차량단독 - 도로외이탈 - 기타,안전운전불이행,습기,흐림,교차로 - 교차로부근,승용,남,59세,경상,,,,
2012020200100521,2012년 2월 2일 21시,목요일,충청남도 예산군 오가면,경상사고,0,0,1,0,차대사람 - 기타,안전운전불이행,건조,맑음,교차로 - 교차로부근,승용,여,50세,상해없음,보행자,남,39세,경상
2012020200100522,2012년 2월 2일 21시,목요일,충청남도 당진시 송악읍,중상사고,0,1,1,0,차대차 - 추돌 - 주정차중,안전운전불이행,건조,맑음,단일로 - 기타,승용,남,47세,상해없음,승용,남,42세,경상
2012020200100557,2012년 2월 2일 22시,목요일,충청남도 서산시 읍내동,경상사고,0,0,2,0,차대차 - 측면직각충돌,신호위반,건조,맑음,교차로 - 교차로안,승용,남,40세,상해없음,승용,남,42세,상해없음
2012020300100085,2012년 2월 3일 06시,금요일,충청남도 당진시 송악읍,경상사고,0,0,3,0,차대차 - 정면충돌,중앙선침범,결빙,눈,단일로 - 기타,승합,남,44세,상해없음,승용,남,30세,경상
2012020300100103,2012년 2월 3일 07시,금요일,충청남도 서산시 지곡면,경상사고,0,0,1,0,차대차 - 추돌 - 진행중,안전운전불이행,습기,흐림,단일로 - 기타,승용,남,28세,상해없음,승용,남,27세,경상
2012020300100150,2012년 2월 3일 08시,금요일,충청남도 천안시 서북구 직산읍,경상사고,0,0,1,0,차대차 - 측면직각충돌,신호위반,기타,맑음,교차로 - 교차로안,승용,여,25세,상해없음,승용,여,31세,경상
2012020300100151,2012년 2월 3일 08시,금요일,충청남도 천안시 서북구 직산읍,경상사고,0,0,1,0,차대차 - 측면직각충돌,신호위반,건조,맑음,교차로 - 교차로안,승용,남,43세,상해없음,승용,남,24세,경상
2012020300100177,2012년 2월 3일 09시,금요일,충청남도 아산시 신창면,중상사고,0,1,0,0,차대사람 - 기타,안전운전불이행,습기,맑음,단일로 - 기타,승합,남,59세,상해없음,보행자,여,76세,중상
2012020300100224,2012년 2월 3일 11시,금요일,충청남도 논산시 상월면,경상사고,0,0,2,0,차대차 - 측면직각충돌,중앙선침범,건조,맑음,교차로 - 교차로안,승합,남,41세,상해없음,화물,남,44세,경상
2012020300100258,2012년 2월 3일 12시,금요일,충청남도 당진시 정미면,중상사고,0,1,0,0,차대차 - 기타,안전운전불이행,적설,맑음,단일로 - 기타,승용,남,29세,상해없음,승용,남,59세,중상
2012020300100288,2012년 2월 3일 13시,금요일,충청남도 서천군 문산면,중상사고,0,1,0,0,차량단독 - 도로외이탈 - 추락,안전운전불이행,습기,맑음,단일로 - 기타,승용,남,62세,중상,,,,
2012020300100310,2012년 2월 3일 14시,금요일,충청남도 천안시 동남구 성황동,중상사고,0,1,0,0,차대차 - 측면직각충돌,안전운전불이행,건조,맑음,교차로 - 교차로안,승용,여,23세,상해없음,승용,여,54세,중상
2012020300100346,2012년 2월 3일 15시,금요일,충청남도 아산시 모종동,중상사고,0,1,0,0,차대차 - 측면직각충돌,신호위반,건조,맑음,교차로 - 교차로안,승용,남,65세,상해없음,승용,여,51세,중상
2012020300100391,2012년 2월 3일 16시,금요일,충청남도 논산시 취암동,중상사고,0,1,1,0,차대차 - 추돌 - 진행중,안전운전불이행,건조,맑음,단일로 - 기타,승용,여,20세,상해없음,승용,남,64세,경상
2012020300100461,2012년 2월 3일 18시,금요일,충청남도 서산시 대산읍,경상사고,0,0,1,0,차대차 - 측면직각충돌,안전운전불이행,건조,맑음,단일로 - 기타,승용,남,55세,상해없음,이륜,남,58세,경상
2012020300100462,2012년 2월 3일 18시,금요일,충청남도 천안시 서북구 성환읍,경상사고,0,0,1,0,차대차 - 기타,중앙선침범,건조,맑음,단일로 - 기타,승용,남,46세,상해없음,승용,남,43세,경상
2012020300100542,2012년 2월 3일 20시,금요일,충청남도 천안시 서북구 성환읍,중상사고,0,1,0,0,차대사람 - 횡단중,보행자보호의무위반,건조,맑음,교차로 - 교차로부근,승용,남,48세,상해없음,보행자,여,56세,중상
2012020300100543,2012년 2월 3일 20시,금요일,충청남도 홍성군 홍성읍,경상사고,0,0,1,0,차대차 - 추돌 - 주정차중,안전운전불이행,건조,맑음,단일로 - 기타,승용,여,33세,상해없음,승합,남,47세,상해없음
2012020300100585,2012년 2월 3일 21시,금요일,충청남도 논산시 관촉동,경상사고,0,0,1,0,차대사람 - 횡단중,보행자보호의무위반,건조,맑음,단일로 - 횡단보도상,화물,기타불명,기타불명,기타불명,보행자,남,18세,경상
2012020300100622,2012년 2월 3일 22시,금요일,충청남도 서산시 석남동,중상사고,0,1,0,0,차대차 - 정면충돌,신호위반,건조,맑음,교차로 - 교차로안,이륜,남,16세,중상,승용,남,33세,상해없음
2012020300100623,2012년 2월 3일 22시,금요일,충청남도 천안시 서북구 백석동,경상사고,0,0,1,0,차대차 - 기타,안전운전불이행,건조,맑음,단일로 - 기타,승용,남,25세,상해없음,승합,남,37세,경상
2012020300100653,2012년 2월 3일 23시,금요일,충청남도 보령시 주교면,경상사고,0,0,1,0,차량단독 - 공작물충돌,안전운전불이행,건조,맑음,단일로 - 기타,승용,남,25세,경상,,,,
2012020300100654,2012년 2월 3일 23시,금요일,충청남도 당진시 시곡리,경상사고,0,0,1,0,차대차 - 추돌 - 진행중,안전운전불이행,건조,맑음,단일로 - 기타,승용,남,36세,상해없음,승용,남,45세,상해없음
2012020400100019,2012년 2월 4일 00시,토요일,충청남도 공주시 신관동,경상사고,0,0,1,0,차대차 - 기타,신호위반,건조,맑음,교차로 - 교차로안,승용,남,37세,상해없음,승용,남,30세,경상
2012020400100050,2012년 2월 4일 01시,토요일,충청남도 천안시 서북구 두정동,경상사고,0,0,1,0,차대차 - 측면직각충돌,안전운전불이행,건조,맑음,교차로 - 교차로안,승용,남,25세,상해없음,승용,남,51세,상해없음
2012020400100051,2012년 2월 4일 01시,토요일,충청남도 논산시 은진면,중상사고,0,1,0,0,차량단독 - 도로외이탈 - 기타,안전운전불이행,적설,눈,단일로 - 기타,승용,남,44세,상해없음,,,,
2012020400100095,2012년 2월 4일 03시,토요일,충청남도 보령시 대천동,경상사고,0,0,1,0,차대차 - 측면직각충돌,직진우회전진행방해,결빙,눈,교차로 - 교차로안,승용,남,52세,상해없음,이륜,남,40세,경상
2012020400100196,2012년 2월 4일 09시,토요일,충청남도 보령시 미산면,중상사고,0,1,1,0,차대차 - 추돌 - 진행중,교차로운행방법위반,결빙,눈,교차로 - 교차로안,승용,여,49세,상해없음,화물,남,64세,상해없음
2012020400100239,2012년 2월 4일 11시,토요일,충청남도 서산시 동문동,중상사고,0,1,0,0,차대사람 - 횡단중,안전운전불이행,건조,맑음,교차로 - 교차로안,승용,남,26세,상해없음,보행자,여,75세,중상
2012020400100240,2012년 2월 4일 11시,토요일,충청남도 천안시 서북구 성정동,경상사고,0,0,1,0,차대사람 - 기타,기타,기타,기타,단일로 - 기타,승합,남,51세,상해없음,보행자,여,76세,경상
2012020400100241,2012년 2월 4일 11시,토요일,충청남도 논산시 강산동,사망사고,1,0,1,0,차량단독 - 공작물충돌,안전운전불이행,건조,맑음,교차로 - 교차로부근,승용,남,22세,경상,,,,
2012020400100242,2012년 2월 4일 11시,토요일,충청남도 천안시 동남구 신방동,경상사고,0,0,1,0,차대사람 - 기타,안전운전불이행,결빙,맑음,단일로 - 기타,화물,남,51세,상해없음,보행자,남,73세,경상
2012020400100271,2012년 2월 4일 12시,토요일,충청남도 논산시 취암동,중상사고,0,1,0,0,차대차 - 추돌 - 주정차중,안전운전불이행,건조,맑음,단일로 - 기타,승용,남,56세,상해없음,승용,남,21세,중상
2012020400100298,2012년 2월 4일 13시,토요일,충청남도 보령시 주교면,사망사고,1,0,0,0,차량단독 - 공작물충돌,안전운전불이행,건조,맑음,단일로 - 기타,승용,남,40세,사망,,,,
2012020400100333,2012년 2월 4일 14시,토요일,충청남도 당진시 석문면,경상사고,0,0,1,0,차대차 - 측면직각충돌,교차로운행방법위반,건조,맑음,교차로 - 교차로안,화물,남,31세,상해없음,승용,남,47세,경상
2012020400100350,2012년 2월 4일 15시,토요일,충청남도 서천군 서천읍,경상사고,0,0,1,0,차대차 - 추돌 - 주정차중,안전거리미확보,건조,맑음,단일로 - 기타,승용,남,50세,상해없음,이륜,남,47세,경상
2012020400100412,2012년 2월 4일 17시,토요일,충청남도 천안시 서북구 두정동,중상사고,0,2,0,0,차대차 - 정면충돌,중앙선침범,건조,맑음,기타 - 기타,승용,남,39세,상해없음,승용,남,57세,중상
2012020400100413,2012년 2월 4일 17시,토요일,충청남도 당진시 읍내리,경상사고,0,0,1,0,차대차 - 측면직각충돌,안전운전불이행,건조,맑음,단일로 - 기타,승용,남,45세,상해없음,승용,남,46세,경상
2012020400100501,2012년 2월 4일 19시,토요일,충청남도 천안시 서북구 성정동,중상사고,0,1,2,0,차대차 - 측면직각충돌,교차로운행방법위반,건조,맑음,교차로 - 교차로안,원동기,남,48세,중상,승용,남,59세,경상
2012020400100502,2012년 2월 4일 19시,토요일,충청남도 논산시 채운면,중상사고,0,1,0,0,차대차 - 기타,차로위반,건조,맑음,단일로 - 기타,원동기,남,48세,중상,승용,여,52세,상해없음
2012020400100503,2012년 2월 4일 19시,토요일,충청남도 당진시 채운동,중상사고,0,1,0,0,차대사람 - 차도통행중,안전운전불이행,건조,맑음,교차로 - 교차로안,승용,남,60세,상해없음,보행자,남,49세,중상
2012020400100504,2012년 2월 4일 19시,토요일,충청남도 천안시 동남구 다가동,중상사고,0,1,0,0,차대차 - 기타,안전운전불이행,건조,맑음,단일로 - 횡단보도상,원동기,남,55세,중상,승용,여,29세,상해없음
2012020400100550,2012년 2월 4일 20시,토요일,충청남도 아산시 실옥동,중상사고,0,1,1,0,차대차 - 추돌 - 진행중,안전운전불이행,건조,맑음,기타 - 기타,승용,남,41세,상해없음,승용,남,36세,중상
2012020400100583,2012년 2월 4일 21시,토요일,충청남도 아산시 풍기동,중상사고,0,2,1,0,차대차 - 측면직각충돌,신호위반,건조,맑음,교차로 - 교차로안,승용,남,41세,상해없음,승용,남,45세,경상
2012020400100605,2012년 2월 4일 22시,토요일,충청남도 금산군 금산읍,경상사고,0,0,3,0,차대차 - 측면직각충돌,교차로운행방법위반,건조,맑음,교차로 - 교차로안,승용,남,34세,상해없음,승용,남,53세,경상
2012020400100629,2012년 2월 4일 23시,토요일,충청남도 당진시 원당리,경상사고,0,0,1,0,차대차 - 측면직각충돌,신호위반,건조,맑음,교차로 - 교차로안,승용,남,23세,상해없음,승용,남,55세,경상
2012020500100024,2012년 2월 5일 00시,일요일,충청남도 아산시 모종동,중상사고,0,1,0,0,차대사람 - 횡단중,신호위반,건조,맑음,기타 - 기타,승용,남,29세,상해없음,보행자,남,22세,중상
2012020500100062,2012년 2월 5일 01시,일요일,충청남도 공주시 신관동,경상사고,0,0,1,0,차대차 - 정면충돌,교차로운행방법위반,건조,흐림,교차로 - 교차로안,승용,여,45세,기타불명,승용,남,51세,경상
2012020500100136,2012년 2월 5일 06시,일요일,충청남도 당진시 우두리,경상사고,0,0,2,0,차대차 - 추돌 - 주정차중,안전운전불이행,건조,맑음,교차로 - 교차로부근,승용,남,22세,상해없음,화물,남,62세,경상
2012020500100137,2012년 2월 5일 06시,일요일,충청남도 천안시 동남구 수신면,사망사고,1,3,0,0,차대차 - 기타,안전운전불이행,건조,흐림,단일로 - 기타,승용,남,49세,상해없음,승용,여,22세,중상
2012020500100208,2012년 2월 5일 11시,일요일,충청남도 논산시 덕지동,중상사고,0,1,3,0,차대차 - 정면충돌,신호위반,건조,맑음,단일로 - 기타,이륜,남,67세,중상,승용,여,49세,경상
2012020500100245,2012년 2월 5일 13시,일요일,충청남도 서천군 한산면,중상사고,0,1,0,0,차량단독 - 기타,안전운전불이행,건조,맑음,단일로 - 기타,이륜,여,62세,중상,,,,
2012020500100300,2012년 2월 5일 15시,일요일,충청남도 서산시 지곡면,중상사고,0,2,0,0,차대차 - 추돌 - 주정차중,안전운전불이행,건조,맑음,단일로 - 기타,승합,남,63세,상해없음,화물,남,34세,중상
2012020500100301,2012년 2월 5일 15시,일요일,충청남도 논산시 연산면,경상사고,0,0,1,0,차대차 - 측면직각충돌,교차로운행방법위반,건조,맑음,교차로 - 교차로안,승용,남,44세,상해없음,원동기,남,77세,경상
2012020500100323,2012년 2월 5일 16시,일요일,충청남도 아산시 신창면,경상사고,0,0,3,0,차대차 - 추돌 - 주정차중,안전거리미확보,건조,맑음,교차로 - 교차로안,승용,남,50세,상해없음,승용,남,28세,경상
2012020500100324,2012년 2월 5일 16시,일요일,충청남도 천안시 동남구 구성동,경상사고,0,0,1,0,차대차 - 추돌 - 주정차중,안전거리미확보,건조,맑음,단일로 - 기타,승용,남,35세,상해없음,승용,남,36세,경상
2012020500100372,2012년 2월 5일 18시,일요일,충청남도 천안시 동남구 목천읍,경상사고,0,0,1,0,차대차 - 측면직각충돌,교차로운행방법위반,건조,맑음,교차로 - 교차로안,승용,여,44세,경상,승용,남,58세,상해없음
2012020500100406,2012년 2월 5일 19시,일요일,충청남도 논산시 강경읍,경상사고,0,0,1,0,차대차 - 기타,안전운전불이행,건조,맑음,교차로 - 교차로부근,승용,남,57세,상해없음,승용,여,57세,경상
2012020500100407,2012년 2월 5일 19시,일요일,충청남도 당진시 송악읍,경상사고,0,0,1,0,차대차 - 추돌 - 진행중,안전운전불이행,건조,맑음,단일로 - 기타,승용,남,47세,상해없음,승용,여,32세,경상
2012020500100430,2012년 2월 5일 20시,일요일,충청남도 보령시 동대동,경상사고,0,0,1,0,차대차 - 측면직각충돌,차로위반,건조,맑음,단일로 - 교량,승용,남,59세,상해없음,승용,여,33세,경상
2012020500100496,2012년 2월 5일 22시,일요일,충청남도 천안시 서북구 두정동,경상사고,0,0,1,0,차대차 - 측면직각충돌,교차로운행방법위반,건조,맑음,교차로 - 교차로안,승용,남,28세,상해없음,원동기,남,38세,경상
2012020500100497,2012년 2월 5일 22시,일요일,충청남도 당진시 신평면,중상사고,0,4,0,0,차대차 - 기타,중앙선침범,결빙,맑음,단일로 - 기타,승용,남,21세,상해없음,승용,남,37세,중상
2012020500100498,2012년 2월 5일 22시,일요일,충청남도 천안시 동남구 신방동,중상사고,0,1,0,0,차대차 - 추돌 - 주정차중,안전거리미확보,건조,맑음,단일로 - 기타,승용,남,44세,상해없음,승용,남,28세,중상
2012020600100167,2012년 2월 6일 09시,월요일,충청남도 천안시 서북구 쌍용동,경상사고,0,0,1,0,차대차 - 추돌 - 주정차중,교차로운행방법위반,건조,맑음,교차로 - 교차로안,승용,남,55세,상해없음,승용,여,44세,경상
2012020600100168,2012년 2월 6일 09시,월요일,충청남도 보령시 동대동,중상사고,0,2,0,0,차대차 - 측면직각충돌,신호위반,건조,흐림,교차로 - 교차로안,승용,남,32세,상해없음,승용,남,75세,중상
2012020600100223,2012년 2월 6일 11시,월요일,충청남도 예산군 예산읍,중상사고,0,1,2,0,차대차 - 측면직각충돌,직진우회전진행방해,건조,맑음,교차로 - 교차로부근,승용,남,18세,상해없음,화물,남,38세,상해없음
2012020600100224,2012년 2월 6일 11시,월요일,충청남도 금산군 금산읍,중상사고,0,1,0,0,차대차 - 측면직각충돌,교차로운행방법위반,건조,맑음,교차로 - 교차로부근,원동기,남,75세,상해없음,원동기,남,75세,중상
2012020600100267,2012년 2월 6일 13시,월요일,충청남도 서천군 비인면,중상사고,0,2,0,0,차량단독 - 도로외이탈 - 추락,안전운전불이행,건조,맑음,단일로 - 교량,승용,여,57세,상해없음,,,,
2012020600100325,2012년 2월 6일 15시,월요일,충청남도 보령시 내항동,경상사고,0,0,3,0,차대차 - 측면직각충돌,안전거리미확보,건조,맑음,단일로 - 기타,승용,여,42세,상해없음,승용,남,67세,경상
2012020600100417,2012년 2월 6일 18시,월요일,충청남도 천안시 서북구 쌍용동,중상사고,0,1,2,0,차대차 - 측면직각충돌,안전운전불이행,건조,맑음,교차로 - 교차로부근,승용,여,21세,경상,승용,여,43세,상해없음
2012020600100418,2012년 2월 6일 18시,월요일,충청남도 천안시 서북구 신당동,중상사고,0,1,0,0,차량단독 - 공작물충돌,안전운전불이행,건조,맑음,단일로 - 기타,승용,남,35세,중상,,,,
2012020600100472,2012년 2월 6일 19시,월요일,충청남도 논산시 부적면,경상사고,0,0,2,0,차대차 - 기타,안전운전불이행,건조,맑음,단일로 - 기타,이륜,남,73세,경상,이륜,남,70세,경상
2012020600100473,2012년 2월 6일 19시,월요일,충청남도 계룡시 두마면,중상사고,0,1,0,0,차대사람 - 횡단중,안전운전불이행,건조,맑음,교차로 - 교차로안,승용,남,19세,상해없음,보행자,남,45세,중상
2012020600100474,2012년 2월 6일 19시,월요일,충청남도 예산군 신암면,경상사고,0,0,1,0,차대차 - 측면직각충돌,안전운전불이행,건조,맑음,단일로 - 기타,자전거,남,21세,경상,승용,남,37세,상해없음
2012020600100522,2012년 2월 6일 20시,월요일,충청남도 논산시 강경읍,경상사고,0,0,1,0,차대차 - 추돌 - 주정차중,교차로운행방법위반,건조,맑음,교차로 - 교차로안,승용,남,63세,상해없음,원동기,여,60세,경상
2012020600100559,2012년 2월 6일 21시,월요일,충청남도 천안시 서북구 백석동,부상신고사고,0,0,0,1,차대차 - 측면직각충돌,신호위반,건조,맑음,단일로 - 기타,이륜,남,29세,부상신고,승용,남,27세,상해없음
2012020700100074,2012년 2월 7일 03시,화요일,충청남도 천안시 서북구 성정동,중상사고,0,3,0,0,차대차 - 기타,신호위반,건조,맑음,교차로 - 교차로안,승용,남,30세,상해없음,승용,남,60세,중상
2012020700100134,2012년 2월 7일 07시,화요일,충청남도 천안시 서북구 성정동,경상사고,0,0,2,0,차대차 - 기타,중앙선침범,건조,맑음,교차로 - 교차로부근,승용,남,31세,상해없음,승용,남,27세,경상
2012020700100135,2012년 2월 7일 07시,화요일,충청남도 논산시 내동,경상사고,0,0,1,0,차대차 - 측면직각충돌,교차로운행방법위반,건조,맑음,교차로 - 교차로안,승합,남,33세,상해없음,승용,남,29세,경상
2012020700100136,2012년 2월 7일 07시,화요일,충청남도 청양군 비봉면,경상사고,0,0,2,0,차대차 - 측면직각충돌,직진우회전진행방해,건조,맑음,교차로 - 교차로안,승용,남,29세,상해없음,승용,남,44세,경상
2012020700100201,2012년 2월 7일 10시,화요일,충청남도 홍성군 갈산면,경상사고,0,0,3,0,차대차 - 추돌 - 주정차중,안전운전불이행,건조,맑음,교차로 - 교차로안,화물,남,42세,상해없음,승용,남,34세,경상
2012020700100229,2012년 2월 7일 11시,화요일,충청남도 태안군 안면읍,경상사고,0,0,1,0,차대차 - 측면직각충돌,안전운전불이행,건조,맑음,단일로 - 기타,승용,남,71세,상해없음,승용,남,32세,경상
2012020700100230,2012년 2월 7일 11시,화요일,충청남도 금산군 금산읍,경상사고,0,0,1,0,차대차 - 측면직각충돌,신호위반,건조,맑음,교차로 - 교차로안,화물,남,57세,상해없음,화물,남,37세,경상
2012020700100261,2012년 2월 7일 12시,화요일,충청남도 공주시 신관동,경상사고,0,0,3,0,차대차 - 기타,교차로운행방법위반,건조,맑음,교차로 - 교차로안,승합,여,53세,상해없음,승용,여,30세,경상
2012020700100281,2012년 2월 7일 13시,화요일,충청남도 청양군 청양읍,경상사고,0,0,4,0,차대차 - 측면직각충돌,기타,건조,맑음,교차로 - 교차로안,승용,여,41세,경상,승용,여,36세,경상
2012020700100320,2012년 2월 7일 15시,화요일,충청남도 당진시 채운동,경상사고,0,0,2,0,차대차 - 추돌 - 진행중,안전운전불이행,건조,맑음,교차로 - 교차로부근,건설기계,남,42세,상해없음,승용,여,39세,경상
2012020700100372,2012년 2월 7일 17시,화요일,충청남도 천안시 서북구 성정동,경상사고,0,0,1,0,차대차 - 기타,신호위반,건조,맑음,교차로 - 교차로안,승용,여,57세,상해없음,화물,남,23세,경상
2012020700100471,2012년 2월 7일 20시,화요일,충청남도 서산시 동문동,경상사고,0,0,1,0,차대사람 - 횡단중,신호위반,건조,맑음,교차로 - 교차로안,승용,여,44세,상해없음,보행자,남,12세,경상
2012020700100472,2012년 2월 7일 20시,화요일,충청남도 태안군 태안읍,경상사고,0,0,2,0,차대차 - 추돌 - 주정차중,안전운전불이행,건조,맑음,교차로 - 교차로부근,승용,남,45세,상해없음,승용,여,34세,경상
2012020700100473,2012년 2월 7일 20시,화요일,충청남도 아산시 방축동,경상사고,0,0,5,0,차대차 - 추돌 - 주정차중,안전운전불이행,건조,맑음,교차로 - 교차로부근,화물,남,46세,상해없음,승용,남,53세,경상
2012020700100474,2012년 2월 7일 20시,화요일,충청남도 아산시 염치읍,중상사고,0,1,1,0,차대차 - 정면충돌,중앙선침범,건조,맑음,기타 - 기타,승용,여,57세,상해없음,화물,남,41세,중상
2012020700100507,2012년 2월 7일 21시,화요일,충청남도 태안군 태안읍,경상사고,0,0,4,0,차대차 - 추돌 - 주정차중,안전거리미확보,건조,맑음,교차로 - 교차로부근,승용,남,30세,상해없음,승용,남,31세,경상
2012020700100560,2012년 2월 7일 23시,화요일,충청남도 천안시 서북구 성정동,중상사고,0,1,1,0,차대차 - 추돌 - 주정차중,안전운전불이행,건조,맑음,단일로 - 기타,승용,남,25세,상해없음,승용,남,53세,중상
2012020800100104,2012년 2월 8일 08시,수요일,충청남도 청양군 청양읍,경상사고,0,0,1,0,차대차 - 측면직각충돌,신호위반,건조,맑음,교차로 - 교차로안,건설기계,남,43세,상해없음,승용,남,44세,경상