사고번호,사고일시,요일,시군구,사고내용,사망자수,중상자수,경상자수,부상신고자수,사고유형,법규위반,노면상태,기상상태,도로형태,가해운전자 차종,가해운전자 성별,가해운전자 연령,가해운전자 상해정도,피해운전자 차종,피해운전자 성별,피해운전자 연령,피해운전자 상해정도
2012020800100188,2012년 2월 8일 11시,수요일,충청남도 당진시 읍내리,중상사고,0,1,0,0,차대사람 - 횡단중,안전운전불이행,습기,눈,교차로 - 교차로안,승용,남,52세,상해없음,보행자,여,51세,중상
2012020800100239,2012년 2월 8일 13시,수요일,충청남도 홍성군 홍성읍,중상사고,0,1,0,0,차대차 - 측면직각충돌,중앙선침범,습기,흐림,단일로 - 기타,화물,남,56세,상해없음,승용,남,28세,중상
2012020800100240,2012년 2월 8일 13시,수요일,충청남도 서천군 서천읍,경상사고,0,0,3,0,차대차 - 기타,중앙선침범,습기,눈,단일로 - 기타,승용,남,40세,경상,화물,남,59세,경상
2012020800100241,2012년 2월 8일 13시,수요일,충청남도 보령시 주산면,경상사고,0,0,2,0,차대차 - 측면직각충돌,안전운전불이행,적설,눈,단일로 - 기타,승합,남,46세,상해없음,승용,남,42세,경상
2012020800100297,2012년 2월 8일 15시,수요일,충청남도 공주시 의당면,중상사고,0,1,0,0,차대차 - 기타,중앙선침범,건조,맑음,교차로 - 교차로부근,승용,남,51세,상해없음,승용,남,59세,상해없음
2012020800100413,2012년 2월 8일 18시,수요일,충청남도 서산시 석림동,중상사고,0,2,2,0,차대차 - 추돌 - 주정차중,안전운전불이행,결빙,눈,교차로 - 교차로부근,승용,남,35세,상해없음,승용,남,24세,중상
2012020800100414,2012년 2월 8일 18시,수요일,충청남도 공주시 의당면,중상사고,0,2,0,0,차대차 - 기타,안전운전불이행,습기,흐림,단일로 - 기타,승용,남,40세,중상,화물,남,49세,중상
2012020800100462,2012년 2월 8일 19시,수요일,충청남도 부여군 부여읍,중상사고,0,1,0,0,차대사람 - 기타,안전운전불이행,건조,맑음,교차로 - 교차로안,승용,남,38세,상해없음,보행자,여,44세,중상
2012020800100508,2012년 2월 8일 20시,수요일,충청남도 천안시 동남구 용곡동,경상사고,0,0,1,0,차대차 - 기타,안전운전불이행,건조,맑음,교차로 - 교차로안,화물,남,41세,상해없음,승용,남,50세,경상
2012020800100540,2012년 2월 8일 21시,수요일,충청남도 아산시 배방읍,중상사고,0,1,2,0,차대차 - 정면충돌,중앙선침범,건조,맑음,단일로 - 기타,이륜,남,31세,상해없음,승용,남,35세,중상
2012020800100577,2012년 2월 8일 22시,수요일,충청남도 보령시 신흑동,경상사고,0,0,3,0,차대차 - 정면충돌,중앙선침범,결빙,눈,단일로 - 기타,승용,남,35세,상해없음,승합,남,35세,경상
2012020800100613,2012년 2월 8일 23시,수요일,충청남도 천안시 서북구 두정동,경상사고,0,0,1,0,차대사람 - 기타,안전운전불이행,습기,눈,교차로 - 교차로부근,화물,남,37세,상해없음,보행자,남,51세,경상
2012020900100017,2012년 2월 9일 00시,목요일,충청남도 서산시 인지면,중상사고,0,1,0,0,차량단독 - 기타,안전운전불이행,적설,눈,교차로 - 교차로부근,승용,남,41세,중상,,,,
2012020900100038,2012년 2월 9일 01시,목요일,충청남도 천안시 서북구 성정동,경상사고,0,0,7,0,차대차 - 기타,안전운전불이행,결빙,눈,단일로 - 기타,승용,남,24세,상해없음,승용,남,44세,경상
2012020900100059,2012년 2월 9일 02시,목요일,충청남도 연기군 전동면,경상사고,0,0,1,0,차량단독 - 공작물충돌,안전운전불이행,적설,눈,단일로 - 기타,승용,여,31세,경상,,,,
2012020900100106,2012년 2월 9일 06시,목요일,충청남도 보령시 웅천읍,중상사고,0,1,0,0,차대사람 - 차도통행중,안전운전불이행,적설,눈,단일로 - 교량,승합,남,50세,상해없음,보행자,남,81세,중상
2012020900100107,2012년 2월 9일 06시,목요일,충청남도 천안시 동남구 신부동,중상사고,0,1,0,0,차대차 - 기타,안전운전불이행,습기,비,단일로 - 기타,화물,남,35세,상해없음,승용,남,46세,상해없음
2012020900100155,2012년 2월 9일 08시,목요일,충청남도 논산시 연무읍,중상사고,0,1,0,0,차대차 - 측면직각충돌,안전운전불이행,결빙,맑음,단일로 - 기타,승합,남,54세,상해없음,승용,남,40세,중상
2012020900100193,2012년 2월 9일 09시,목요일,충청남도 아산시 인주면,중상사고,0,3,1,0,차대차 - 정면충돌,중앙선침범,결빙,맑음,교차로 - 교차로부근,승용,여,31세,상해없음,화물,남,53세,중상
2012020900100194,2012년 2월 9일 09시,목요일,충청남도 천안시 동남구 신부동,경상사고,0,0,2,0,차대차 - 측면직각충돌,안전운전불이행,적설,맑음,단일로 - 기타,기타불명,기타불명,기타불명,기타불명,승용,남,34세,경상
2012020900100248,2012년 2월 9일 11시,목요일,충청남도 서산시 잠홍동,중상사고,0,1,0,0,차대차 - 추돌 - 진행중,안전운전불이행,건조,맑음,교차로 - 교차로부근,승용,남,33세,상해없음,승용,남,41세,중상
2012020900100249,2012년 2월 9일 11시,목요일,충청남도 당진시 순성면,사망사고,1,0,0,0,차대차 - 기타,안전운전불이행,건조,맑음,단일로 - 기타,화물,남,23세,상해없음,자전거,남,90세,사망
2012020900100283,2012년 2월 9일 12시,목요일,충청남도 서산시 동문동,경상사고,0,0,1,0,차대차 - 측면직각충돌,안전운전불이행,건조,맑음,교차로 - 교차로안,승용,남,28세,상해없음,원동기,남,19세,경상
2012020900100284,2012년 2월 9일 12시,목요일,충청남도 아산시 온천동,경상사고,0,0,1,0,차대사람 - 횡단중,보행자보호의무위반,건조,맑음,기타 - 기타,화물,남,55세,상해없음,보행자,남,58세,경상
2012020900100313,2012년 2월 9일 13시,목요일,충청남도 서산시 음암면,중상사고,0,1,1,0,차대차 - 측면직각충돌,직진우회전진행방해,건조,맑음,교차로 - 교차로안,승용,여,51세,상해없음,승용,남,43세,중상
2012020900100314,2012년 2월 9일 13시,목요일,충청남도 아산시 인주면,경상사고,0,0,1,0,차대차 - 정면충돌,안전운전불이행,건조,맑음,기타 - 기타,승합,남,52세,상해없음,화물,남,55세,경상
2012020900100315,2012년 2월 9일 13시,목요일,충청남도 예산군 오가면,경상사고,0,0,1,0,차대차 - 정면충돌,안전운전불이행,건조,맑음,단일로 - 기타,승용,남,51세,상해없음,화물,남,46세,경상
2012020900100345,2012년 2월 9일 14시,목요일,충청남도 서산시 읍내동,경상사고,0,0,3,0,차대차 - 측면직각충돌,교차로운행방법위반,건조,맑음,교차로 - 교차로안,승용,여,31세,상해없음,승용,남,33세,경상
2012020900100372,2012년 2월 9일 15시,목요일,충청남도 천안시 서북구 입장면,경상사고,0,0,2,0,차대차 - 추돌 - 주정차중,안전운전불이행,습기,맑음,단일로 - 기타,승용,남,48세,상해없음,승용,여,23세,경상
2012020900100399,2012년 2월 9일 16시,목요일,충청남도 당진시 합덕읍,중상사고,0,2,2,0,차대차 - 기타,교차로운행방법위반,건조,맑음,교차로 - 교차로안,승용,남,58세,상해없음,승용,남,58세,경상
2012020900100512,2012년 2월 9일 19시,목요일,충청남도 천안시 서북구 두정동,중상사고,0,1,0,0,차대차 - 기타,중앙선침범,건조,맑음,기타 - 기타,승용,남,29세,상해없음,승용,남,31세,중상
2012020900100538,2012년 2월 9일 20시,목요일,충청남도 천안시 서북구 백석동,중상사고,0,1,0,0,차대차 - 추돌 - 진행중,안전운전불이행,건조,맑음,기타 - 기타,승용,남,30세,상해없음,승용,여,48세,중상
2012020900100539,2012년 2월 9일 20시,목요일,충청남도 예산군 예산읍,중상사고,0,1,0,0,차대사람 - 기타,안전운전불이행,건조,맑음,교차로 - 교차로부근,승용,남,52세,상해없음,보행자,남,65세,중상
2012020900100577,2012년 2월 9일 21시,목요일,충청남도 예산군 응봉면,경상사고,0,0,1,0,차대차 - 추돌 - 진행중,안전거리미확보,건조,맑음,교차로 - 교차로부근,승용,남,47세,상해없음,승합,남,40세,경상
2012020900100578,2012년 2월 9일 21시,목요일,충청남도 천안시 동남구 청당동,중상사고,0,3,0,0,차대차 - 정면충돌,중앙선침범,건조,맑음,단일로 - 기타,승용,남,39세,상해없음,승용,남,31세,중상
2012020900100579,2012년 2월 9일 21시,목요일,충청남도 천안시 동남구 신부동,중상사고,0,1,0,0,차대사람 - 기타,안전운전불이행,건조,맑음,단일로 - 기타,승용,남,65세,상해없음,보행자,남,50세,중상
2012020900100623,2012년 2월 9일 22시,목요일,충청남도 공주시 금학동,경상사고,0,0,3,0,차대차 - 기타,중앙선침범,건조,맑음,단일로 - 기타,승용,여,37세,상해없음,승용,여,33세,경상
2012020900100656,2012년 2월 9일 23시,목요일,충청남도 보령시 성주면,경상사고,0,0,1,0,차량단독 - 공작물충돌,안전운전불이행,건조,맑음,단일로 - 기타,승용,남,52세,경상,,,,
2012020900100657,2012년 2월 9일 23시,목요일,충청남도 천안시 동남구 원성동,경상사고,0,0,1,0,차대차 - 측면직각충돌,신호위반,건조,맑음,교차로 - 교차로안,특수,남,41세,상해없음,승용,남,32세,경상
2012020900100658,2012년 2월 9일 23시,목요일,충청남도 천안시 동남구 구성동,중상사고,0,1,0,0,차대차 - 측면직각충돌,안전운전불이행,건조,맑음,단일로 - 기타,승용,여,39세,상해없음,원동기,남,22세,중상
2012021000100098,2012년 2월 10일 06시,금요일,충청남도 연기군 조치원읍,경상사고,0,0,1,0,차대차 - 측면직각충돌,신호위반,건조,맑음,교차로 - 교차로안,건설기계,남,49세,상해없음,화물,남,61세,경상
2012021000100120,2012년 2월 10일 07시,금요일,충청남도 서산시 운산면,중상사고,0,1,1,0,차대차 - 측면직각충돌,직진우회전진행방해,습기,맑음,교차로 - 교차로안,건설기계,남,36세,경상,승용,남,34세,중상
2012021000100155,2012년 2월 10일 08시,금요일,충청남도 당진시 원당리,경상사고,0,0,1,0,차대사람 - 횡단중,보행자보호의무위반,건조,맑음,교차로 - 교차로안,승용,여,46세,상해없음,보행자,여,9세,경상
2012021000100188,2012년 2월 10일 09시,금요일,충청남도 서산시 팔봉면,중상사고,0,2,0,0,차량단독 - 공작물충돌,안전운전불이행,건조,맑음,단일로 - 기타,화물,남,59세,중상,,,,
2012021000100189,2012년 2월 10일 09시,금요일,충청남도 공주시 장기면,중상사고,0,1,0,0,차대차 - 추돌 - 주정차중,안전운전불이행,결빙,맑음,교차로 - 교차로부근,승용,남,35세,기타불명,승용,남,37세,중상
2012021000100212,2012년 2월 10일 10시,금요일,충청남도 천안시 서북구 두정동,부상신고사고,0,0,0,1,차대차 - 기타,안전운전불이행,건조,맑음,단일로 - 기타,승용,남,25세,상해없음,승용,여,42세,부상신고
2012021000100291,2012년 2월 10일 13시,금요일,충청남도 아산시 배미동,경상사고,0,0,1,0,차대차 - 추돌 - 진행중,안전운전불이행,건조,맑음,단일로 - 기타,승용,남,32세,상해없음,이륜,남,27세,경상
2012021000100292,2012년 2월 10일 13시,금요일,충청남도 당진시 읍내리,중상사고,0,1,0,0,차대사람 - 횡단중,보행자보호의무위반,건조,맑음,단일로 - 기타,승용,여,47세,상해없음,보행자,여,79세,중상
2012021000100362,2012년 2월 10일 15시,금요일,충청남도 서산시 동문동,경상사고,0,0,1,0,차대차 - 측면직각충돌,교차로운행방법위반,건조,맑음,교차로 - 교차로안,기타불명,기타불명,기타불명,기타불명,승용,여,56세,경상
2012021000100363,2012년 2월 10일 15시,금요일,충청남도 공주시 정안면,경상사고,0,0,1,0,차대차 - 추돌 - 주정차중,안전운전불이행,건조,맑음,교차로 - 교차로부근,화물,남,47세,기타불명,승용,남,56세,경상
2012021000100364,2012년 2월 10일 15시,금요일,충청남도 연기군 전동면,경상사고,0,0,1,0,차대차 - 정면충돌,중앙선침범,건조,맑음,단일로 - 기타,화물,남,44세,상해없음,승용,남,26세,경상
2012021000100428,2012년 2월 10일 17시,금요일,충청남도 서산시 해미면,중상사고,0,1,0,0,차대차 - 측면직각충돌,안전운전불이행,건조,맑음,단일로 - 기타,승용,여,31세,상해없음,이륜,남,75세,중상
2012021000100461,2012년 2월 10일 18시,금요일,충청남도 보령시 명천동,사망사고,1,0,0,0,차대사람 - 횡단중,보행자보호의무위반,건조,맑음,단일로 - 횡단보도상,승용,여,49세,상해없음,보행자,여,57세,사망
2012021000100522,2012년 2월 10일 19시,금요일,충청남도 천안시 서북구 백석동,경상사고,0,0,1,0,차대차 - 기타,차로위반,건조,맑음,교차로 - 교차로부근,승용,남,38세,상해없음,원동기,남,43세,경상
2012021000100523,2012년 2월 10일 19시,금요일,충청남도 천안시 서북구 두정동,경상사고,0,0,1,0,차대차 - 기타,안전운전불이행,건조,맑음,교차로 - 교차로부근,승용,여,42세,상해없음,승용,여,38세,경상
2012021000100527,2012년 2월 10일 19시,금요일,충청남도 당진시 신평면,경상사고,0,0,1,0,차대차 - 측면직각충돌,안전거리미확보,건조,맑음,단일로 - 기타,기타불명,기타불명,기타불명,기타불명,승용,남,41세,경상
2012021000100571,2012년 2월 10일 20시,금요일,충청남도 홍성군 홍성읍,경상사고,0,0,1,0,차대차 - 기타,교차로운행방법위반,건조,맑음,교차로 - 교차로부근,승합,남,34세,상해없음,이륜,남,60세,경상
2012021000100572,2012년 2월 10일 20시,금요일,충청남도 당진시 우강면,중상사고,0,1,0,0,차대사람 - 보도통행중,중앙선침범,건조,맑음,교차로 - 교차로부근,승용,남,40세,상해없음,보행자,남,37세,중상
2012021000100573,2012년 2월 10일 20시,금요일,충청남도 천안시 동남구 목천읍,중상사고,0,1,0,0,차대사람 - 횡단중,신호위반,건조,맑음,교차로 - 교차로안,승용,남,27세,상해없음,보행자,남,67세,중상
2012021000100648,2012년 2월 10일 22시,금요일,충청남도 천안시 서북구 불당동,중상사고,0,1,0,0,차대사람 - 보도통행중,신호위반,건조,맑음,교차로 - 교차로부근,승용,남,37세,상해없음,보행자,남,22세,중상
2012021100100157,2012년 2월 11일 07시,토요일,충청남도 서천군 장항읍,중상사고,0,1,0,0,차대차 - 기타,안전운전불이행,건조,맑음,교차로 - 교차로안,화물,남,50세,중상,특수,남,78세,상해없음
2012021100100210,2012년 2월 11일 09시,토요일,충청남도 공주시 반포면,경상사고,0,0,1,0,차량단독 - 기타,안전운전불이행,건조,맑음,단일로 - 기타,승합,남,45세,상해없음,,,,
2012021100100260,2012년 2월 11일 11시,토요일,충청남도 연기군 조치원읍,경상사고,0,0,1,0,차대차 - 정면충돌,신호위반,건조,맑음,교차로 - 교차로안,승용,남,41세,상해없음,화물,남,49세,경상
2012021100100293,2012년 2월 11일 12시,토요일,충청남도 천안시 동남구 원성동,중상사고,0,1,0,0,차대사람 - 횡단중,안전운전불이행,건조,맑음,단일로 - 기타,승용,남,38세,상해없음,보행자,남,79세,중상
2012021100100327,2012년 2월 11일 13시,토요일,충청남도 태안군 이원면,중상사고,0,1,0,0,차대사람 - 기타,안전운전불이행,건조,맑음,단일로 - 기타,원동기,여,62세,상해없음,보행자,여,73세,중상
2012021100100328,2012년 2월 11일 13시,토요일,충청남도 연기군 남면,중상사고,0,1,2,0,차대차 - 추돌 - 주정차중,안전운전불이행,건조,맑음,교차로 - 교차로부근,승용,남,22세,상해없음,화물,남,62세,경상
2012021100100376,2012년 2월 11일 15시,토요일,충청남도 서산시 동문동,중상사고,0,2,0,0,차대차 - 기타,안전운전불이행,건조,맑음,교차로 - 교차로안,승용,남,55세,상해없음,승용,남,57세,상해없음
2012021100100377,2012년 2월 11일 15시,토요일,충청남도 천안시 서북구 불당동,중상사고,0,1,1,0,차대차 - 측면직각충돌,교차로운행방법위반,건조,맑음,교차로 - 교차로안,화물,남,33세,상해없음,화물,남,53세,경상
2012021100100456,2012년 2월 11일 17시,토요일,충청남도 보령시 명천동,경상사고,0,0,1,0,차대사람 - 횡단중,안전운전불이행,건조,맑음,단일로 - 기타,승용,남,65세,상해없음,보행자,남,9세,경상
2012021100100490,2012년 2월 11일 18시,토요일,충청남도 천안시 동남구 신부동,중상사고,0,2,0,0,차대차 - 기타,안전운전불이행,건조,맑음,단일로 - 기타,승용,남,41세,상해없음,승용,남,53세,중상
2012021100100528,2012년 2월 11일 19시,토요일,충청남도 천안시 동남구 목천읍,중상사고,0,1,0,0,차량단독 - 공작물충돌,안전운전불이행,건조,맑음,단일로 - 기타,화물,남,25세,상해없음,,,,
2012021100100529,2012년 2월 11일 19시,토요일,충청남도 천안시 동남구 신부동,경상사고,0,0,1,0,차대사람 - 횡단중,안전운전불이행,건조,맑음,단일로 - 기타,승용,남,58세,상해없음,보행자,남,46세,경상
2012021100100563,2012년 2월 11일 20시,토요일,충청남도 서산시 잠홍동,중상사고,0,1,5,0,차대차 - 추돌 - 주정차중,안전운전불이행,건조,맑음,교차로 - 교차로부근,승용,남,45세,상해없음,승용,남,42세,중상
2012021100100589,2012년 2월 11일 21시,토요일,충청남도 보령시 명천동,경상사고,0,0,1,0,차대차 - 측면직각충돌,직진우회전진행방해,건조,맑음,교차로 - 교차로안,승용,남,47세,상해없음,원동기,남,30세,경상
2012021100100593,2012년 2월 11일 21시,토요일,충청남도 보령시 남포면,사망사고,1,2,0,0,차량단독 - 전도전복,안전운전불이행,건조,맑음,단일로 - 기타,승용,남,62세,사망,,,,
2012021200100059,2012년 2월 12일 01시,일요일,충청남도 천안시 서북구 성정동,중상사고,0,1,0,0,차대사람 - 횡단중,안전운전불이행,건조,맑음,단일로 - 기타,승용,남,49세,상해없음,보행자,남,44세,중상
2012021200100060,2012년 2월 12일 01시,일요일,충청남도 예산군 신양면,중상사고,0,2,0,0,차량단독 - 도로외이탈 - 추락,안전운전불이행,건조,맑음,단일로 - 기타,화물,남,25세,중상,,,,
2012021200100061,2012년 2월 12일 01시,일요일,충청남도 천안시 동남구 목천읍,중상사고,0,1,2,0,차대차 - 측면직각충돌,교차로운행방법위반,건조,맑음,교차로 - 교차로안,승합,남,30세,경상,승용,남,38세,중상
2012021200100162,2012년 2월 12일 06시,일요일,충청남도 천안시 서북구 성정동,중상사고,0,1,0,0,차대사람 - 횡단중,보행자보호의무위반,건조,맑음,교차로 - 교차로안,승용,남,23세,상해없음,보행자,남,49세,중상
2012021200100192,2012년 2월 12일 08시,일요일,충청남도 천안시 서북구 백석동,중상사고,0,1,0,0,차대차 - 측면직각충돌,신호위반,건조,맑음,교차로 - 교차로안,승용,여,27세,상해없음,이륜,남,52세,중상
2012021200100290,2012년 2월 12일 13시,일요일,충청남도 홍성군 홍동면,경상사고,0,0,2,0,차대차 - 기타,안전운전불이행,건조,맑음,단일로 - 기타,화물,남,54세,상해없음,화물,남,30세,경상
2012021200100291,2012년 2월 12일 13시,일요일,충청남도 보령시 미산면,경상사고,0,0,1,0,차대차 - 측면직각충돌,직진우회전진행방해,건조,맑음,교차로 - 교차로안,승용,남,28세,상해없음,화물,남,69세,상해없음
2012021200100348,2012년 2월 12일 16시,일요일,충청남도 계룡시 엄사면,경상사고,0,0,2,0,차대차 - 측면직각충돌,신호위반,건조,맑음,교차로 - 교차로안,승용,남,55세,상해없음,승용,여,46세,경상
2012021200100375,2012년 2월 12일 17시,일요일,충청남도 태안군 이원면,경상사고,0,0,1,0,차대차 - 정면충돌,중앙선침범,건조,맑음,단일로 - 기타,이륜,남,23세,상해없음,농기계,남,76세,경상
2012021200100403,2012년 2월 12일 18시,일요일,충청남도 서천군 마서면,경상사고,0,0,7,0,차대차 - 기타,안전운전불이행,건조,맑음,기타 - 기타,승용,남,37세,경상,승용,남,66세,경상
2012021200100477,2012년 2월 12일 20시,일요일,충청남도 논산시 취암동,중상사고,0,4,4,0,차대차 - 측면직각충돌,직진우회전진행방해,건조,맑음,교차로 - 교차로안,승용,남,62세,상해없음,승용,여,40세,경상
2012021200100517,2012년 2월 12일 22시,일요일,충청남도 서산시 음암면,사망사고,1,4,0,0,차량단독 - 공작물충돌,안전운전불이행,건조,맑음,교차로 - 교차로부근,승용,남,33세,중상,,,,
2012021300100009,2012년 2월 13일 00시,월요일,충청남도 천안시 서북구 성환읍,사망사고,1,1,0,0,차대차 - 기타,안전운전불이행,건조,맑음,교차로 - 교차로부근,승용,남,28세,사망,승용,남,67세,기타불명
2012021300100019,2012년 2월 13일 01시,월요일,충청남도 천안시 동남구 동면,사망사고,1,0,1,1,차대차 - 정면충돌,중앙선침범,건조,맑음,단일로 - 기타,승용,남,23세,부상신고,승용,남,21세,경상
2012021300100100,2012년 2월 13일 08시,월요일,충청남도 홍성군 구항면,중상사고,0,2,0,0,차대차 - 측면직각충돌,교차로운행방법위반,건조,흐림,교차로 - 교차로안,승용,여,37세,상해없음,승용,남,27세,중상
2012021300100163,2012년 2월 13일 11시,월요일,충청남도 연기군 금남면,경상사고,0,0,3,0,차대차 - 측면직각충돌,신호위반,건조,맑음,교차로 - 교차로안,승용,여,77세,경상,승용,남,57세,경상
2012021300100238,2012년 2월 13일 14시,월요일,충청남도 천안시 동남구 안서동,경상사고,0,0,6,0,차대차 - 추돌 - 진행중,안전운전불이행,건조,맑음,단일로 - 기타,화물,남,46세,상해없음,승합,남,55세,경상
2012021300100274,2012년 2월 13일 15시,월요일,충청남도 천안시 서북구 쌍용동,경상사고,0,0,1,0,차대사람 - 기타,안전운전불이행,건조,맑음,기타 - 기타,승용,남,25세,상해없음,보행자,남,12세,경상
2012021300100275,2012년 2월 13일 15시,월요일,충청남도 부여군 부여읍,경상사고,0,0,1,0,차대차 - 추돌 - 진행중,안전운전불이행,건조,맑음,교차로 - 교차로부근,화물,남,44세,상해없음,원동기,여,49세,경상
2012021300100276,2012년 2월 13일 15시,월요일,충청남도 금산군 추부면,경상사고,0,0,1,0,차대차 - 측면직각충돌,안전운전불이행,건조,맑음,단일로 - 기타,승용,여,46세,상해없음,승용,여,53세,경상
2012021300100298,2012년 2월 13일 16시,월요일,충청남도 예산군 봉산면,중상사고,0,2,3,0,차대차 - 측면직각충돌,신호위반,건조,맑음,교차로 - 교차로안,승용,남,70세,상해없음,승용,남,61세,중상
2012021300100322,2012년 2월 13일 17시,월요일,충청남도 아산시 탕정면,중상사고,0,1,1,0,차대차 - 측면직각충돌,중앙선침범,건조,맑음,단일로 - 기타,화물,남,45세,상해없음,승용,남,52세,중상
2012021300100323,2012년 2월 13일 17시,월요일,충청남도 천안시 동남구 수신면,경상사고,0,0,1,0,차대차 - 측면직각충돌,교차로운행방법위반,건조,맑음,교차로 - 교차로안,이륜,남,56세,경상,화물,남,50세,상해없음
2012021300100354,2012년 2월 13일 18시,월요일,충청남도 아산시 음봉면,사망사고,1,0,0,0,차대사람 - 횡단중,신호위반,건조,맑음,교차로 - 교차로안,화물,남,47세,상해없음,보행자,여,65세,사망
2012021300100355,2012년 2월 13일 18시,월요일,충청남도 아산시 법곡동,중상사고,0,1,0,0,차대사람 - 횡단중,보행자보호의무위반,건조,맑음,단일로 - 횡단보도상,승용,남,52세,상해없음,보행자,남,42세,중상
2012021300100356,2012년 2월 13일 18시,월요일,충청남도 청양군 정산면,중상사고,0,1,0,0,차대차 - 측면직각충돌,중앙선침범,건조,맑음,단일로 - 기타,승용,여,51세,상해없음,승용,남,65세,중상
2012021300100397,2012년 2월 13일 19시,월요일,충청남도 천안시 서북구 성거읍,경상사고,0,0,1,0,차대사람 - 보도통행중,기타,건조,맑음,단일로 - 기타,원동기,남,16세,상해없음,보행자,남,35세,경상
2012021300100434,2012년 2월 13일 20시,월요일,충청남도 서천군 장항읍,경상사고,0,0,1,0,차량단독 - 도로외이탈 - 추락,안전운전불이행,건조,맑음,교차로 - 교차로안,승용,남,56세,경상,,,,
2012021300100435,2012년 2월 13일 20시,월요일,충청남도 천안시 동남구 사직동,경상사고,0,0,1,0,차대차 - 정면충돌,안전운전불이행,건조,맑음,기타 - 기타,이륜,남,49세,경상,승용,남,36세,상해없음
2012021300100459,2012년 2월 13일 21시,월요일,충청남도 천안시 서북구 성정동,경상사고,0,0,1,0,차대차 - 기타,교차로운행방법위반,건조,맑음,교차로 - 교차로안,승용,남,33세,상해없음,원동기,남,24세,경상
2012021300100460,2012년 2월 13일 21시,월요일,충청남도 천안시 서북구 성환읍,경상사고,0,0,3,0,차대차 - 추돌 - 주정차중,안전운전불이행,건조,맑음,교차로 - 교차로부근,승용,남,54세,상해없음,승용,남,31세,경상
2012021300100461,2012년 2월 13일 21시,월요일,충청남도 연기군 금남면,중상사고,0,1,1,0,차대사람 - 길가장자리구역통행중,안전운전불이행,건조,맑음,단일로 - 기타,승용,남,45세,상해없음,보행자,남,57세,중상
2012021300100462,2012년 2월 13일 21시,월요일,충청남도 예산군 예산읍,경상사고,0,0,1,0,차대사람 - 횡단중,보행자보호의무위반,건조,맑음,교차로 - 교차로부근,승용,여,41세,상해없음,보행자,남,31세,경상
2012021400100016,2012년 2월 14일 00시,화요일,충청남도 천안시 서북구 쌍용동,경상사고,0,0,1,0,차대차 - 정면충돌,신호위반,건조,맑음,단일로 - 기타,기타불명,기타불명,기타불명,기타불명,승용,남,55세,경상
2012021400100068,2012년 2월 14일 04시,화요일,충청남도 천안시 서북구 쌍용동,중상사고,0,1,0,0,차대차 - 측면직각충돌,신호위반,건조,맑음,교차로 - 교차로안,승용,여,38세,상해없음,승용,남,27세,중상
2012021400100115,2012년 2월 14일 07시,화요일,충청남도 아산시 온천동,경상사고,0,0,1,0,차대차 - 추돌 - 주정차중,안전운전불이행,건조,맑음,단일로 - 기타,승용,남,38세,상해없음,승용,남,27세,경상
2012021400100232,2012년 2월 14일 11시,화요일,충청남도 논산시 취암동,중상사고,0,1,0,0,차대사람 - 횡단중,보행자보호의무위반,건조,맑음,단일로 - 횡단보도상,승용,남,80세,상해없음,보행자,여,74세,중상
2012021400100233,2012년 2월 14일 11시,화요일,충청남도 연기군 조치원읍,경상사고,0,0,2,1,차대차 - 측면직각충돌,차로위반,건조,맑음,교차로 - 교차로부근,화물,남,61세,부상신고,승용,여,32세,경상
2012021400100265,2012년 2월 14일 12시,화요일,충청남도 천안시 동남구 원성동,경상사고,0,0,1,0,차대차 - 추돌 - 진행중,차로위반,건조,맑음,단일로 - 기타,승용,남,28세,상해없음,원동기,남,34세,경상
2012021400100289,2012년 2월 14일 13시,화요일,충청남도 천안시 동남구 신방동,중상사고,0,1,0,0,차대차 - 측면직각충돌,교차로운행방법위반,건조,맑음,교차로 - 교차로안,원동기,남,50세,중상,승용,남,57세,상해없음
2012021400100290,2012년 2월 14일 13시,화요일,충청남도 천안시 동남구 청당동,중상사고,0,1,0,0,차대차 - 측면직각충돌,신호위반,건조,맑음,교차로 - 교차로안,승용,남,47세,상해없음,승용,여,28세,중상
2012021400100315,2012년 2월 14일 14시,화요일,충청남도 천안시 서북구 성성동,중상사고,0,1,0,0,차대차 - 추돌 - 진행중,안전운전불이행,건조,맑음,기타 - 기타,화물,남,40세,중상,화물,남,55세,상해없음
2012021400100316,2012년 2월 14일 14시,화요일,충청남도 공주시 소학동,중상사고,0,1,1,0,차대차 - 정면충돌,중앙선침범,건조,맑음,단일로 - 기타,이륜,남,26세,상해없음,화물,남,22세,경상
2012021400100343,2012년 2월 14일 15시,화요일,충청남도 서산시 대산읍,중상사고,0,1,0,0,차대사람 - 횡단중,신호위반,건조,맑음,단일로 - 횡단보도상,건설기계,남,42세,상해없음,보행자,남,14세,중상
2012021400100344,2012년 2월 14일 15시,화요일,충청남도 논산시 부적면,중상사고,0,1,0,0,차대차 - 측면직각충돌,교차로운행방법위반,건조,맑음,교차로 - 교차로안,화물,남,50세,상해없음,이륜,남,73세,중상
2012021400100345,2012년 2월 14일 15시,화요일,충청남도 논산시 양촌면,중상사고,0,2,2,0,차대차 - 측면직각충돌,교차로운행방법위반,건조,맑음,교차로 - 교차로안,화물,남,64세,경상,화물,남,40세,경상
2012021400100346,2012년 2월 14일 15시,화요일,충청남도 천안시 동남구 병천면,경상사고,0,0,2,0,차대차 - 측면직각충돌,차로위반,건조,맑음,단일로 - 기타,승용,여,46세,경상,승용,여,58세,경상
2012021400100374,2012년 2월 14일 16시,화요일,충청남도 홍성군 홍성읍,경상사고,0,0,1,0,차대사람 - 횡단중,안전운전불이행,건조,맑음,단일로 - 기타,승용,여,45세,상해없음,보행자,여,10세,경상