사고번호,사고일시,요일,시군구,사고내용,사망자수,중상자수,경상자수,부상신고자수,사고유형,법규위반,노면상태,기상상태,도로형태,가해운전자 차종,가해운전자 성별,가해운전자 연령,가해운전자 상해정도,피해운전자 차종,피해운전자 성별,피해운전자 연령,피해운전자 상해정도
2012021400100375,2012년 2월 14일 16시,화요일,충청남도 천안시 동남구 신방동,경상사고,0,0,1,0,차대차 - 측면직각충돌,안전운전불이행,건조,맑음,교차로 - 교차로부근,승용,남,29세,상해없음,원동기,남,39세,경상
2012021400100409,2012년 2월 14일 17시,화요일,충청남도 논산시 연무읍,중상사고,0,1,0,0,차대차 - 측면직각충돌,안전운전불이행,건조,맑음,교차로 - 교차로부근,화물,남,52세,상해없음,원동기,남,76세,중상
2012021400100410,2012년 2월 14일 17시,화요일,충청남도 예산군 예산읍,중상사고,0,1,0,0,차대차 - 측면직각충돌,신호위반,건조,맑음,교차로 - 교차로안,화물,남,39세,상해없음,농기계,남,62세,중상
2012021400100442,2012년 2월 14일 18시,화요일,충청남도 논산시 강산동,경상사고,0,0,4,0,차대차 - 추돌 - 주정차중,안전운전불이행,건조,맑음,단일로 - 기타,승용,여,38세,경상,승용,여,35세,경상
2012021400100443,2012년 2월 14일 18시,화요일,충청남도 연기군 조치원읍,중상사고,0,1,0,0,차대사람 - 횡단중,신호위반,건조,맑음,단일로 - 횡단보도상,승용,남,30세,상해없음,보행자,여,21세,중상
2012021500100020,2012년 2월 15일 00시,수요일,충청남도 아산시 배방읍,경상사고,0,0,3,0,차대차 - 기타,중앙선침범,건조,맑음,기타 - 기타,승용,남,30세,기타불명,승용,남,50세,경상
2012021500100115,2012년 2월 15일 08시,수요일,충청남도 서산시 석남동,중상사고,0,1,0,0,차대차 - 측면직각충돌,직진우회전진행방해,건조,맑음,교차로 - 교차로안,승용,여,35세,상해없음,승합,남,53세,중상
2012021500100206,2012년 2월 15일 12시,수요일,충청남도 서천군 서천읍,사망사고,2,0,0,0,차대차 - 기타,중앙선침범,건조,맑음,단일로 - 기타,이륜,남,67세,사망,화물,남,27세,상해없음
2012021500100207,2012년 2월 15일 12시,수요일,충청남도 예산군 신암면,경상사고,0,0,1,0,차대차 - 기타,중앙선침범,건조,맑음,단일로 - 기타,화물,남,43세,경상,화물,남,55세,상해없음
2012021500100224,2012년 2월 15일 13시,수요일,충청남도 당진시 채운동,중상사고,0,1,0,0,차대차 - 정면충돌,중앙선침범,건조,맑음,단일로 - 기타,화물,남,57세,상해없음,승용,여,57세,중상
2012021500100239,2012년 2월 15일 14시,수요일,충청남도 부여군 부여읍,중상사고,0,3,0,0,차대차 - 측면직각충돌,안전운전불이행,건조,맑음,교차로 - 교차로안,승용,남,43세,상해없음,승합,남,35세,중상
2012021500100262,2012년 2월 15일 15시,수요일,충청남도 서천군 장항읍,중상사고,0,1,0,0,차대차 - 기타,직진우회전진행방해,건조,맑음,교차로 - 교차로안,이륜,남,75세,중상,승용,남,65세,상해없음
2012021500100280,2012년 2월 15일 16시,수요일,충청남도 서산시 운산면,경상사고,0,0,1,0,차대사람 - 기타,안전운전불이행,건조,맑음,기타 - 기타,화물,남,48세,상해없음,보행자,남,73세,경상
2012021500100281,2012년 2월 15일 16시,수요일,충청남도 연기군 조치원읍,중상사고,0,1,0,0,차대차 - 측면직각충돌,차로위반,건조,맑음,단일로 - 기타,승용,남,70세,상해없음,승용,여,39세,중상
2012021500100303,2012년 2월 15일 17시,수요일,충청남도 천안시 서북구 쌍용동,중상사고,0,1,0,0,차대사람 - 기타,안전운전불이행,건조,맑음,단일로 - 횡단보도부근,승용,여,54세,상해없음,보행자,여,71세,중상
2012021500100304,2012년 2월 15일 17시,수요일,충청남도 금산군 추부면,중상사고,0,1,1,0,차대차 - 추돌 - 진행중,안전거리미확보,건조,맑음,단일로 - 터널,승용,남,34세,상해없음,승용,남,38세,경상
2012021500100340,2012년 2월 15일 18시,수요일,충청남도 서산시 부석면,중상사고,0,1,0,0,차량단독 - 공작물충돌,안전운전불이행,건조,맑음,기타 - 기타,승용,남,43세,중상,,,,
2012021500100381,2012년 2월 15일 19시,수요일,충청남도 보령시 동대동,중상사고,0,1,0,0,차대사람 - 횡단중,안전운전불이행,건조,맑음,교차로 - 교차로안,승용,여,24세,상해없음,보행자,남,54세,중상
2012021500100382,2012년 2월 15일 19시,수요일,충청남도 당진시 송악읍,경상사고,0,0,2,0,차대사람 - 차도통행중,안전운전불이행,건조,맑음,단일로 - 기타,승용,남,36세,상해없음,보행자,남,23세,경상
2012021600100018,2012년 2월 16일 01시,목요일,충청남도 서산시 지곡면,중상사고,0,2,0,0,차량단독 - 공작물충돌,안전운전불이행,건조,맑음,기타 - 기타,승용,남,26세,중상,,,,
2012021600100019,2012년 2월 16일 01시,목요일,충청남도 공주시 신관동,경상사고,0,0,1,0,차대차 - 추돌 - 진행중,안전거리미확보,건조,맑음,단일로 - 기타,승용,남,44세,상해없음,이륜,남,16세,경상
2012021600100029,2012년 2월 16일 02시,목요일,충청남도 천안시 동남구 다가동,중상사고,0,1,0,0,차대차 - 측면직각충돌,교차로운행방법위반,건조,맑음,교차로 - 교차로안,승용,여,24세,기타불명,승용,남,61세,중상
2012021600100089,2012년 2월 16일 07시,목요일,충청남도 천안시 동남구 청수동,경상사고,0,0,1,0,차대차 - 기타,안전운전불이행,건조,맑음,교차로 - 교차로안,승용,남,25세,상해없음,승용,남,31세,경상
2012021600100135,2012년 2월 16일 09시,목요일,충청남도 공주시 신관동,경상사고,0,0,1,0,차대차 - 측면직각충돌,교차로운행방법위반,건조,맑음,단일로 - 교량,화물,기타불명,기타불명,기타불명,이륜,남,76세,경상
2012021600100212,2012년 2월 16일 12시,목요일,충청남도 예산군 봉산면,경상사고,0,0,1,0,차대차 - 측면직각충돌,안전거리미확보,건조,맑음,단일로 - 기타,농기계,남,66세,상해없음,승용,여,48세,경상
2012021600100239,2012년 2월 16일 13시,목요일,충청남도 논산시 취암동,중상사고,0,1,0,0,차대차 - 측면직각충돌,신호위반,건조,맑음,교차로 - 교차로안,승용,남,57세,상해없음,원동기,남,72세,중상
2012021600100306,2012년 2월 16일 16시,목요일,충청남도 당진시 송악읍,경상사고,0,0,2,0,차대차 - 추돌 - 주정차중,안전거리미확보,건조,맑음,교차로 - 교차로부근,화물,남,45세,상해없음,승용,남,33세,경상
2012021600100330,2012년 2월 16일 17시,목요일,충청남도 천안시 서북구 두정동,경상사고,0,0,1,0,차대사람 - 횡단중,보행자보호의무위반,건조,맑음,단일로 - 횡단보도상,기타불명,기타불명,기타불명,기타불명,보행자,여,29세,경상
2012021600100331,2012년 2월 16일 17시,목요일,충청남도 천안시 서북구 쌍용동,중상사고,0,1,0,0,차대사람 - 횡단중,안전운전불이행,건조,맑음,단일로 - 횡단보도상,화물,남,49세,상해없음,보행자,남,7세,중상
2012021600100332,2012년 2월 16일 17시,목요일,충청남도 아산시 배방읍,경상사고,0,0,1,0,차대차 - 추돌 - 주정차중,안전운전불이행,건조,맑음,교차로 - 교차로부근,승용,여,33세,상해없음,승용,여,35세,경상
2012021600100333,2012년 2월 16일 17시,목요일,충청남도 서천군 종천면,경상사고,0,0,1,0,차대차 - 기타,중앙선침범,건조,맑음,단일로 - 기타,이륜,남,41세,경상,승용,남,51세,상해없음
2012021600100403,2012년 2월 16일 19시,목요일,충청남도 논산시 연산면,중상사고,0,1,0,0,차대사람 - 횡단중,안전운전불이행,건조,맑음,단일로 - 횡단보도부근,승용,여,40세,상해없음,보행자,남,66세,중상
2012021600100404,2012년 2월 16일 19시,목요일,충청남도 아산시 둔포면,경상사고,0,0,1,0,차대차 - 추돌 - 주정차중,안전운전불이행,건조,맑음,기타 - 기타,화물,남,52세,상해없음,승합,남,54세,경상
2012021600100443,2012년 2월 16일 20시,목요일,충청남도 천안시 서북구 직산읍,중상사고,0,1,0,0,차량단독 - 공작물충돌,안전운전불이행,건조,맑음,단일로 - 기타,승용,남,35세,상해없음,,,,
2012021600100444,2012년 2월 16일 20시,목요일,충청남도 홍성군 서부면,중상사고,0,1,0,0,차대차 - 기타,중앙선침범,건조,맑음,단일로 - 기타,화물,남,49세,상해없음,승합,여,48세,상해없음
2012021600100484,2012년 2월 16일 21시,목요일,충청남도 연기군 조치원읍,중상사고,0,1,0,0,차대사람 - 횡단중,안전운전불이행,건조,맑음,교차로 - 교차로안,승합,여,45세,상해없음,보행자,여,46세,중상
2012021600100505,2012년 2월 16일 22시,목요일,충청남도 천안시 동남구 원성동,경상사고,0,0,1,0,차대차 - 추돌 - 주정차중,안전거리미확보,건조,맑음,단일로 - 기타,기타불명,기타불명,기타불명,기타불명,승용,여,29세,경상
2012021600100506,2012년 2월 16일 22시,목요일,충청남도 천안시 동남구 원성동,경상사고,0,0,1,0,차대사람 - 길가장자리구역통행중,안전운전불이행,건조,맑음,단일로 - 기타,승용,남,47세,상해없음,보행자,남,17세,경상
2012021700100045,2012년 2월 17일 02시,금요일,충청남도 천안시 동남구 신부동,경상사고,0,0,1,0,차대차 - 추돌 - 진행중,안전운전불이행,건조,맑음,단일로 - 기타,승용,남,23세,상해없음,이륜,남,49세,경상
2012021700100062,2012년 2월 17일 04시,금요일,충청남도 천안시 서북구 두정동,경상사고,0,0,1,0,차대차 - 기타,안전운전불이행,습기,눈,단일로 - 기타,승용,여,33세,상해없음,원동기,남,36세,경상
2012021700100072,2012년 2월 17일 05시,금요일,충청남도 천안시 서북구 성정동,경상사고,0,0,1,0,차대차 - 기타,안전운전불이행,습기,눈,단일로 - 기타,승용,남,26세,상해없음,승합,남,55세,경상
2012021700100088,2012년 2월 17일 06시,금요일,충청남도 공주시 우성면,중상사고,0,1,0,0,차대차 - 기타,안전운전불이행,건조,맑음,단일로 - 기타,건설기계,남,54세,상해없음,승용,여,34세,중상
2012021700100147,2012년 2월 17일 09시,금요일,충청남도 예산군 광시면,사망사고,1,0,0,0,차대차 - 측면직각충돌,직진우회전진행방해,건조,맑음,단일로 - 기타,화물,남,43세,상해없음,원동기,남,76세,사망
2012021700100148,2012년 2월 17일 09시,금요일,충청남도 천안시 동남구 성황동,중상사고,0,1,0,0,차대사람 - 차도통행중,기타,건조,맑음,단일로 - 기타,기타불명,기타불명,기타불명,기타불명,보행자,남,77세,중상
2012021700100174,2012년 2월 17일 10시,금요일,충청남도 천안시 서북구 신당동,중상사고,0,1,1,0,차대차 - 측면직각충돌,안전운전불이행,건조,맑음,교차로 - 교차로부근,화물,여,37세,중상,승용,남,35세,경상
2012021700100175,2012년 2월 17일 10시,금요일,충청남도 공주시 신관동,경상사고,0,0,1,0,차대사람 - 횡단중,안전운전불이행,건조,맑음,단일로 - 횡단보도부근,승용,남,85세,상해없음,보행자,남,11세,경상
2012021700100272,2012년 2월 17일 15시,금요일,충청남도 천안시 서북구 성정동,경상사고,0,0,1,0,차대차 - 추돌 - 진행중,안전운전불이행,건조,맑음,교차로 - 교차로부근,승용,여,39세,상해없음,승용,남,47세,경상
2012021700100273,2012년 2월 17일 15시,금요일,충청남도 논산시 취암동,경상사고,0,0,1,0,차대차 - 측면직각충돌,교차로운행방법위반,건조,맑음,교차로 - 교차로안,이륜,남,57세,상해없음,자전거,남,72세,경상
2012021700100274,2012년 2월 17일 15시,금요일,충청남도 청양군 청양읍,사망사고,1,0,0,0,차대차 - 측면직각충돌,직진우회전진행방해,건조,맑음,교차로 - 교차로안,화물,남,57세,상해없음,원동기,남,40세,사망
2012021700100321,2012년 2월 17일 17시,금요일,충청남도 논산시 취암동,중상사고,0,1,0,0,차대차 - 측면직각충돌,교차로운행방법위반,건조,맑음,교차로 - 교차로안,승용,여,48세,중상,승용,남,52세,상해없음
2012021700100322,2012년 2월 17일 17시,금요일,충청남도 부여군 세도면,경상사고,0,0,2,0,차대차 - 측면직각충돌,교차로운행방법위반,건조,맑음,교차로 - 교차로안,승용,여,62세,상해없음,승용,남,32세,경상
2012021700100347,2012년 2월 17일 18시,금요일,충청남도 서산시 운산면,경상사고,0,0,2,0,차대차 - 추돌 - 주정차중,안전운전불이행,건조,맑음,기타 - 기타,승용,남,60세,상해없음,승용,여,49세,경상
2012021700100348,2012년 2월 17일 18시,금요일,충청남도 예산군 삽교읍,중상사고,0,3,0,0,차대차 - 측면직각충돌,기타,건조,흐림,교차로 - 교차로안,화물,남,39세,중상,승용,남,31세,중상
2012021700100349,2012년 2월 17일 18시,금요일,충청남도 당진시 송악읍,경상사고,0,0,2,0,차대차 - 정면충돌,교차로운행방법위반,건조,맑음,교차로 - 교차로안,승용,남,23세,상해없음,승용,남,30세,경상
2012021700100350,2012년 2월 17일 18시,금요일,충청남도 천안시 동남구 북면,경상사고,0,0,1,0,차대차 - 추돌 - 주정차중,안전거리미확보,건조,맑음,단일로 - 기타,승용,기타불명,기타불명,기타불명,승용,여,48세,경상
2012021700100382,2012년 2월 17일 19시,금요일,충청남도 아산시 신창면,경상사고,0,0,2,0,차대차 - 추돌 - 진행중,안전거리미확보,건조,맑음,교차로 - 교차로부근,화물,남,51세,상해없음,승용,남,24세,경상
2012021700100383,2012년 2월 17일 19시,금요일,충청남도 아산시 도고면,중상사고,0,2,0,0,차대사람 - 횡단중,신호위반,건조,맑음,교차로 - 교차로부근,승용,여,35세,상해없음,보행자,남,84세,중상
2012021700100384,2012년 2월 17일 19시,금요일,충청남도 예산군 예산읍,중상사고,0,1,0,0,차대사람 - 횡단중,안전운전불이행,건조,흐림,교차로 - 교차로안,승용,남,34세,상해없음,보행자,여,75세,중상
2012021700100385,2012년 2월 17일 19시,금요일,충청남도 천안시 동남구 원성동,중상사고,0,1,0,0,차대차 - 추돌 - 주정차중,교차로운행방법위반,건조,맑음,단일로 - 기타,승용,남,48세,상해없음,승용,남,51세,중상
2012021700100386,2012년 2월 17일 19시,금요일,충청남도 천안시 동남구 목천읍,사망사고,1,0,0,0,차량단독 - 공작물충돌,안전운전불이행,건조,맑음,단일로 - 기타,화물,남,50세,사망,,,,
2012021700100429,2012년 2월 17일 21시,금요일,충청남도 천안시 서북구 쌍용동,경상사고,0,0,2,0,차대차 - 추돌 - 주정차중,안전운전불이행,건조,흐림,교차로 - 교차로안,승용,남,56세,상해없음,승합,남,29세,경상
2012021700100430,2012년 2월 17일 21시,금요일,충청남도 천안시 동남구 구성동,경상사고,0,0,2,0,차대차 - 측면직각충돌,안전운전불이행,건조,맑음,단일로 - 기타,승용,여,28세,경상,승용,남,53세,경상
2012021700100461,2012년 2월 17일 22시,금요일,충청남도 천안시 서북구 성정동,중상사고,0,1,0,0,차대사람 - 횡단중,안전운전불이행,건조,맑음,교차로 - 교차로부근,승합,남,41세,상해없음,보행자,남,58세,중상
2012021700100462,2012년 2월 17일 22시,금요일,충청남도 공주시 상왕동,중상사고,0,2,0,0,차대차 - 정면충돌,중앙선침범,건조,맑음,단일로 - 기타,승용,남,51세,기타불명,승용,남,29세,중상
2012021700100501,2012년 2월 17일 23시,금요일,충청남도 공주시 우성면,중상사고,0,2,0,0,차대차 - 추돌 - 주정차중,안전운전불이행,건조,맑음,교차로 - 교차로부근,승용,여,43세,기타불명,승용,남,45세,중상
2012021800100018,2012년 2월 18일 00시,토요일,충청남도 천안시 서북구 성정동,경상사고,0,0,1,0,차대차 - 추돌 - 주정차중,안전거리미확보,건조,맑음,교차로 - 교차로부근,승용,여,42세,상해없음,승용,남,27세,경상
2012021800100050,2012년 2월 18일 01시,토요일,충청남도 서산시 음암면,중상사고,0,1,0,0,차량단독 - 도로외이탈 - 기타,안전운전불이행,건조,맑음,단일로 - 기타,승용,남,28세,중상,,,,
2012021800100070,2012년 2월 18일 02시,토요일,충청남도 천안시 서북구 성정동,중상사고,0,1,0,0,차대차 - 측면직각충돌,신호위반,건조,맑음,교차로 - 교차로안,승용,남,24세,상해없음,승용,남,30세,중상
2012021800100130,2012년 2월 18일 06시,토요일,충청남도 홍성군 홍성읍,중상사고,0,1,0,0,차대차 - 측면직각충돌,교차로운행방법위반,건조,맑음,교차로 - 교차로안,승용,여,47세,상해없음,승용,여,49세,중상
2012021800100131,2012년 2월 18일 06시,토요일,충청남도 아산시 음봉면,중상사고,0,1,0,0,차대사람 - 횡단중,보행자보호의무위반,건조,맑음,단일로 - 횡단보도상,승용,남,57세,상해없음,보행자,여,51세,중상
2012021800100158,2012년 2월 18일 08시,토요일,충청남도 천안시 동남구 목천읍,중상사고,0,2,3,0,차대차 - 정면충돌,중앙선침범,건조,맑음,단일로 - 기타,승용,남,59세,중상,승용,남,34세,경상
2012021800100221,2012년 2월 18일 11시,토요일,충청남도 태안군 안면읍,중상사고,0,1,0,0,차대차 - 추돌 - 주정차중,안전거리미확보,건조,맑음,단일로 - 기타,이륜,남,70세,중상,승용,남,28세,상해없음
2012021800100222,2012년 2월 18일 11시,토요일,충청남도 논산시 강경읍,중상사고,0,1,0,0,차대사람 - 기타,안전운전불이행,건조,맑음,단일로 - 기타,승용,남,56세,상해없음,보행자,여,67세,중상
2012021800100246,2012년 2월 18일 12시,토요일,충청남도 천안시 서북구 쌍용동,경상사고,0,0,1,0,차대차 - 기타,교차로운행방법위반,건조,맑음,교차로 - 교차로안,승용,남,26세,상해없음,승용,여,30세,경상
2012021800100269,2012년 2월 18일 13시,토요일,충청남도 천안시 서북구 두정동,경상사고,0,0,1,1,차대차 - 측면직각충돌,안전거리미확보,건조,맑음,기타 - 기타,승용,남,18세,상해없음,승합,남,44세,부상신고
2012021800100322,2012년 2월 18일 15시,토요일,충청남도 태안군 이원면,중상사고,0,1,0,0,차대차 - 추돌 - 진행중,안전운전불이행,습기,눈,단일로 - 기타,화물,남,55세,상해없음,화물,남,57세,중상
2012021800100356,2012년 2월 18일 16시,토요일,충청남도 천안시 동남구 구성동,중상사고,0,9,12,0,차대차 - 추돌 - 진행중,안전운전불이행,건조,맑음,단일로 - 기타,승용,여,37세,경상,승용,여,38세,중상
2012021800100381,2012년 2월 18일 17시,토요일,충청남도 천안시 동남구 유량동,중상사고,0,3,3,0,차대차 - 정면충돌,안전운전불이행,습기,흐림,단일로 - 기타,승용,남,40세,상해없음,승용,여,31세,중상
2012021800100414,2012년 2월 18일 18시,토요일,충청남도 홍성군 홍성읍,경상사고,0,0,1,0,차대사람 - 기타,안전운전불이행,건조,맑음,단일로 - 기타,승용,남,39세,상해없음,보행자,남,50세,경상
2012021800100415,2012년 2월 18일 18시,토요일,충청남도 당진시 수청리,중상사고,0,1,2,0,차대차 - 정면충돌,중앙선침범,습기,눈,단일로 - 기타,화물,남,56세,상해없음,승용,남,32세,경상
2012021800100416,2012년 2월 18일 18시,토요일,충청남도 천안시 동남구 성남면,경상사고,0,0,2,0,차대차 - 추돌 - 진행중,안전운전불이행,건조,맑음,단일로 - 기타,기타불명,기타불명,기타불명,기타불명,승용,남,34세,경상
2012021800100454,2012년 2월 18일 19시,토요일,충청남도 예산군 대흥면,중상사고,0,1,0,0,차대차 - 정면충돌,중앙선침범,건조,맑음,단일로 - 기타,승용,남,47세,기타불명,승용,남,27세,중상
2012021800100490,2012년 2월 18일 20시,토요일,충청남도 아산시 방축동,중상사고,0,1,1,0,차대사람 - 길가장자리구역통행중,안전운전불이행,습기,눈,단일로 - 기타,이륜,남,26세,경상,보행자,남,24세,중상
2012021800100519,2012년 2월 18일 21시,토요일,충청남도 아산시 염치읍,경상사고,0,0,1,0,차대차 - 기타,안전운전불이행,건조,맑음,기타 - 기타,화물,남,58세,상해없음,승용,남,21세,경상
2012021800100520,2012년 2월 18일 21시,토요일,충청남도 공주시 소학동,경상사고,0,0,1,0,차대차 - 기타,중앙선침범,건조,맑음,단일로 - 기타,화물,남,59세,상해없음,승용,여,52세,경상
2012021800100521,2012년 2월 18일 21시,토요일,충청남도 천안시 동남구 원성동,부상신고사고,0,0,0,3,차대차 - 측면직각충돌,안전운전불이행,습기,눈,교차로 - 교차로안,승용,남,38세,상해없음,승용,여,59세,부상신고
2012021800100522,2012년 2월 18일 21시,토요일,충청남도 청양군 목면,중상사고,0,1,1,0,차대차 - 추돌 - 진행중,안전운전불이행,건조,맑음,단일로 - 기타,승용,남,41세,상해없음,승용,남,50세,중상
2012021800100550,2012년 2월 18일 22시,토요일,충청남도 공주시 탄천면,중상사고,0,1,0,0,차량단독 - 기타,안전운전불이행,건조,맑음,단일로 - 기타,승용,남,41세,중상,,,,
2012021800100582,2012년 2월 18일 23시,토요일,충청남도 천안시 서북구 성거읍,중상사고,0,1,0,0,차대사람 - 기타,안전운전불이행,건조,맑음,단일로 - 기타,기타불명,기타불명,기타불명,기타불명,보행자,남,49세,중상
2012021900100014,2012년 2월 19일 00시,일요일,충청남도 천안시 서북구 두정동,경상사고,0,0,3,0,차대차 - 추돌 - 진행중,안전거리미확보,적설,눈,교차로 - 교차로부근,승용,남,29세,상해없음,승용,여,26세,경상
2012021900100062,2012년 2월 19일 02시,일요일,충청남도 예산군 예산읍,경상사고,0,0,1,0,차대차 - 추돌 - 진행중,안전운전불이행,건조,맑음,교차로 - 교차로부근,승용,남,39세,상해없음,승용,남,22세,경상
2012021900100075,2012년 2월 19일 03시,일요일,충청남도 천안시 서북구 백석동,중상사고,0,1,1,0,차대차 - 기타,교차로운행방법위반,결빙,눈,교차로 - 교차로안,승용,남,19세,상해없음,승용,남,44세,중상
2012021900100076,2012년 2월 19일 03시,일요일,충청남도 천안시 서북구 두정동,중상사고,0,2,0,0,차대차 - 기타,교차로운행방법위반,건조,맑음,교차로 - 교차로안,승용,여,41세,상해없음,승용,남,56세,중상
2012021900100077,2012년 2월 19일 03시,일요일,충청남도 천안시 동남구 봉명동,중상사고,0,1,0,0,차대차 - 추돌 - 주정차중,안전운전불이행,습기,눈,단일로 - 기타,기타불명,기타불명,기타불명,기타불명,화물,남,48세,중상
2012021900100248,2012년 2월 19일 15시,일요일,충청남도 천안시 서북구 백석동,경상사고,0,0,6,0,차대차 - 추돌 - 주정차중,안전운전불이행,건조,맑음,단일로 - 기타,승용,남,31세,상해없음,승용,남,42세,경상
2012021900100273,2012년 2월 19일 16시,일요일,충청남도 예산군 오가면,경상사고,0,0,1,0,차대차 - 측면직각충돌,안전운전불이행,건조,맑음,교차로 - 교차로부근,승용,남,69세,상해없음,승용,남,34세,상해없음
2012021900100274,2012년 2월 19일 16시,일요일,충청남도 예산군 덕산면,경상사고,0,0,1,0,차대차 - 추돌 - 진행중,차로위반,건조,맑음,단일로 - 기타,승용,남,58세,상해없음,화물,여,19세,상해없음
2012021900100275,2012년 2월 19일 16시,일요일,충청남도 천안시 서북구 성거읍,중상사고,0,1,5,0,차대차 - 추돌 - 주정차중,안전운전불이행,건조,맑음,단일로 - 기타,승용,여,34세,상해없음,승용,남,42세,상해없음
2012021900100276,2012년 2월 19일 16시,일요일,충청남도 천안시 동남구 목천읍,경상사고,0,0,2,0,차대차 - 추돌 - 주정차중,안전운전불이행,건조,맑음,단일로 - 기타,승용,남,37세,상해없음,승용,남,53세,경상
2012021900100302,2012년 2월 19일 17시,일요일,충청남도 천안시 서북구 성정동,경상사고,0,0,1,0,차대차 - 측면직각충돌,교차로운행방법위반,건조,맑음,교차로 - 교차로안,원동기,남,31세,기타불명,원동기,남,17세,경상
2012021900100303,2012년 2월 19일 17시,일요일,충청남도 천안시 동남구 구성동,경상사고,0,0,3,0,차대차 - 추돌 - 주정차중,안전운전불이행,건조,맑음,단일로 - 기타,승용,남,64세,상해없음,승용,남,28세,경상
2012021900100304,2012년 2월 19일 17시,일요일,충청남도 천안시 동남구 구성동,경상사고,0,0,2,0,차대차 - 추돌 - 주정차중,안전운전불이행,건조,맑음,단일로 - 기타,승용,남,24세,경상,승용,남,61세,상해없음
2012021900100305,2012년 2월 19일 17시,일요일,충청남도 천안시 동남구 목천읍,중상사고,0,1,5,0,차대차 - 추돌 - 주정차중,안전운전불이행,건조,맑음,단일로 - 기타,승용,남,48세,상해없음,승용,여,45세,중상
2012021900100354,2012년 2월 19일 19시,일요일,충청남도 논산시 광석면,경상사고,0,0,1,0,차대차 - 추돌 - 주정차중,안전운전불이행,건조,맑음,교차로 - 교차로부근,이륜,남,17세,상해없음,승용,남,42세,상해없음
2012021900100386,2012년 2월 19일 20시,일요일,충청남도 천안시 서북구 성정동,경상사고,0,0,3,0,차대차 - 추돌 - 주정차중,안전운전불이행,건조,맑음,기타 - 기타,승용,남,28세,상해없음,승용,남,25세,경상
2012021900100449,2012년 2월 19일 22시,일요일,충청남도 천안시 서북구 쌍용동,중상사고,0,1,0,0,차대사람 - 횡단중,안전운전불이행,건조,맑음,기타 - 기타,승합,남,59세,상해없음,보행자,남,63세,중상
2012021900100478,2012년 2월 19일 23시,일요일,충청남도 당진시 채운동,경상사고,0,0,1,0,차대차 - 정면충돌,신호위반,건조,맑음,교차로 - 교차로안,승용,남,45세,상해없음,승합,남,43세,경상
2012022000100006,2012년 2월 20일 00시,월요일,충청남도 서산시 예천동,중상사고,0,1,0,0,차량단독 - 공작물충돌,안전운전불이행,건조,맑음,단일로 - 기타,승용,남,27세,중상,,,,
2012022000100007,2012년 2월 20일 00시,월요일,충청남도 천안시 서북구 직산읍,경상사고,0,0,4,0,차대차 - 기타,안전운전불이행,건조,맑음,기타 - 기타,승용,남,24세,상해없음,승용,남,25세,경상
2012022000100051,2012년 2월 20일 05시,월요일,충청남도 논산시 연무읍,사망사고,1,0,0,0,차대사람 - 횡단중,안전운전불이행,건조,맑음,교차로 - 교차로안,승용,남,51세,상해없음,보행자,여,89세,사망
2012022000100117,2012년 2월 20일 08시,월요일,충청남도 논산시 연산면,경상사고,0,0,1,0,차대차 - 측면직각충돌,직진우회전진행방해,건조,맑음,교차로 - 교차로안,화물,남,61세,상해없음,승용,여,28세,경상
2012022000100118,2012년 2월 20일 08시,월요일,충청남도 천안시 동남구 신방동,중상사고,0,1,0,0,차대사람 - 횡단중,안전운전불이행,건조,맑음,교차로 - 교차로부근,승용,여,44세,상해없음,보행자,여,52세,중상
2012022000100221,2012년 2월 20일 12시,월요일,충청남도 논산시 지산동,사망사고,1,0,0,0,차대차 - 측면직각충돌,교차로운행방법위반,건조,맑음,교차로 - 교차로안,이륜,남,64세,사망,승용,남,50세,상해없음
2012022000100222,2012년 2월 20일 12시,월요일,충청남도 논산시 강경읍,중상사고,0,1,0,0,차대차 - 측면직각충돌,신호위반,건조,맑음,교차로 - 교차로안,승용,여,48세,중상,화물,남,39세,상해없음
2012022000100223,2012년 2월 20일 12시,월요일,충청남도 당진시 송산면,경상사고,0,0,2,0,차대차 - 정면충돌,중앙선침범,건조,맑음,단일로 - 기타,화물,남,36세,상해없음,화물,남,53세,경상
2012022000100226,2012년 2월 20일 12시,월요일,충청남도 서산시 운산면,경상사고,0,0,1,0,차대사람 - 기타,안전운전불이행,건조,맑음,기타 - 기타,기타불명,기타불명,기타불명,기타불명,보행자,남,22세,경상
2012022000100278,2012년 2월 20일 14시,월요일,충청남도 천안시 서북구 입장면,부상신고사고,0,0,0,1,차대차 - 측면직각충돌,교차로운행방법위반,건조,맑음,교차로 - 교차로안,승용,여,32세,부상신고,화물,남,23세,상해없음
2012022000100310,2012년 2월 20일 15시,월요일,충청남도 천안시 서북구 직산읍,중상사고,0,1,0,0,차대차 - 추돌 - 진행중,안전거리미확보,건조,맑음,단일로 - 기타,이륜,남,44세,중상,화물,남,61세,상해없음
2012022000100311,2012년 2월 20일 15시,월요일,충청남도 천안시 서북구 입장면,중상사고,0,1,1,0,차대차 - 측면직각충돌,교차로운행방법위반,건조,맑음,교차로 - 교차로안,승용,여,50세,경상,농기계,남,70세,중상
2012022000100341,2012년 2월 20일 16시,월요일,충청남도 보령시 동대동,경상사고,0,0,2,0,차대차 - 추돌 - 진행중,기타,건조,맑음,단일로 - 기타,승용,남,47세,경상,승용,남,32세,경상