사고번호,사고일시,요일,시군구,사고내용,사망자수,중상자수,경상자수,부상신고자수,사고유형,법규위반,노면상태,기상상태,도로형태,가해운전자 차종,가해운전자 성별,가해운전자 연령,가해운전자 상해정도,피해운전자 차종,피해운전자 성별,피해운전자 연령,피해운전자 상해정도
2012022500100613,2012년 2월 25일 23시,토요일,충청남도 당진시 원당리,경상사고,0,0,1,0,차대차 - 측면직각충돌,신호위반,건조,맑음,교차로 - 교차로안,승용,남,21세,상해없음,승용,남,35세,상해없음
2012022600100013,2012년 2월 26일 00시,일요일,충청남도 천안시 동남구 광덕면,경상사고,0,0,1,0,차대차 - 측면직각충돌,교차로운행방법위반,건조,맑음,단일로 - 기타,승용,남,24세,상해없음,승용,남,28세,경상
2012022600100049,2012년 2월 26일 02시,일요일,충청남도 천안시 서북구 두정동,경상사고,0,0,1,0,차대차 - 기타,교차로운행방법위반,건조,맑음,교차로 - 교차로안,승용,남,20세,상해없음,승용,남,51세,경상
2012022600100063,2012년 2월 26일 03시,일요일,충청남도 천안시 서북구 성정동,중상사고,0,2,0,0,차대차 - 측면직각충돌,안전운전불이행,건조,맑음,교차로 - 교차로안,승용,남,29세,상해없음,승용,남,38세,중상
2012022600100064,2012년 2월 26일 03시,일요일,충청남도 천안시 동남구 구성동,경상사고,0,0,1,0,차대차 - 추돌 - 주정차중,중앙선침범,건조,맑음,교차로 - 교차로부근,승용,남,19세,상해없음,승용,여,53세,경상
2012022600100076,2012년 2월 26일 04시,일요일,충청남도 천안시 서북구 성정동,부상신고사고,0,0,0,1,차대차 - 측면직각충돌,신호위반,건조,맑음,교차로 - 교차로안,원동기,남,22세,부상신고,승용,남,28세,상해없음
2012022600100123,2012년 2월 26일 10시,일요일,충청남도 천안시 서북구 성정동,경상사고,0,0,1,0,차대차 - 기타,안전운전불이행,건조,맑음,교차로 - 교차로부근,승용,남,21세,상해없음,승용,남,41세,경상
2012022600100156,2012년 2월 26일 12시,일요일,충청남도 홍성군 결성면,중상사고,0,1,0,0,차대차 - 측면직각충돌,안전운전불이행,건조,맑음,단일로 - 기타,화물,여,56세,상해없음,화물,남,53세,상해없음
2012022600100157,2012년 2월 26일 12시,일요일,충청남도 당진시 순성면,경상사고,0,0,1,0,차대차 - 기타,안전운전불이행,건조,맑음,단일로 - 기타,승용,남,45세,상해없음,원동기,남,50세,경상
2012022600100190,2012년 2월 26일 14시,일요일,충청남도 서천군 장항읍,경상사고,0,0,2,0,차대차 - 기타,안전운전불이행,건조,맑음,교차로 - 교차로부근,승용,남,31세,상해없음,승용,남,57세,경상
2012022600100209,2012년 2월 26일 15시,일요일,충청남도 당진시 정미면,경상사고,0,0,13,0,차대차 - 추돌 - 진행중,안전운전불이행,건조,맑음,단일로 - 기타,승용,남,41세,경상,승용,남,50세,경상
2012022600100249,2012년 2월 26일 17시,일요일,충청남도 연기군 소정면,경상사고,0,0,13,0,차대차 - 기타,안전거리미확보,건조,맑음,단일로 - 기타,승용,남,46세,상해없음,승합,남,56세,경상
2012022600100250,2012년 2월 26일 17시,일요일,충청남도 당진시 우두리,중상사고,0,1,1,0,차대차 - 측면직각충돌,신호위반,건조,맑음,교차로 - 교차로안,승용,남,36세,상해없음,승용,여,39세,중상
2012022600100276,2012년 2월 26일 18시,일요일,충청남도 천안시 서북구 두정동,경상사고,0,0,3,0,차대차 - 측면직각충돌,교차로운행방법위반,건조,맑음,교차로 - 교차로안,승용,남,45세,상해없음,승용,남,34세,경상
2012022600100305,2012년 2월 26일 19시,일요일,충청남도 부여군 장암면,중상사고,0,1,0,0,차대사람 - 횡단중,안전운전불이행,건조,맑음,교차로 - 교차로안,화물,남,50세,상해없음,보행자,여,61세,중상
2012022600100333,2012년 2월 26일 20시,일요일,충청남도 논산시 내동,경상사고,0,0,1,0,차대차 - 추돌 - 진행중,안전운전불이행,건조,맑음,단일로 - 기타,승용,남,32세,상해없음,화물,남,19세,경상
2012022600100375,2012년 2월 26일 22시,일요일,충청남도 당진시 송산면,중상사고,0,1,0,0,차대사람 - 차도통행중,안전운전불이행,건조,맑음,단일로 - 기타,승용,남,30세,상해없음,보행자,남,35세,중상
2012022600100390,2012년 2월 26일 23시,일요일,충청남도 보령시 남포면,경상사고,0,0,1,0,차량단독 - 전도전복,안전운전불이행,건조,맑음,교차로 - 교차로안,승용,여,27세,경상,,,,
2012022600100391,2012년 2월 26일 23시,일요일,충청남도 보령시 대천동,중상사고,0,3,0,0,차대차 - 추돌 - 진행중,안전운전불이행,건조,맑음,단일로 - 기타,승용,남,33세,상해없음,화물,남,31세,중상
2012022700100024,2012년 2월 27일 01시,월요일,충청남도 연기군 조치원읍,중상사고,0,3,0,0,차대차 - 측면직각충돌,직진우회전진행방해,건조,맑음,교차로 - 교차로안,승용,남,26세,상해없음,승용,남,49세,중상
2012022700100032,2012년 2월 27일 02시,월요일,충청남도 태안군 근흥면,중상사고,0,2,0,0,차대차 - 정면충돌,중앙선침범,습기,맑음,단일로 - 기타,승용,남,31세,상해없음,승용,여,44세,중상
2012022700100033,2012년 2월 27일 02시,월요일,충청남도 보령시 요암동,사망사고,1,1,0,0,차량단독 - 공작물충돌,안전운전불이행,건조,맑음,교차로 - 교차로부근,승용,남,33세,사망,,,,
2012022700100101,2012년 2월 27일 08시,월요일,충청남도 공주시 이인면,중상사고,0,1,0,0,차대차 - 측면직각충돌,중앙선침범,건조,맑음,단일로 - 기타,특수,남,42세,상해없음,승용,남,50세,중상
2012022700100102,2012년 2월 27일 08시,월요일,충청남도 부여군 초촌면,경상사고,0,0,1,0,차대차 - 정면충돌,교차로운행방법위반,건조,맑음,교차로 - 교차로안,화물,남,57세,상해없음,승용,남,36세,경상
2012022700100122,2012년 2월 27일 09시,월요일,충청남도 홍성군 홍동면,중상사고,0,1,0,0,차대차 - 추돌 - 진행중,안전거리미확보,건조,맑음,단일로 - 기타,화물,남,67세,상해없음,승용,여,79세,중상
2012022700100149,2012년 2월 27일 10시,월요일,충청남도 서천군 서천읍,경상사고,0,0,1,0,차대차 - 기타,직진우회전진행방해,건조,맑음,교차로 - 교차로안,승용,여,61세,상해없음,이륜,남,77세,경상
2012022700100202,2012년 2월 27일 12시,월요일,충청남도 천안시 동남구 원성동,중상사고,0,2,0,0,차대차 - 측면직각충돌,직진우회전진행방해,건조,맑음,교차로 - 교차로안,승용,남,33세,상해없음,승용,여,35세,중상
2012022700100259,2012년 2월 27일 14시,월요일,충청남도 천안시 서북구 백석동,경상사고,0,0,1,0,차대차 - 기타,안전운전불이행,건조,맑음,교차로 - 교차로부근,승용,남,27세,상해없음,승용,남,30세,경상
2012022700100351,2012년 2월 27일 17시,월요일,충청남도 태안군 안면읍,중상사고,0,1,0,0,차량단독 - 공작물충돌,안전운전불이행,건조,맑음,단일로 - 기타,원동기,여,44세,중상,,,,
2012022700100352,2012년 2월 27일 17시,월요일,충청남도 보령시 죽정동,중상사고,0,1,0,0,차대사람 - 기타,신호위반,건조,맑음,교차로 - 교차로부근,승용,여,40세,상해없음,보행자,남,72세,중상
2012022700100353,2012년 2월 27일 17시,월요일,충청남도 천안시 동남구 광덕면,중상사고,0,1,0,0,차대사람 - 기타,안전운전불이행,건조,맑음,단일로 - 기타,승용,여,48세,상해없음,보행자,여,77세,중상
2012022700100420,2012년 2월 27일 19시,월요일,충청남도 태안군 태안읍,중상사고,0,1,0,0,차대사람 - 횡단중,신호위반,건조,맑음,단일로 - 기타,화물,남,52세,상해없음,보행자,남,19세,중상
2012022700100461,2012년 2월 27일 20시,월요일,충청남도 천안시 서북구 성환읍,사망사고,1,0,0,0,차대사람 - 기타,안전운전불이행,건조,맑음,교차로 - 교차로부근,승용,남,46세,상해없음,보행자,여,55세,사망
2012022700100491,2012년 2월 27일 21시,월요일,충청남도 금산군 추부면,중상사고,0,1,0,0,차대사람 - 길가장자리구역통행중,안전운전불이행,건조,맑음,단일로 - 기타,승용,여,20세,상해없음,보행자,여,36세,중상
2012022800100012,2012년 2월 28일 00시,화요일,충청남도 보령시 주교면,경상사고,0,0,1,0,차량단독 - 공작물충돌,안전운전불이행,건조,맑음,교차로 - 교차로부근,승용,여,38세,경상,,,,
2012022800100128,2012년 2월 28일 09시,화요일,충청남도 서산시 대산읍,중상사고,0,1,1,0,차대차 - 추돌 - 진행중,안전운전불이행,건조,맑음,교차로 - 교차로부근,승용,남,26세,중상,화물,남,44세,경상
2012022800100129,2012년 2월 28일 09시,화요일,충청남도 청양군 목면,중상사고,0,1,0,0,차대차 - 측면직각충돌,안전운전불이행,건조,맑음,교차로 - 교차로부근,화물,남,48세,상해없음,화물,남,61세,중상
2012022800100148,2012년 2월 28일 10시,화요일,충청남도 홍성군 홍성읍,경상사고,0,0,2,0,차대차 - 추돌 - 주정차중,안전운전불이행,건조,맑음,단일로 - 기타,승용,여,34세,상해없음,화물,남,44세,경상
2012022800100177,2012년 2월 28일 11시,화요일,충청남도 천안시 서북구 신당동,중상사고,0,1,0,0,차량단독 - 전도전복,안전운전불이행,건조,맑음,기타 - 기타,화물,남,48세,중상,,,,
2012022800100192,2012년 2월 28일 12시,화요일,충청남도 천안시 동남구 다가동,중상사고,0,1,0,0,차대차 - 기타,안전운전불이행,건조,맑음,단일로 - 기타,화물,남,47세,상해없음,자전거,남,58세,중상
2012022800100218,2012년 2월 28일 13시,화요일,충청남도 서천군 장항읍,경상사고,0,0,2,0,차대차 - 기타,안전운전불이행,건조,맑음,교차로 - 교차로안,승용,남,62세,경상,승용,여,37세,경상
2012022800100234,2012년 2월 28일 14시,화요일,충청남도 예산군 예산읍,중상사고,0,1,0,0,차대차 - 기타,기타,건조,맑음,교차로 - 교차로부근,화물,남,54세,상해없음,자전거,여,73세,중상
2012022800100251,2012년 2월 28일 15시,화요일,충청남도 예산군 고덕면,중상사고,0,1,0,0,차대차 - 추돌 - 진행중,안전운전불이행,건조,맑음,교차로 - 교차로부근,승용,여,26세,상해없음,이륜,남,64세,중상
2012022800100356,2012년 2월 28일 19시,화요일,충청남도 서산시 대산읍,경상사고,0,0,1,0,차대차 - 추돌 - 진행중,안전운전불이행,건조,맑음,교차로 - 교차로부근,승용,남,56세,상해없음,승용,남,70세,경상
2012022800100357,2012년 2월 28일 19시,화요일,충청남도 천안시 동남구 신방동,경상사고,0,0,1,0,차대차 - 추돌 - 진행중,안전거리미확보,건조,맑음,단일로 - 기타,승용,여,52세,상해없음,승용,여,50세,경상
2012022800100391,2012년 2월 28일 20시,화요일,충청남도 서산시 동문동,경상사고,0,0,1,0,차대차 - 측면직각충돌,교차로운행방법위반,건조,맑음,교차로 - 교차로안,승용,남,61세,상해없음,승합,남,51세,경상
2012022800100424,2012년 2월 28일 21시,화요일,충청남도 천안시 서북구 쌍용동,경상사고,0,0,2,0,차대차 - 추돌 - 진행중,안전운전불이행,건조,맑음,교차로 - 교차로부근,승용,남,48세,상해없음,승용,여,23세,경상
2012022800100425,2012년 2월 28일 21시,화요일,충청남도 홍성군 홍성읍,경상사고,0,0,1,0,차대차 - 기타,교차로운행방법위반,건조,맑음,교차로 - 교차로안,승용,여,46세,상해없음,자전거,남,58세,경상
2012022800100426,2012년 2월 28일 21시,화요일,충청남도 보령시 명천동,경상사고,0,0,1,0,차대차 - 추돌 - 진행중,안전운전불이행,건조,맑음,교차로 - 교차로부근,승용,남,38세,경상,승용,여,43세,기타불명
2012022900100016,2012년 2월 29일 00시,수요일,충청남도 천안시 서북구 두정동,중상사고,0,1,0,0,차대차 - 추돌 - 진행중,안전거리미확보,건조,맑음,교차로 - 교차로안,승용,여,38세,상해없음,이륜,남,39세,중상
2012022900100039,2012년 2월 29일 01시,수요일,충청남도 천안시 서북구 백석동,중상사고,0,1,0,0,차대차 - 측면직각충돌,중앙선침범,건조,맑음,교차로 - 교차로부근,승용,남,44세,기타불명,승용,여,50세,중상
2012022900100094,2012년 2월 29일 06시,수요일,충청남도 논산시 강경읍,경상사고,0,0,1,0,차대사람 - 기타,안전운전불이행,건조,맑음,단일로 - 기타,승용,남,66세,상해없음,보행자,남,38세,경상
2012022900100110,2012년 2월 29일 07시,수요일,충청남도 서산시 예천동,중상사고,0,1,0,0,차대차 - 측면직각충돌,신호위반,건조,맑음,교차로 - 교차로안,화물,남,46세,상해없음,승용,남,64세,중상
2012022900100137,2012년 2월 29일 08시,수요일,충청남도 부여군 석성면,중상사고,0,1,0,0,차량단독 - 공작물충돌,안전운전불이행,습기,맑음,교차로 - 교차로부근,화물,남,25세,중상,,,,
2012022900100153,2012년 2월 29일 09시,수요일,충청남도 공주시 신관동,경상사고,0,0,1,0,차대차 - 추돌 - 진행중,안전운전불이행,건조,맑음,교차로 - 교차로부근,승용,기타불명,기타불명,기타불명,승용,여,36세,경상
2012022900100154,2012년 2월 29일 09시,수요일,충청남도 공주시 유구읍,중상사고,0,2,1,0,차대차 - 측면직각충돌,교차로운행방법위반,건조,맑음,교차로 - 교차로안,승합,남,58세,상해없음,화물,남,60세,경상
2012022900100155,2012년 2월 29일 09시,수요일,충청남도 부여군 규암면,경상사고,0,0,3,0,차대차 - 측면직각충돌,신호위반,건조,맑음,교차로 - 교차로안,승용,남,64세,상해없음,승용,남,40세,경상
2012022900100238,2012년 2월 29일 12시,수요일,충청남도 논산시 연무읍,경상사고,0,0,1,0,차대차 - 기타,안전운전불이행,건조,맑음,교차로 - 교차로부근,이륜,남,37세,경상,승용,남,48세,상해없음
2012022900100239,2012년 2월 29일 12시,수요일,충청남도 당진시 읍내리,경상사고,0,0,1,0,차대차 - 측면직각충돌,신호위반,건조,맑음,교차로 - 교차로안,승용,남,28세,상해없음,승용,남,33세,경상
2012022900100268,2012년 2월 29일 13시,수요일,충청남도 보령시 신흑동,경상사고,0,0,5,0,차대차 - 측면직각충돌,안전운전불이행,건조,맑음,단일로 - 횡단보도부근,화물,남,53세,상해없음,승용,남,59세,경상
2012022900100293,2012년 2월 29일 14시,수요일,충청남도 논산시 강경읍,경상사고,0,0,1,0,차대사람 - 기타,안전운전불이행,건조,맑음,단일로 - 기타,승용,여,44세,상해없음,보행자,여,73세,경상
2012022900100294,2012년 2월 29일 14시,수요일,충청남도 홍성군 홍성읍,경상사고,0,0,1,0,차대사람 - 기타,안전운전불이행,건조,맑음,단일로 - 기타,승용,남,50세,상해없음,보행자,남,45세,경상
2012022900100295,2012년 2월 29일 14시,수요일,충청남도 공주시 반포면,중상사고,0,1,2,0,차대차 - 기타,중앙선침범,건조,맑음,교차로 - 교차로부근,승용,남,24세,상해없음,승용,여,58세,경상
2012022900100351,2012년 2월 29일 16시,수요일,충청남도 예산군 예산읍,경상사고,0,0,1,0,차대차 - 측면직각충돌,기타,건조,맑음,교차로 - 교차로안,원동기,남,80세,경상,승용,남,32세,상해없음
2012022900100352,2012년 2월 29일 16시,수요일,충청남도 부여군 홍산면,사망사고,1,0,0,0,차대차 - 기타,안전운전불이행,건조,맑음,단일로 - 기타,화물,남,56세,상해없음,자전거,남,67세,사망
2012022900100355,2012년 2월 29일 16시,수요일,충청남도 서산시 운산면,중상사고,0,1,2,0,차대차 - 기타,안전거리미확보,건조,맑음,단일로 - 기타,화물,남,54세,상해없음,승용,여,32세,중상
2012022900100382,2012년 2월 29일 17시,수요일,충청남도 천안시 서북구 두정동,경상사고,0,0,1,0,차대차 - 측면직각충돌,교차로운행방법위반,건조,맑음,교차로 - 교차로안,승용,여,29세,상해없음,승용,여,47세,상해없음
2012022900100416,2012년 2월 29일 18시,수요일,충청남도 아산시 영인면,중상사고,0,1,0,2,차대차 - 측면직각충돌,안전운전불이행,건조,맑음,교차로 - 교차로안,화물,남,54세,중상,승용,남,47세,부상신고
2012022900100417,2012년 2월 29일 18시,수요일,충청남도 연기군 금남면,경상사고,0,0,1,0,차대차 - 추돌 - 진행중,안전운전불이행,건조,맑음,교차로 - 교차로부근,화물,남,49세,상해없음,승용,남,37세,경상
2012022900100487,2012년 2월 29일 20시,수요일,충청남도 서산시 부석면,중상사고,0,1,0,0,차대차 - 추돌 - 진행중,안전운전불이행,건조,맑음,단일로 - 기타,승용,여,41세,상해없음,화물,남,66세,중상
2012022900100523,2012년 2월 29일 21시,수요일,충청남도 태안군 남면,중상사고,0,1,0,0,차대사람 - 길가장자리구역통행중,안전운전불이행,건조,맑음,기타 - 기타,화물,남,50세,상해없음,보행자,남,17세,중상
2012022900100524,2012년 2월 29일 21시,수요일,충청남도 연기군 조치원읍,중상사고,0,1,0,0,차대사람 - 횡단중,안전운전불이행,건조,맑음,단일로 - 기타,승용,남,34세,상해없음,보행자,남,37세,중상
2012022900100525,2012년 2월 29일 21시,수요일,충청남도 연기군 조치원읍,경상사고,0,0,1,0,차대차 - 추돌 - 진행중,안전운전불이행,건조,맑음,단일로 - 기타,승용,남,45세,상해없음,승용,남,53세,경상
2012022900100596,2012년 2월 29일 23시,수요일,충청남도 보령시 요암동,경상사고,0,0,2,0,차대차 - 측면직각충돌,안전거리미확보,건조,맑음,교차로 - 교차로안,승용,여,19세,경상,화물,남,57세,상해없음
2012022900100597,2012년 2월 29일 23시,수요일,충청남도 공주시 유구읍,중상사고,0,2,0,0,차대차 - 추돌 - 주정차중,안전운전불이행,건조,맑음,단일로 - 기타,화물,남,46세,중상,화물,남,64세,중상
2012030100100017,2012년 3월 1일 00시,목요일,충청남도 천안시 서북구 두정동,경상사고,0,0,1,0,차대차 - 기타,안전운전불이행,건조,맑음,기타 - 기타,승용,남,50세,상해없음,이륜,남,29세,경상
2012030100100038,2012년 3월 1일 01시,목요일,충청남도 천안시 서북구 성거읍,중상사고,0,1,0,0,차량단독 - 전도전복,안전운전불이행,건조,맑음,단일로 - 기타,승용,남,31세,상해없음,,,,
2012030100100039,2012년 3월 1일 01시,목요일,충청남도 천안시 동남구 안서동,경상사고,0,0,2,0,차대차 - 측면직각충돌,중앙선침범,건조,맑음,단일로 - 기타,기타불명,기타불명,기타불명,기타불명,승용,여,45세,경상
2012030100100098,2012년 3월 1일 04시,목요일,충청남도 당진시 원당리,경상사고,0,0,1,0,차대사람 - 길가장자리구역통행중,안전운전불이행,건조,맑음,단일로 - 기타,승용,남,36세,상해없음,보행자,남,53세,경상
2012030100100106,2012년 3월 1일 05시,목요일,충청남도 홍성군 금마면,경상사고,0,0,1,0,차대차 - 기타,차로위반,건조,맑음,단일로 - 기타,승용,남,21세,상해없음,화물,남,68세,경상
2012030100100131,2012년 3월 1일 07시,목요일,충청남도 서산시 인지면,중상사고,0,1,0,0,차대차 - 정면충돌,신호위반,건조,맑음,단일로 - 기타,승용,남,45세,상해없음,화물,남,44세,중상
2012030100100197,2012년 3월 1일 11시,목요일,충청남도 공주시 반포면,중상사고,0,1,2,0,차대차 - 기타,안전거리미확보,건조,맑음,단일로 - 터널,화물,남,32세,상해없음,승용,여,22세,중상
2012030100100222,2012년 3월 1일 12시,목요일,충청남도 보령시 주포면,중상사고,0,1,1,0,차대차 - 기타,안전운전불이행,건조,맑음,단일로 - 기타,승용,여,50세,상해없음,승용,남,46세,경상
2012030100100223,2012년 3월 1일 12시,목요일,충청남도 금산군 금산읍,경상사고,0,0,2,0,차대차 - 측면직각충돌,신호위반,건조,맑음,교차로 - 교차로안,화물,남,44세,상해없음,화물,여,49세,경상
2012030100100239,2012년 3월 1일 13시,목요일,충청남도 천안시 서북구 쌍용동,경상사고,0,0,1,0,차대사람 - 기타,안전운전불이행,건조,맑음,단일로 - 기타,승용,남,52세,상해없음,보행자,남,69세,경상
2012030100100240,2012년 3월 1일 13시,목요일,충청남도 천안시 동남구 봉명동,중상사고,0,1,0,0,차대차 - 측면직각충돌,직진우회전진행방해,건조,맑음,교차로 - 교차로안,이륜,여,48세,중상,승용,남,37세,상해없음
2012030100100257,2012년 3월 1일 14시,목요일,충청남도 아산시 배방읍,경상사고,0,0,3,0,차대차 - 측면직각충돌,안전운전불이행,건조,맑음,교차로 - 교차로부근,승용,여,28세,상해없음,승용,여,26세,경상
2012030100100325,2012년 3월 1일 17시,목요일,충청남도 태안군 근흥면,경상사고,0,0,1,0,차대사람 - 기타,안전운전불이행,건조,맑음,기타 - 기타,승용,남,60세,상해없음,보행자,여,51세,경상
2012030100100352,2012년 3월 1일 18시,목요일,충청남도 연기군 전동면,중상사고,0,2,1,0,차대차 - 정면충돌,중앙선침범,건조,맑음,단일로 - 기타,승용,남,70세,경상,승용,남,51세,중상
2012030100100379,2012년 3월 1일 19시,목요일,충청남도 당진시 석문면,중상사고,0,1,1,0,차대차 - 추돌 - 진행중,안전운전불이행,건조,맑음,단일로 - 기타,승용,남,52세,상해없음,승용,남,53세,중상
2012030100100380,2012년 3월 1일 19시,목요일,충청남도 천안시 동남구 봉명동,경상사고,0,0,8,0,차대차 - 추돌 - 주정차중,안전거리미확보,건조,맑음,교차로 - 교차로안,승용,남,49세,상해없음,승용,남,38세,경상
2012030100100402,2012년 3월 1일 20시,목요일,충청남도 연기군 조치원읍,경상사고,0,0,1,0,차대사람 - 기타,안전운전불이행,건조,맑음,교차로 - 교차로안,승용,남,53세,상해없음,보행자,남,47세,경상
2012030100100424,2012년 3월 1일 21시,목요일,충청남도 서산시 수석동,경상사고,0,0,1,0,차대차 - 측면직각충돌,차로위반,건조,맑음,단일로 - 기타,기타불명,기타불명,기타불명,기타불명,승용,남,38세,경상
2012030100100425,2012년 3월 1일 21시,목요일,충청남도 천안시 서북구 성환읍,경상사고,0,0,1,0,차대차 - 추돌 - 주정차중,안전거리미확보,건조,맑음,교차로 - 교차로부근,승용,남,39세,상해없음,승합,남,56세,경상
2012030100100426,2012년 3월 1일 21시,목요일,충청남도 천안시 서북구 두정동,중상사고,0,1,0,0,차대사람 - 횡단중,안전운전불이행,건조,맑음,교차로 - 교차로부근,승용,남,27세,상해없음,보행자,여,17세,중상
2012030100100427,2012년 3월 1일 21시,목요일,충청남도 논산시 광석면,중상사고,0,2,4,0,차대차 - 추돌 - 진행중,안전거리미확보,건조,맑음,단일로 - 기타,승용,남,37세,경상,승용,남,41세,중상
2012030100100428,2012년 3월 1일 21시,목요일,충청남도 공주시 신관동,중상사고,0,2,0,0,차대차 - 기타,신호위반,건조,맑음,교차로 - 교차로안,승용,여,31세,상해없음,승용,남,26세,중상
2012030100100461,2012년 3월 1일 23시,목요일,충청남도 서산시 대산읍,중상사고,0,1,0,0,차대차 - 측면직각충돌,신호위반,건조,맑음,교차로 - 교차로안,승용,남,40세,상해없음,승용,남,26세,중상
2012030100100462,2012년 3월 1일 23시,목요일,충청남도 아산시 온천동,경상사고,0,0,1,0,차대차 - 측면직각충돌,안전운전불이행,건조,맑음,단일로 - 기타,기타불명,기타불명,기타불명,기타불명,원동기,남,39세,경상
2012030200100017,2012년 3월 2일 01시,금요일,충청남도 보령시 요암동,경상사고,0,0,3,0,차대차 - 측면직각충돌,중앙선침범,건조,맑음,단일로 - 기타,승용,남,28세,상해없음,승용,남,37세,상해없음
2012030200100075,2012년 3월 2일 06시,금요일,충청남도 청양군 청양읍,중상사고,0,1,0,0,차대차 - 기타,안전운전불이행,건조,맑음,단일로 - 기타,화물,남,29세,상해없음,이륜,남,67세,중상
2012030200100093,2012년 3월 2일 07시,금요일,충청남도 천안시 서북구 백석동,경상사고,0,0,1,0,차대차 - 추돌 - 주정차중,안전운전불이행,습기,흐림,교차로 - 교차로부근,승용,여,30세,상해없음,승용,남,44세,경상
2012030200100184,2012년 3월 2일 10시,금요일,충청남도 서산시 동문동,경상사고,0,0,1,0,차대차 - 측면직각충돌,안전운전불이행,건조,맑음,교차로 - 교차로안,화물,남,38세,경상,승용,여,58세,상해없음
2012030200100185,2012년 3월 2일 10시,금요일,충청남도 천안시 서북구 쌍용동,경상사고,0,0,1,0,차대사람 - 횡단중,신호위반,습기,비,교차로 - 교차로부근,특수,남,34세,상해없음,보행자,남,21세,경상
2012030200100221,2012년 3월 2일 11시,금요일,충청남도 당진시 채운동,사망사고,1,0,0,0,차대사람 - 차도통행중,과속,습기,비,단일로 - 기타,화물,남,49세,상해없음,보행자,남,75세,사망
2012030200100248,2012년 3월 2일 12시,금요일,충청남도 홍성군 홍성읍,중상사고,0,1,0,0,차대차 - 측면직각충돌,교차로운행방법위반,습기,비,교차로 - 교차로안,승용,남,41세,상해없음,화물,남,62세,중상
2012030200100249,2012년 3월 2일 12시,금요일,충청남도 서천군 마산면,중상사고,0,1,1,0,차대차 - 기타,안전운전불이행,습기,비,단일로 - 기타,승합,남,55세,상해없음,승용,여,40세,중상
2012030200100250,2012년 3월 2일 12시,금요일,충청남도 보령시 동대동,경상사고,0,0,2,0,차대차 - 추돌 - 진행중,교차로운행방법위반,습기,비,교차로 - 교차로안,승합,남,29세,상해없음,승용,남,66세,경상
2012030200100251,2012년 3월 2일 12시,금요일,충청남도 보령시 동대동,경상사고,0,0,2,0,차대차 - 추돌 - 진행중,신호위반,습기,비,교차로 - 교차로안,승용,남,77세,경상,승용,남,38세,경상
2012030200100278,2012년 3월 2일 13시,금요일,충청남도 천안시 서북구 성거읍,경상사고,0,0,1,0,차대차 - 기타,안전운전불이행,습기,비,단일로 - 기타,화물,남,45세,상해없음,화물,남,37세,경상
2012030200100334,2012년 3월 2일 15시,금요일,충청남도 아산시 온천동,경상사고,0,0,1,0,차대사람 - 기타,안전운전불이행,건조,맑음,단일로 - 기타,화물,남,54세,기타불명,보행자,남,28세,경상
2012030200100335,2012년 3월 2일 15시,금요일,충청남도 아산시 용화동,중상사고,0,1,0,0,차대사람 - 횡단중,신호위반,건조,맑음,단일로 - 기타,승용,여,37세,상해없음,보행자,남,13세,중상
2012030200100396,2012년 3월 2일 17시,금요일,충청남도 천안시 동남구 북면,경상사고,0,0,1,0,차량단독 - 도로외이탈 - 추락,안전거리미확보,건조,맑음,단일로 - 교량,승용,남,57세,경상,,,,
2012030200100430,2012년 3월 2일 18시,금요일,충청남도 천안시 서북구 성정동,경상사고,0,0,1,0,차대차 - 추돌 - 주정차중,안전운전불이행,건조,맑음,교차로 - 교차로부근,화물,남,50세,상해없음,승용,남,51세,경상
2012030200100431,2012년 3월 2일 18시,금요일,충청남도 천안시 서북구 성거읍,경상사고,0,0,1,0,차대차 - 기타,안전운전불이행,건조,맑음,단일로 - 기타,승용,여,50세,상해없음,승용,여,54세,경상
2012030200100479,2012년 3월 2일 19시,금요일,충청남도 천안시 서북구 입장면,중상사고,0,1,1,0,차대차 - 추돌 - 주정차중,안전운전불이행,건조,맑음,단일로 - 기타,화물,남,55세,상해없음,승용,남,59세,경상
2012030200100480,2012년 3월 2일 19시,금요일,충청남도 홍성군 구항면,중상사고,0,1,1,0,차대차 - 추돌 - 진행중,안전운전불이행,습기,흐림,교차로 - 교차로안,승용,남,51세,상해없음,승용,남,44세,경상
2012030200100481,2012년 3월 2일 19시,금요일,충청남도 예산군 예산읍,경상사고,0,0,1,0,차대사람 - 차도통행중,보행자보호의무위반,건조,맑음,교차로 - 교차로안,승용,여,28세,상해없음,보행자,남,49세,경상
2012030200100530,2012년 3월 2일 20시,금요일,충청남도 서천군 장항읍,중상사고,0,1,0,0,차대사람 - 기타,안전운전불이행,건조,흐림,교차로 - 교차로부근,승용,여,43세,상해없음,보행자,남,53세,중상
2012030200100574,2012년 3월 2일 21시,금요일,충청남도 아산시 온천동,중상사고,0,1,0,0,차대사람 - 횡단중,보행자보호의무위반,건조,맑음,단일로 - 횡단보도상,승용,남,36세,상해없음,보행자,남,35세,중상
2012030200100575,2012년 3월 2일 21시,금요일,충청남도 천안시 동남구 병천면,경상사고,0,0,3,0,차대차 - 기타,중앙선침범,건조,맑음,기타 - 기타,승용,남,52세,경상,승용,남,24세,경상
2012030200100610,2012년 3월 2일 22시,금요일,충청남도 아산시 신창면,경상사고,0,0,2,0,차대차 - 추돌 - 주정차중,안전운전불이행,건조,맑음,단일로 - 횡단보도부근,화물,남,21세,상해없음,승합,여,39세,경상