사고번호,사고일시,요일,시군구,사고내용,사망자수,중상자수,경상자수,부상신고자수,사고유형,법규위반,노면상태,기상상태,도로형태,가해운전자 차종,가해운전자 성별,가해운전자 연령,가해운전자 상해정도,피해운전자 차종,피해운전자 성별,피해운전자 연령,피해운전자 상해정도
2012031500100028,2012년 3월 15일 01시,목요일,충청남도 서산시 대산읍,중상사고,0,2,0,0,차량단독 - 전도전복,안전운전불이행,건조,맑음,교차로 - 교차로부근,승용,남,45세,상해없음,,,,
2012031500100044,2012년 3월 15일 02시,목요일,충청남도 천안시 동남구 다가동,경상사고,0,0,1,0,차대차 - 정면충돌,중앙선침범,건조,맑음,미분류 - 미분류,승용,남,41세,상해없음,승용,남,23세,경상
2012031500100054,2012년 3월 15일 03시,목요일,충청남도 당진시 읍내리,중상사고,0,1,1,0,차대사람 - 차도통행중,안전운전불이행,건조,맑음,단일로 - 기타,승용,남,50세,상해없음,보행자,남,66세,중상
2012031500100072,2012년 3월 15일 05시,목요일,충청남도 당진시 석문면,중상사고,0,1,0,0,차대사람 - 차도통행중,안전운전불이행,건조,맑음,단일로 - 기타,승용,남,46세,상해없음,보행자,남,50세,중상
2012031500100073,2012년 3월 15일 05시,목요일,충청남도 천안시 동남구 수신면,중상사고,0,1,1,0,차대차 - 추돌 - 진행중,안전운전불이행,건조,맑음,단일로 - 기타,승용,남,24세,상해없음,화물,남,51세,중상
2012031500100149,2012년 3월 15일 08시,목요일,충청남도 아산시 모종동,경상사고,0,0,1,0,차대사람 - 횡단중,보행자보호의무위반,건조,맑음,교차로 - 교차로부근,승용,여,26세,기타불명,보행자,여,31세,경상
2012031500100150,2012년 3월 15일 08시,목요일,충청남도 아산시 읍내동,경상사고,0,0,1,0,차대차 - 측면직각충돌,신호위반,건조,맑음,교차로 - 교차로안,승용,여,56세,상해없음,승합,남,21세,경상
2012031500100151,2012년 3월 15일 08시,목요일,충청남도 보령시 신흑동,경상사고,0,0,1,0,차대차 - 추돌 - 주정차중,안전운전불이행,건조,맑음,교차로 - 교차로부근,승용,여,68세,상해없음,승용,남,36세,기타불명
2012031500100152,2012년 3월 15일 08시,목요일,충청남도 보령시 대천동,경상사고,0,0,1,0,차대사람 - 기타,안전운전불이행,건조,맑음,단일로 - 기타,기타불명,기타불명,기타불명,기타불명,보행자,여,12세,경상
2012031500100153,2012년 3월 15일 08시,목요일,충청남도 공주시 금성동,경상사고,0,0,1,0,차대차 - 추돌 - 진행중,안전운전불이행,건조,맑음,단일로 - 교량,승용,남,37세,상해없음,승용,남,47세,경상
2012031500100189,2012년 3월 15일 09시,목요일,충청남도 연기군 동면,경상사고,0,0,1,0,차량단독 - 전도전복,안전운전불이행,건조,맑음,기타 - 기타,이륜,남,83세,경상,,,,
2012031500100190,2012년 3월 15일 09시,목요일,충청남도 천안시 동남구 신방동,중상사고,0,1,0,0,차대차 - 기타,신호위반,건조,맑음,교차로 - 교차로안,승용,남,38세,상해없음,승용,남,36세,중상
2012031500100216,2012년 3월 15일 10시,목요일,충청남도 태안군 태안읍,중상사고,0,1,0,0,차대사람 - 횡단중,안전운전불이행,건조,맑음,단일로 - 기타,승용,여,31세,상해없음,보행자,여,67세,중상
2012031500100217,2012년 3월 15일 10시,목요일,충청남도 천안시 동남구 다가동,경상사고,0,0,1,0,차대사람 - 기타,안전운전불이행,건조,맑음,교차로 - 교차로안,승용,남,27세,상해없음,보행자,남,33세,경상
2012031500100245,2012년 3월 15일 11시,목요일,충청남도 천안시 서북구 직산읍,중상사고,0,2,0,0,차대차 - 측면직각충돌,교차로운행방법위반,건조,맑음,교차로 - 교차로안,승용,남,42세,상해없음,원동기,남,51세,중상
2012031500100246,2012년 3월 15일 11시,목요일,충청남도 당진시 읍내리,중상사고,0,1,0,0,차대차 - 추돌 - 진행중,안전운전불이행,건조,맑음,단일로 - 기타,승용,남,55세,기타불명,화물,남,41세,중상
2012031500100294,2012년 3월 15일 13시,목요일,충청남도 공주시 옥룡동,경상사고,0,0,1,0,차대차 - 기타,안전거리미확보,건조,맑음,교차로 - 교차로부근,승용,여,33세,상해없음,승용,여,24세,경상
2012031500100295,2012년 3월 15일 13시,목요일,충청남도 금산군 제원면,경상사고,0,0,2,0,차대차 - 측면직각충돌,직진우회전진행방해,건조,맑음,교차로 - 교차로안,건설기계,남,58세,경상,건설기계,남,73세,경상
2012031500100296,2012년 3월 15일 13시,목요일,충청남도 천안시 동남구 광덕면,경상사고,0,0,1,0,차대차 - 기타,안전운전불이행,건조,맑음,교차로 - 교차로안,화물,남,68세,상해없음,화물,남,67세,경상
2012031500100344,2012년 3월 15일 15시,목요일,충청남도 천안시 서북구 입장면,경상사고,0,0,1,0,차대차 - 기타,안전운전불이행,건조,맑음,교차로 - 교차로부근,원동기,남,68세,경상,화물,남,49세,상해없음
2012031500100380,2012년 3월 15일 16시,목요일,충청남도 논산시 화지동,중상사고,0,1,0,0,차대사람 - 횡단중,보행자보호의무위반,건조,맑음,단일로 - 횡단보도상,승용,남,51세,상해없음,보행자,여,26세,중상
2012031500100445,2012년 3월 15일 19시,목요일,충청남도 천안시 서북구 입장면,중상사고,0,1,0,0,차대차 - 측면직각충돌,안전운전불이행,건조,맑음,교차로 - 교차로안,원동기,남,49세,중상,승용,남,33세,상해없음
2012031500100512,2012년 3월 15일 21시,목요일,충청남도 태안군 태안읍,경상사고,0,0,1,0,차대차 - 측면직각충돌,중앙선침범,건조,맑음,기타 - 기타,승용,남,39세,상해없음,승용,남,48세,경상
2012031500100513,2012년 3월 15일 21시,목요일,충청남도 서산시 읍내동,중상사고,0,1,0,0,차대차 - 측면직각충돌,교차로운행방법위반,건조,맑음,교차로 - 교차로안,승용,남,43세,상해없음,원동기,여,55세,중상
2012031500100514,2012년 3월 15일 21시,목요일,충청남도 당진시 우강면,사망사고,1,0,0,0,차대사람 - 차도통행중,안전운전불이행,건조,맑음,단일로 - 기타,승용,남,46세,상해없음,보행자,여,69세,사망
2012031500100539,2012년 3월 15일 22시,목요일,충청남도 천안시 서북구 성환읍,경상사고,0,0,1,0,차대차 - 추돌 - 주정차중,안전운전불이행,건조,맑음,단일로 - 기타,승용,여,44세,상해없음,승용,남,38세,경상
2012031500100563,2012년 3월 15일 23시,목요일,충청남도 서산시 읍내동,경상사고,0,0,3,0,차대차 - 측면직각충돌,교차로운행방법위반,건조,맑음,교차로 - 교차로안,승용,남,24세,경상,승용,남,53세,상해없음
2012031500100564,2012년 3월 15일 23시,목요일,충청남도 천안시 서북구 쌍용동,경상사고,0,0,1,0,차대사람 - 기타,안전운전불이행,건조,맑음,단일로 - 기타,승용,여,58세,상해없음,보행자,남,35세,경상
2012031600100013,2012년 3월 16일 00시,금요일,충청남도 천안시 동남구 신부동,중상사고,0,1,0,0,차대차 - 기타,안전운전불이행,건조,맑음,단일로 - 기타,승용,남,26세,상해없음,승용,남,25세,중상
2012031600100051,2012년 3월 16일 02시,금요일,충청남도 천안시 서북구 두정동,경상사고,0,0,2,0,차대차 - 추돌 - 진행중,안전운전불이행,건조,맑음,교차로 - 교차로부근,승용,남,34세,상해없음,승용,남,29세,경상
2012031600100085,2012년 3월 16일 05시,금요일,충청남도 아산시 탕정면,중상사고,0,1,0,0,차대차 - 추돌 - 주정차중,신호위반,건조,맑음,교차로 - 교차로안,승용,남,60세,상해없음,승용,남,29세,중상
2012031600100123,2012년 3월 16일 07시,금요일,충청남도 논산시 연무읍,경상사고,0,0,1,0,차대차 - 측면직각충돌,교차로운행방법위반,건조,맑음,교차로 - 교차로안,승용,여,44세,상해없음,승용,여,50세,경상
2012031600100153,2012년 3월 16일 08시,금요일,충청남도 계룡시 두마면,경상사고,0,0,1,0,차대차 - 기타,신호위반,건조,맑음,교차로 - 교차로안,승용,여,34세,상해없음,승합,남,57세,상해없음
2012031600100154,2012년 3월 16일 08시,금요일,충청남도 연기군 조치원읍,중상사고,0,1,0,0,차대사람 - 기타,안전운전불이행,건조,흐림,단일로 - 기타,승용,남,25세,상해없음,보행자,여,17세,중상
2012031600100178,2012년 3월 16일 09시,금요일,충청남도 홍성군 광천읍,중상사고,0,1,0,0,차대차 - 추돌 - 주정차중,안전운전불이행,건조,맑음,교차로 - 교차로안,이륜,남,75세,중상,화물,남,51세,상해없음
2012031600100197,2012년 3월 16일 10시,금요일,충청남도 서산시 수석동,경상사고,0,0,1,0,차대차 - 정면충돌,중앙선침범,건조,맑음,단일로 - 기타,승용,여,53세,상해없음,화물,남,39세,경상
2012031600100198,2012년 3월 16일 10시,금요일,충청남도 서산시 대산읍,중상사고,0,2,1,0,차대차 - 측면직각충돌,중앙선침범,건조,맑음,교차로 - 교차로부근,승용,남,51세,경상,화물,남,43세,중상
2012031600100217,2012년 3월 16일 11시,금요일,충청남도 아산시 영인면,경상사고,0,0,1,0,차량단독 - 공작물충돌,안전운전불이행,건조,맑음,교차로 - 교차로부근,승용,남,39세,상해없음,,,,
2012031600100218,2012년 3월 16일 11시,금요일,충청남도 서천군 장항읍,중상사고,0,1,0,0,차대차 - 기타,중앙선침범,습기,비,교차로 - 교차로안,화물,남,55세,상해없음,승용,여,45세,중상
2012031600100219,2012년 3월 16일 11시,금요일,충청남도 당진시 신평면,경상사고,0,0,1,0,차대차 - 추돌 - 진행중,안전운전불이행,건조,맑음,단일로 - 기타,화물,남,46세,상해없음,화물,남,71세,경상
2012031600100268,2012년 3월 16일 13시,금요일,충청남도 서산시 부석면,중상사고,0,3,0,0,차대차 - 측면직각충돌,안전운전불이행,건조,맑음,단일로 - 기타,화물,남,62세,중상,승용,남,35세,중상
2012031600100269,2012년 3월 16일 13시,금요일,충청남도 예산군 신암면,중상사고,0,3,0,0,차대차 - 기타,안전운전불이행,건조,흐림,단일로 - 기타,화물,남,61세,중상,화물,남,40세,중상
2012031600100270,2012년 3월 16일 13시,금요일,충청남도 금산군 진산면,중상사고,0,1,0,0,차대차 - 측면직각충돌,중앙선침범,습기,비,단일로 - 기타,화물,남,50세,상해없음,승용,남,53세,중상
2012031600100296,2012년 3월 16일 14시,금요일,충청남도 태안군 태안읍,중상사고,0,1,0,0,차대사람 - 횡단중,안전운전불이행,기타,비,단일로 - 기타,승용,여,45세,상해없음,보행자,여,86세,중상
2012031600100318,2012년 3월 16일 15시,금요일,충청남도 천안시 서북구 입장면,경상사고,0,0,1,0,차대차 - 기타,교차로운행방법위반,건조,맑음,교차로 - 교차로안,기타불명,기타불명,기타불명,기타불명,승용,여,36세,경상
2012031600100353,2012년 3월 16일 16시,금요일,충청남도 천안시 서북구 두정동,중상사고,0,1,2,0,차대차 - 기타,안전운전불이행,건조,맑음,단일로 - 기타,승용,남,41세,상해없음,승용,여,43세,중상
2012031600100354,2012년 3월 16일 16시,금요일,충청남도 홍성군 홍북면,경상사고,0,0,1,0,차대차 - 추돌 - 진행중,안전운전불이행,습기,비,단일로 - 기타,승용,여,31세,상해없음,승용,여,30세,경상
2012031600100389,2012년 3월 16일 17시,금요일,충청남도 홍성군 광천읍,중상사고,0,1,1,0,차대차 - 측면직각충돌,교차로운행방법위반,습기,비,교차로 - 교차로안,승용,남,57세,상해없음,화물,여,47세,경상
2012031600100429,2012년 3월 16일 18시,금요일,충청남도 당진시 합덕읍,중상사고,0,1,0,0,차대차 - 측면직각충돌,교차로운행방법위반,습기,비,교차로 - 교차로안,승용,남,30세,상해없음,승용,남,63세,중상
2012031600100482,2012년 3월 16일 19시,금요일,충청남도 아산시 모종동,경상사고,0,0,1,0,차대차 - 추돌 - 진행중,안전운전불이행,습기,비,기타 - 기타,승용,남,27세,상해없음,승용,여,29세,경상
2012031600100483,2012년 3월 16일 19시,금요일,충청남도 아산시 용화동,경상사고,0,0,2,0,차대차 - 추돌 - 주정차중,안전운전불이행,습기,비,교차로 - 교차로부근,화물,남,34세,상해없음,승용,남,31세,경상
2012031600100484,2012년 3월 16일 19시,금요일,충청남도 예산군 덕산면,중상사고,0,1,0,0,차대차 - 기타,중앙선침범,습기,비,단일로 - 기타,승용,남,39세,상해없음,이륜,남,71세,중상
2012031600100485,2012년 3월 16일 19시,금요일,충청남도 천안시 동남구 신부동,경상사고,0,0,1,0,차대차 - 기타,중앙선침범,습기,비,단일로 - 기타,승용,남,23세,상해없음,승용,남,43세,경상
2012031600100541,2012년 3월 16일 20시,금요일,충청남도 공주시 신관동,경상사고,0,0,1,0,차대사람 - 기타,안전운전불이행,건조,맑음,교차로 - 교차로안,이륜,남,16세,상해없음,보행자,여,20세,경상
2012031600100595,2012년 3월 16일 21시,금요일,충청남도 홍성군 홍성읍,경상사고,0,0,1,0,차대차 - 추돌 - 주정차중,안전운전불이행,습기,비,교차로 - 교차로부근,승용,남,54세,상해없음,승용,남,36세,상해없음
2012031600100596,2012년 3월 16일 21시,금요일,충청남도 아산시 남동,경상사고,0,0,2,0,차대차 - 추돌 - 진행중,안전운전불이행,습기,비,기타 - 기타,승용,남,30세,상해없음,승용,남,37세,경상
2012031600100597,2012년 3월 16일 21시,금요일,충청남도 아산시 실옥동,경상사고,0,0,2,0,차대차 - 추돌 - 진행중,안전운전불이행,건조,맑음,기타 - 기타,승용,남,44세,상해없음,승용,남,28세,경상
2012031600100661,2012년 3월 16일 22시,금요일,충청남도 서산시 동문동,경상사고,0,0,1,0,차대사람 - 횡단중,보행자보호의무위반,습기,비,교차로 - 교차로안,승합,남,32세,상해없음,보행자,여,18세,경상
2012031600100662,2012년 3월 16일 22시,금요일,충청남도 부여군 부여읍,중상사고,0,1,0,0,차대사람 - 횡단중,보행자보호의무위반,습기,비,단일로 - 횡단보도상,승용,남,50세,상해없음,보행자,여,52세,중상
2012031600100728,2012년 3월 16일 23시,금요일,충청남도 공주시 옥룡동,경상사고,0,0,1,0,차대차 - 기타,안전거리미확보,습기,비,교차로 - 교차로부근,승용,남,38세,상해없음,이륜,남,18세,경상
2012031700100034,2012년 3월 17일 00시,토요일,충청남도 태안군 태안읍,경상사고,0,0,1,0,차량단독 - 공작물충돌,안전운전불이행,습기,비,교차로 - 교차로안,승용,남,26세,경상,,,,
2012031700100035,2012년 3월 17일 00시,토요일,충청남도 아산시 온천동,경상사고,0,0,2,0,차대차 - 추돌 - 주정차중,안전운전불이행,습기,비,기타 - 기타,승용,여,34세,상해없음,승용,남,29세,경상
2012031700100036,2012년 3월 17일 00시,토요일,충청남도 아산시 음봉면,경상사고,0,0,1,0,차대차 - 추돌 - 진행중,안전운전불이행,습기,비,단일로 - 횡단보도부근,승용,남,45세,상해없음,승용,남,41세,경상
2012031700100089,2012년 3월 17일 01시,토요일,충청남도 천안시 서북구 성정동,경상사고,0,0,2,0,차대차 - 측면직각충돌,교차로운행방법위반,건조,맑음,교차로 - 교차로안,승용,남,58세,경상,승용,남,24세,경상
2012031700100167,2012년 3월 17일 03시,토요일,충청남도 천안시 서북구 성정동,중상사고,0,1,0,0,차대사람 - 기타,안전운전불이행,습기,비,기타 - 기타,승용,남,51세,상해없음,보행자,남,51세,중상
2012031700100168,2012년 3월 17일 03시,토요일,충청남도 천안시 서북구 성정동,경상사고,0,0,1,0,차대차 - 정면충돌,교차로운행방법위반,습기,비,교차로 - 교차로안,승용,남,63세,상해없음,승용,남,64세,경상
2012031700100169,2012년 3월 17일 03시,토요일,충청남도 천안시 동남구 신부동,경상사고,0,0,1,0,차대차 - 측면직각충돌,안전운전불이행,습기,비,교차로 - 교차로안,기타불명,기타불명,기타불명,기타불명,승용,여,55세,경상
2012031700100247,2012년 3월 17일 07시,토요일,충청남도 아산시 음봉면,중상사고,0,1,0,0,차대차 - 정면충돌,중앙선침범,건조,맑음,교차로 - 교차로부근,승용,남,24세,상해없음,승용,남,35세,중상
2012031700100328,2012년 3월 17일 11시,토요일,충청남도 태안군 태안읍,경상사고,0,0,1,0,차대차 - 기타,안전운전불이행,건조,맑음,교차로 - 교차로부근,승용,남,79세,상해없음,승합,남,48세,상해없음
2012031700100329,2012년 3월 17일 11시,토요일,충청남도 천안시 서북구 두정동,경상사고,0,0,2,0,차대차 - 측면직각충돌,교차로운행방법위반,건조,흐림,교차로 - 교차로안,승용,남,32세,상해없음,승용,남,53세,경상
2012031700100330,2012년 3월 17일 11시,토요일,충청남도 예산군 예산읍,경상사고,0,0,1,0,차대사람 - 길가장자리구역통행중,안전운전불이행,습기,비,단일로 - 기타,기타불명,기타불명,기타불명,기타불명,보행자,여,48세,경상
2012031700100355,2012년 3월 17일 12시,토요일,충청남도 서천군 서천읍,중상사고,0,1,0,0,차대차 - 기타,안전운전불이행,건조,맑음,교차로 - 교차로안,승용,남,48세,상해없음,이륜,남,46세,중상
2012031700100356,2012년 3월 17일 12시,토요일,충청남도 서천군 서천읍,중상사고,0,1,1,0,차대차 - 기타,안전운전불이행,건조,맑음,교차로 - 교차로안,승용,남,64세,상해없음,이륜,남,64세,중상
2012031700100357,2012년 3월 17일 12시,토요일,충청남도 천안시 동남구 수신면,경상사고,0,0,1,0,차대차 - 추돌 - 진행중,안전운전불이행,건조,흐림,단일로 - 기타,승용,남,29세,상해없음,승용,남,20세,경상
2012031700100425,2012년 3월 17일 14시,토요일,충청남도 논산시 연무읍,중상사고,0,1,2,0,차량단독 - 도로외이탈 - 추락,안전운전불이행,건조,맑음,단일로 - 기타,승용,남,42세,경상,,,,
2012031700100487,2012년 3월 17일 16시,토요일,충청남도 논산시 가야곡면,중상사고,0,2,0,0,차대차 - 측면직각충돌,교차로운행방법위반,건조,맑음,교차로 - 교차로안,화물,남,56세,상해없음,승용,남,65세,중상
2012031700100488,2012년 3월 17일 16시,토요일,충청남도 계룡시 금암동,경상사고,0,0,2,0,차대차 - 측면직각충돌,안전운전불이행,건조,흐림,교차로 - 교차로부근,승용,남,44세,상해없음,원동기,여,36세,경상
2012031700100489,2012년 3월 17일 16시,토요일,충청남도 천안시 동남구 원성동,경상사고,0,0,1,0,차대차 - 추돌 - 주정차중,안전거리미확보,건조,맑음,교차로 - 교차로부근,승용,여,46세,상해없음,승용,여,39세,상해없음
2012031700100544,2012년 3월 17일 18시,토요일,충청남도 아산시 배방읍,경상사고,0,0,3,0,차대차 - 추돌 - 주정차중,안전운전불이행,건조,맑음,기타 - 기타,승용,남,50세,상해없음,승용,여,41세,경상
2012031700100586,2012년 3월 17일 19시,토요일,충청남도 연기군 조치원읍,경상사고,0,0,1,0,차대차 - 측면직각충돌,신호위반,건조,맑음,교차로 - 교차로안,승용,남,26세,상해없음,승용,남,41세,경상
2012031700100587,2012년 3월 17일 19시,토요일,충청남도 연기군 조치원읍,중상사고,0,1,0,0,차대차 - 측면직각충돌,직진우회전진행방해,건조,흐림,교차로 - 교차로안,승용,남,70세,상해없음,원동기,남,50세,중상
2012031700100588,2012년 3월 17일 19시,토요일,충청남도 천안시 동남구 봉명동,중상사고,0,1,0,0,차대사람 - 길가장자리구역통행중,안전거리미확보,건조,맑음,단일로 - 기타,원동기,남,31세,상해없음,보행자,여,72세,중상
2012031700100626,2012년 3월 17일 20시,토요일,충청남도 서산시 대산읍,중상사고,0,3,0,0,차대차 - 측면직각충돌,신호위반,건조,맑음,교차로 - 교차로안,화물,남,53세,상해없음,화물,남,32세,상해없음
2012031700100627,2012년 3월 17일 20시,토요일,충청남도 서산시 동문동,경상사고,0,0,1,0,차대차 - 측면직각충돌,중앙선침범,건조,맑음,단일로 - 기타,이륜,남,17세,상해없음,이륜,남,21세,경상
2012031700100628,2012년 3월 17일 20시,토요일,충청남도 천안시 서북구 성환읍,경상사고,0,0,1,0,차대차 - 측면직각충돌,안전운전불이행,건조,맑음,교차로 - 교차로안,화물,남,31세,상해없음,자전거,남,18세,경상
2012031700100629,2012년 3월 17일 20시,토요일,충청남도 논산시 취암동,중상사고,0,1,0,0,차대사람 - 횡단중,안전운전불이행,건조,맑음,단일로 - 기타,화물,남,51세,상해없음,보행자,여,66세,중상
2012031700100630,2012년 3월 17일 20시,토요일,충청남도 보령시 신흑동,중상사고,0,1,0,0,차대차 - 정면충돌,중앙선침범,건조,흐림,교차로 - 교차로부근,승용,남,60세,상해없음,승용,남,51세,중상
2012031700100631,2012년 3월 17일 20시,토요일,충청남도 천안시 동남구 병천면,경상사고,0,0,2,0,차대차 - 추돌 - 주정차중,안전운전불이행,건조,맑음,단일로 - 기타,화물,남,53세,상해없음,승용,남,44세,경상
2012031700100671,2012년 3월 17일 21시,토요일,충청남도 연기군 조치원읍,중상사고,0,1,0,0,차대차 - 측면직각충돌,중앙선침범,건조,맑음,교차로 - 교차로부근,승용,남,42세,상해없음,원동기,남,36세,중상
2012031700100734,2012년 3월 17일 23시,토요일,충청남도 홍성군 광천읍,경상사고,0,0,4,0,차대차 - 기타,신호위반,건조,맑음,교차로 - 교차로안,승용,남,45세,상해없음,승용,남,38세,경상
2012031800100013,2012년 3월 18일 00시,일요일,충청남도 천안시 동남구 신방동,중상사고,0,1,0,0,차대차 - 정면충돌,중앙선침범,건조,맑음,단일로 - 기타,승용,남,37세,상해없음,승용,남,36세,중상
2012031800100042,2012년 3월 18일 01시,일요일,충청남도 논산시 연무읍,경상사고,0,0,1,0,차량단독 - 공작물충돌,안전운전불이행,건조,맑음,교차로 - 교차로안,승용,남,63세,상해없음,,,,
2012031800100066,2012년 3월 18일 02시,일요일,충청남도 천안시 동남구 대흥동,중상사고,0,1,1,0,차대차 - 측면직각충돌,안전운전불이행,건조,맑음,단일로 - 기타,승용,남,47세,경상,승용,남,25세,중상
2012031800100067,2012년 3월 18일 02시,일요일,충청남도 천안시 동남구 신부동,중상사고,0,3,0,0,차대차 - 정면충돌,중앙선침범,건조,맑음,단일로 - 기타,승용,여,24세,중상,승용,남,27세,중상
2012031800100141,2012년 3월 18일 07시,일요일,충청남도 천안시 서북구 성정동,경상사고,0,0,2,0,차대차 - 추돌 - 주정차중,안전운전불이행,건조,흐림,기타 - 기타,승용,남,26세,상해없음,승용,여,26세,경상
2012031800100142,2012년 3월 18일 07시,일요일,충청남도 천안시 서북구 입장면,경상사고,0,0,1,0,차대차 - 추돌 - 진행중,안전운전불이행,건조,맑음,단일로 - 기타,승용,남,23세,상해없음,화물,남,55세,경상
2012031800100157,2012년 3월 18일 08시,일요일,충청남도 연기군 서면,경상사고,0,0,1,0,차대차 - 측면직각충돌,신호위반,건조,맑음,교차로 - 교차로안,승합,남,21세,상해없음,화물,남,62세,상해없음
2012031800100178,2012년 3월 18일 10시,일요일,충청남도 아산시 둔포면,경상사고,0,0,2,0,차대차 - 추돌 - 진행중,안전운전불이행,건조,맑음,단일로 - 기타,승용,기타불명,기타불명,기타불명,승용,여,51세,경상
2012031800100233,2012년 3월 18일 13시,일요일,충청남도 서천군 마서면,경상사고,0,0,1,0,차대차 - 기타,안전운전불이행,건조,맑음,교차로 - 교차로부근,승용,남,47세,상해없음,자전거,여,58세,경상
2012031800100234,2012년 3월 18일 13시,일요일,충청남도 보령시 신흑동,중상사고,0,3,0,0,차대차 - 측면직각충돌,직진우회전진행방해,건조,맑음,교차로 - 교차로안,승용,남,43세,상해없음,승용,여,26세,중상
2012031800100256,2012년 3월 18일 14시,일요일,충청남도 논산시 벌곡면,중상사고,0,1,0,0,차대차 - 기타,교차로운행방법위반,건조,흐림,교차로 - 교차로부근,승용,남,49세,상해없음,이륜,남,38세,중상
2012031800100257,2012년 3월 18일 14시,일요일,충청남도 천안시 동남구 신부동,경상사고,0,0,1,0,차대사람 - 기타,안전운전불이행,건조,맑음,기타 - 기타,승용,남,48세,상해없음,보행자,여,29세,경상
2012031800100277,2012년 3월 18일 15시,일요일,충청남도 천안시 동남구 목천읍,중상사고,0,1,2,0,차대차 - 추돌 - 진행중,안전운전불이행,건조,맑음,단일로 - 기타,승용,남,52세,상해없음,승용,남,37세,중상
2012031800100330,2012년 3월 18일 17시,일요일,충청남도 태안군 태안읍,경상사고,0,0,3,0,차대차 - 추돌 - 진행중,안전운전불이행,건조,맑음,기타 - 기타,승용,기타불명,기타불명,기타불명,승용,남,52세,경상
2012031800100331,2012년 3월 18일 17시,일요일,충청남도 천안시 서북구 성거읍,중상사고,0,2,1,0,차대차 - 추돌 - 진행중,안전운전불이행,건조,맑음,단일로 - 기타,승용,남,28세,상해없음,승용,여,29세,중상
2012031800100360,2012년 3월 18일 18시,일요일,충청남도 천안시 동남구 신부동,경상사고,0,0,2,2,차대차 - 추돌 - 주정차중,안전운전불이행,건조,맑음,단일로 - 기타,승용,남,61세,상해없음,승용,남,31세,경상
2012031800100387,2012년 3월 18일 19시,일요일,충청남도 보령시 죽정동,중상사고,0,1,0,0,차대사람 - 기타,안전운전불이행,건조,맑음,단일로 - 기타,승용,남,55세,상해없음,보행자,여,89세,중상
2012031800100409,2012년 3월 18일 20시,일요일,충청남도 예산군 덕산면,중상사고,0,1,2,0,차대차 - 측면직각충돌,안전거리미확보,건조,맑음,교차로 - 교차로부근,승용,여,46세,경상,승용,남,51세,중상
2012031900100044,2012년 3월 19일 05시,월요일,충청남도 아산시 배방읍,사망사고,1,0,0,0,차대사람 - 횡단중,안전운전불이행,건조,맑음,교차로 - 교차로안,승용,남,39세,상해없음,보행자,여,22세,사망
2012031900100103,2012년 3월 19일 08시,월요일,충청남도 연기군 남면,경상사고,0,0,2,0,차대차 - 측면직각충돌,교차로운행방법위반,건조,맑음,교차로 - 교차로안,승용,여,35세,상해없음,승용,여,36세,경상
2012031900100171,2012년 3월 19일 10시,월요일,충청남도 홍성군 홍성읍,경상사고,0,0,2,0,차대차 - 측면직각충돌,안전운전불이행,건조,맑음,교차로 - 교차로부근,화물,남,54세,상해없음,이륜,남,74세,경상
2012031900100198,2012년 3월 19일 11시,월요일,충청남도 아산시 음봉면,사망사고,1,0,0,0,차대차 - 기타,안전운전불이행,건조,맑음,단일로 - 기타,승용,남,34세,사망,화물,남,48세,상해없음
2012031900100214,2012년 3월 19일 12시,월요일,충청남도 천안시 서북구 두정동,경상사고,0,0,1,0,차대사람 - 횡단중,보행자보호의무위반,건조,맑음,교차로 - 교차로안,승합,남,52세,상해없음,보행자,남,50세,경상
2012031900100389,2012년 3월 19일 18시,월요일,충청남도 아산시 배방읍,경상사고,0,0,1,0,차대차 - 측면직각충돌,안전운전불이행,건조,맑음,교차로 - 교차로안,화물,남,66세,상해없음,승용,여,43세,경상
2012031900100390,2012년 3월 19일 18시,월요일,충청남도 보령시 동대동,중상사고,0,1,0,0,차대차 - 측면직각충돌,교차로운행방법위반,건조,맑음,교차로 - 교차로안,원동기,남,20세,중상,승용,남,51세,상해없음
2012031900100422,2012년 3월 19일 19시,월요일,충청남도 서산시 고북면,중상사고,0,1,0,0,차대차 - 기타,교차로운행방법위반,건조,맑음,교차로 - 교차로안,승용,여,45세,중상,화물,남,58세,상해없음
2012031900100524,2012년 3월 19일 22시,월요일,충청남도 태안군 태안읍,중상사고,0,1,0,0,차대차 - 기타,교차로운행방법위반,건조,맑음,교차로 - 교차로안,승용,남,39세,상해없음,승용,남,36세,중상
2012031900100525,2012년 3월 19일 22시,월요일,충청남도 논산시 은진면,경상사고,0,0,1,0,차대차 - 기타,안전운전불이행,건조,맑음,단일로 - 기타,승용,남,25세,상해없음,이륜,남,18세,경상
2012031900100526,2012년 3월 19일 22시,월요일,충청남도 천안시 동남구 신부동,경상사고,0,0,2,0,차대차 - 측면직각충돌,신호위반,건조,맑음,단일로 - 기타,승용,남,46세,상해없음,승용,남,27세,경상
2012031900100550,2012년 3월 19일 23시,월요일,충청남도 천안시 서북구 두정동,중상사고,0,2,2,0,차대차 - 추돌 - 진행중,안전운전불이행,건조,맑음,교차로 - 교차로부근,승용,남,27세,상해없음,승용,남,41세,중상
2012031900100551,2012년 3월 19일 23시,월요일,충청남도 천안시 서북구 성정동,경상사고,0,0,3,0,차대차 - 추돌 - 진행중,안전거리미확보,건조,맑음,교차로 - 교차로부근,승용,남,48세,상해없음,승용,남,55세,경상