사고번호,사고일시,요일,시군구,사고내용,사망자수,중상자수,경상자수,부상신고자수,사고유형,법규위반,노면상태,기상상태,도로형태,가해운전자 차종,가해운전자 성별,가해운전자 연령,가해운전자 상해정도,피해운전자 차종,피해운전자 성별,피해운전자 연령,피해운전자 상해정도
2012031900100552,2012년 3월 19일 23시,월요일,충청남도 논산시 연무읍,경상사고,0,0,2,0,차대차 - 기타,안전거리미확보,건조,맑음,단일로 - 기타,기타불명,기타불명,기타불명,기타불명,승합,여,43세,경상
2012032000100030,2012년 3월 20일 01시,화요일,충청남도 보령시 명천동,경상사고,0,0,1,0,차량단독 - 도로외이탈 - 추락,안전운전불이행,건조,맑음,교차로 - 교차로안,승용,남,64세,경상,,,,
2012032000100069,2012년 3월 20일 04시,화요일,충청남도 공주시 장기면,사망사고,2,1,0,0,차량단독 - 도로외이탈 - 추락,안전운전불이행,건조,맑음,단일로 - 기타,승용,남,19세,사망,,,,
2012032000100080,2012년 3월 20일 05시,화요일,충청남도 천안시 서북구 쌍용동,중상사고,0,1,0,0,차대사람 - 기타,안전운전불이행,건조,맑음,교차로 - 교차로부근,승용,남,26세,상해없음,보행자,여,42세,중상
2012032000100093,2012년 3월 20일 06시,화요일,충청남도 부여군 은산면,중상사고,0,1,0,0,차대차 - 측면직각충돌,직진우회전진행방해,건조,맑음,교차로 - 교차로안,화물,남,40세,상해없음,승용,남,37세,중상
2012032000100144,2012년 3월 20일 08시,화요일,충청남도 홍성군 홍성읍,경상사고,0,0,2,0,차대차 - 측면직각충돌,안전운전불이행,건조,맑음,단일로 - 기타,화물,남,31세,상해없음,승용,여,43세,경상
2012032000100306,2012년 3월 20일 14시,화요일,충청남도 논산시 취암동,경상사고,0,0,2,0,차대차 - 측면직각충돌,교차로운행방법위반,건조,맑음,교차로 - 교차로안,승용,남,28세,경상,승용,여,40세,경상
2012032000100307,2012년 3월 20일 14시,화요일,충청남도 서천군 종천면,경상사고,0,0,1,0,차대차 - 기타,안전운전불이행,건조,맑음,교차로 - 교차로부근,농기계,남,27세,상해없음,승용,남,57세,상해없음
2012032000100308,2012년 3월 20일 14시,화요일,충청남도 청양군 비봉면,중상사고,0,1,0,0,차대차 - 측면직각충돌,직진우회전진행방해,건조,맑음,교차로 - 교차로부근,승용,남,44세,상해없음,이륜,남,70세,중상
2012032000100309,2012년 3월 20일 14시,화요일,충청남도 청양군 목면,부상신고사고,0,0,0,1,차대사람 - 기타,기타,건조,맑음,단일로 - 기타,승합,남,56세,기타불명,보행자,여,77세,부상신고
2012032000100310,2012년 3월 20일 14시,화요일,충청남도 천안시 동남구 용곡동,중상사고,0,1,0,0,차대사람 - 횡단중,보행자보호의무위반,건조,맑음,교차로 - 교차로안,승용,여,42세,상해없음,보행자,남,7세,중상
2012032000100311,2012년 3월 20일 14시,화요일,충청남도 천안시 동남구 신부동,중상사고,0,1,0,0,차대차 - 측면직각충돌,교차로운행방법위반,건조,맑음,교차로 - 교차로안,승용,여,40세,상해없음,이륜,남,31세,중상
2012032000100327,2012년 3월 20일 15시,화요일,충청남도 천안시 동남구 영성동,경상사고,0,0,1,0,차대사람 - 기타,안전운전불이행,건조,맑음,단일로 - 기타,승용,여,27세,상해없음,보행자,남,50세,경상
2012032000100366,2012년 3월 20일 16시,화요일,충청남도 서천군 종천면,중상사고,0,1,1,0,차대차 - 기타,직진우회전진행방해,건조,맑음,교차로 - 교차로안,승용,남,22세,경상,승용,여,39세,중상
2012032000100367,2012년 3월 20일 16시,화요일,충청남도 금산군 진산면,중상사고,0,1,0,0,차대차 - 측면직각충돌,중앙선침범,건조,맑음,단일로 - 기타,화물,남,65세,상해없음,이륜,남,34세,중상
2012032000100388,2012년 3월 20일 17시,화요일,충청남도 서천군 장항읍,중상사고,0,1,0,0,차대차 - 기타,직진우회전진행방해,건조,맑음,교차로 - 교차로안,이륜,남,64세,상해없음,자전거,여,68세,중상
2012032000100389,2012년 3월 20일 17시,화요일,충청남도 보령시 청소면,중상사고,0,1,3,0,차대차 - 추돌 - 진행중,교차로운행방법위반,건조,맑음,교차로 - 교차로안,승용,남,40세,경상,승합,여,48세,경상
2012032000100424,2012년 3월 20일 18시,화요일,충청남도 당진시 신평면,경상사고,0,0,2,0,차대차 - 추돌 - 주정차중,안전운전불이행,건조,맑음,교차로 - 교차로부근,승용,남,44세,상해없음,승용,남,49세,경상
2012032000100425,2012년 3월 20일 18시,화요일,충청남도 금산군 복수면,중상사고,0,1,2,0,차대차 - 측면직각충돌,신호위반,건조,맑음,교차로 - 교차로안,승용,남,32세,상해없음,승용,여,40세,경상
2012032000100426,2012년 3월 20일 18시,화요일,충청남도 천안시 동남구 병천면,경상사고,0,0,1,1,차대차 - 추돌 - 진행중,안전운전불이행,건조,맑음,단일로 - 교량,승용,여,41세,상해없음,승용,남,23세,경상
2012032000100473,2012년 3월 20일 19시,화요일,충청남도 천안시 서북구 입장면,중상사고,0,1,0,0,차대사람 - 길가장자리구역통행중,안전운전불이행,건조,맑음,기타 - 기타,승용,남,21세,상해없음,보행자,남,38세,중상
2012032000100474,2012년 3월 20일 19시,화요일,충청남도 논산시 화지동,경상사고,0,0,3,0,차대차 - 측면직각충돌,교차로운행방법위반,건조,맑음,교차로 - 교차로안,승용,남,37세,경상,승용,남,43세,경상
2012032000100475,2012년 3월 20일 19시,화요일,충청남도 서천군 장항읍,중상사고,0,1,0,0,차대사람 - 기타,안전운전불이행,건조,맑음,교차로 - 교차로안,승용,남,44세,상해없음,보행자,남,59세,중상
2012032000100476,2012년 3월 20일 19시,화요일,충청남도 금산군 금산읍,중상사고,0,1,0,0,차대차 - 측면직각충돌,직진우회전진행방해,건조,맑음,교차로 - 교차로안,화물,남,67세,상해없음,화물,남,35세,중상
2012032000100506,2012년 3월 20일 20시,화요일,충청남도 천안시 동남구 안서동,중상사고,0,2,0,0,차대차 - 기타,중앙선침범,건조,맑음,단일로 - 기타,승용,남,41세,상해없음,원동기,남,18세,중상
2012032000100507,2012년 3월 20일 20시,화요일,충청남도 천안시 동남구 삼룡동,부상신고사고,0,0,0,1,차대차 - 추돌 - 주정차중,안전운전불이행,건조,맑음,단일로 - 기타,승용,여,33세,상해없음,화물,여,43세,부상신고
2012032000100544,2012년 3월 20일 21시,화요일,충청남도 보령시 대천동,중상사고,0,1,0,0,차대사람 - 기타,안전운전불이행,건조,맑음,교차로 - 교차로안,승용,남,56세,상해없음,보행자,남,48세,중상
2012032000100545,2012년 3월 20일 21시,화요일,충청남도 천안시 동남구 청수동,경상사고,0,0,1,0,차대사람 - 횡단중,안전운전불이행,건조,맑음,단일로 - 기타,승용,남,31세,상해없음,보행자,남,44세,경상
2012032000100603,2012년 3월 20일 23시,화요일,충청남도 서산시 잠홍동,사망사고,1,0,0,0,차대사람 - 횡단중,안전운전불이행,건조,맑음,단일로 - 기타,승합,남,46세,상해없음,보행자,여,31세,사망
2012032000100604,2012년 3월 20일 23시,화요일,충청남도 보령시 신흑동,경상사고,0,0,2,0,차대차 - 추돌 - 진행중,차로위반,건조,맑음,단일로 - 기타,승용,여,47세,상해없음,승용,남,34세,경상
2012032000100605,2012년 3월 20일 23시,화요일,충청남도 천안시 동남구 안서동,경상사고,0,0,1,0,차대차 - 추돌 - 진행중,안전운전불이행,건조,맑음,교차로 - 교차로부근,승용,남,37세,상해없음,승용,여,45세,경상
2012032100100102,2012년 3월 21일 07시,수요일,충청남도 보령시 주교면,중상사고,0,1,1,0,차대차 - 추돌 - 진행중,안전운전불이행,건조,맑음,단일로 - 기타,화물,남,30세,중상,화물,남,54세,경상
2012032100100103,2012년 3월 21일 07시,수요일,충청남도 천안시 동남구 원성동,중상사고,0,1,0,0,차대사람 - 횡단중,안전운전불이행,건조,맑음,단일로 - 기타,원동기,남,73세,기타불명,보행자,여,60세,중상
2012032100100104,2012년 3월 21일 07시,수요일,충청남도 천안시 서북구 쌍용동,중상사고,0,2,1,0,차대차 - 측면직각충돌,신호위반,건조,맑음,교차로 - 교차로안,화물,남,54세,상해없음,승합,남,66세,중상
2012032100100178,2012년 3월 21일 10시,수요일,충청남도 홍성군 광천읍,중상사고,0,1,0,0,차대사람 - 횡단중,보행자보호의무위반,건조,맑음,교차로 - 교차로안,화물,남,65세,상해없음,보행자,남,75세,중상
2012032100100211,2012년 3월 21일 11시,수요일,충청남도 서산시 음암면,중상사고,0,1,0,0,차대차 - 측면직각충돌,안전운전불이행,건조,맑음,교차로 - 교차로안,승합,남,60세,상해없음,자전거,남,84세,중상
2012032100100225,2012년 3월 21일 12시,수요일,충청남도 공주시 신관동,경상사고,0,0,1,0,차대차 - 측면직각충돌,신호위반,건조,맑음,교차로 - 교차로안,화물,남,27세,상해없음,이륜,남,54세,경상
2012032100100226,2012년 3월 21일 12시,수요일,충청남도 당진시 송악읍,경상사고,0,0,2,0,차대차 - 정면충돌,안전운전불이행,건조,맑음,단일로 - 기타,화물,남,47세,상해없음,승용,여,33세,경상
2012032100100255,2012년 3월 21일 13시,수요일,충청남도 보령시 웅천읍,중상사고,0,2,0,0,차대차 - 정면충돌,중앙선침범,건조,맑음,단일로 - 기타,특수,남,51세,상해없음,건설기계,남,53세,중상
2012032100100256,2012년 3월 21일 13시,수요일,충청남도 연기군 남면,중상사고,0,1,0,0,차대차 - 추돌 - 진행중,안전운전불이행,건조,맑음,단일로 - 기타,승용,남,41세,상해없음,원동기,여,63세,중상
2012032100100257,2012년 3월 21일 13시,수요일,충청남도 부여군 부여읍,중상사고,0,1,0,0,차대차 - 측면직각충돌,신호위반,건조,맑음,교차로 - 교차로안,승용,여,55세,상해없음,화물,남,26세,중상
2012032100100327,2012년 3월 21일 16시,수요일,충청남도 천안시 서북구 성거읍,중상사고,0,1,1,0,차대차 - 기타,안전운전불이행,건조,맑음,단일로 - 기타,화물,남,37세,상해없음,화물,남,41세,중상
2012032100100356,2012년 3월 21일 17시,수요일,충청남도 천안시 서북구 성거읍,경상사고,0,0,1,0,차대차 - 추돌 - 주정차중,안전거리미확보,건조,맑음,교차로 - 교차로부근,화물,남,44세,상해없음,화물,남,46세,경상
2012032100100399,2012년 3월 21일 18시,수요일,충청남도 서산시 읍내동,경상사고,0,0,1,0,차대차 - 측면직각충돌,직진우회전진행방해,건조,맑음,교차로 - 교차로안,승용,여,37세,상해없음,승용,여,37세,경상
2012032100100400,2012년 3월 21일 18시,수요일,충청남도 서천군 장항읍,중상사고,0,2,1,0,차대차 - 기타,안전운전불이행,건조,맑음,단일로 - 기타,화물,남,34세,중상,화물,남,71세,경상
2012032100100428,2012년 3월 21일 19시,수요일,충청남도 보령시 명천동,중상사고,0,1,0,0,차대차 - 기타,안전거리미확보,건조,맑음,교차로 - 교차로부근,승용,여,40세,상해없음,화물,여,45세,중상
2012032100100429,2012년 3월 21일 19시,수요일,충청남도 당진시 송악읍,경상사고,0,0,2,0,차대차 - 추돌 - 진행중,안전거리미확보,건조,맑음,단일로 - 기타,승용,남,42세,상해없음,화물,남,49세,경상
2012032100100493,2012년 3월 21일 21시,수요일,충청남도 천안시 서북구 신당동,경상사고,0,0,1,0,차대차 - 측면직각충돌,안전운전불이행,건조,맑음,교차로 - 교차로안,승용,남,50세,상해없음,승용,남,20세,경상
2012032100100494,2012년 3월 21일 21시,수요일,충청남도 논산시 취암동,경상사고,0,0,1,0,차대사람 - 기타,안전운전불이행,건조,맑음,단일로 - 기타,승용,남,32세,상해없음,보행자,남,17세,경상
2012032100100495,2012년 3월 21일 21시,수요일,충청남도 당진시 읍내리,경상사고,0,0,6,0,차대차 - 추돌 - 주정차중,기타,건조,맑음,단일로 - 기타,화물,남,42세,상해없음,승합,남,43세,경상
2012032100100525,2012년 3월 21일 22시,수요일,충청남도 천안시 서북구 직산읍,경상사고,0,0,1,0,차대사람 - 기타,안전운전불이행,건조,맑음,교차로 - 교차로부근,승용,남,24세,상해없음,보행자,여,16세,경상
2012032200100017,2012년 3월 22일 00시,목요일,충청남도 천안시 동남구 안서동,경상사고,0,0,2,0,차대차 - 추돌 - 주정차중,안전운전불이행,습기,비,교차로 - 교차로부근,승용,남,24세,상해없음,승용,남,60세,경상
2012032200100029,2012년 3월 22일 01시,목요일,충청남도 천안시 서북구 쌍용동,경상사고,0,0,2,0,차대차 - 추돌 - 주정차중,안전운전불이행,건조,맑음,교차로 - 교차로부근,승용,여,46세,상해없음,승용,남,48세,경상
2012032200100042,2012년 3월 22일 02시,목요일,충청남도 천안시 서북구 성정동,경상사고,0,0,2,0,차대차 - 측면직각충돌,교차로운행방법위반,건조,맑음,교차로 - 교차로안,승용,남,57세,경상,승용,남,22세,상해없음
2012032200100064,2012년 3월 22일 05시,목요일,충청남도 당진시 순성면,중상사고,0,1,0,0,차대차 - 기타,중앙선침범,습기,비,단일로 - 기타,화물,남,38세,상해없음,승용,남,26세,중상
2012032200100115,2012년 3월 22일 08시,목요일,충청남도 천안시 서북구 성정동,경상사고,0,0,2,0,차대차 - 기타,안전운전불이행,건조,맑음,단일로 - 기타,승용,남,26세,상해없음,이륜,여,23세,경상
2012032200100147,2012년 3월 22일 09시,목요일,충청남도 공주시 계룡면,중상사고,0,1,0,0,차대차 - 정면충돌,중앙선침범,건조,맑음,단일로 - 기타,승용,여,46세,상해없음,화물,남,46세,중상
2012032200100166,2012년 3월 22일 10시,목요일,충청남도 연기군 남면,중상사고,0,4,0,0,차대차 - 추돌 - 진행중,안전거리미확보,건조,맑음,교차로 - 교차로부근,건설기계,남,56세,상해없음,화물,남,56세,중상
2012032200100203,2012년 3월 22일 12시,목요일,충청남도 공주시 반포면,중상사고,0,1,0,0,차대차 - 추돌 - 진행중,안전운전불이행,건조,흐림,단일로 - 기타,승용,여,51세,상해없음,이륜,남,71세,중상
2012032200100220,2012년 3월 22일 13시,목요일,충청남도 논산시 내동,경상사고,0,0,2,0,차대차 - 측면직각충돌,교차로운행방법위반,건조,맑음,교차로 - 교차로안,승용,여,54세,경상,승용,남,44세,경상
2012032200100221,2012년 3월 22일 13시,목요일,충청남도 부여군 부여읍,경상사고,0,0,1,0,차대차 - 측면직각충돌,중앙선침범,건조,맑음,단일로 - 기타,화물,남,46세,상해없음,원동기,남,68세,경상
2012032200100310,2012년 3월 22일 16시,목요일,충청남도 천안시 서북구 쌍용동,경상사고,0,0,1,0,차대차 - 측면직각충돌,안전거리미확보,건조,맑음,단일로 - 기타,승용,여,33세,상해없음,승용,남,45세,경상
2012032200100342,2012년 3월 22일 17시,목요일,충청남도 금산군 금산읍,경상사고,0,0,1,0,차대차 - 측면직각충돌,안전운전불이행,습기,비,단일로 - 기타,승용,남,51세,상해없음,원동기,남,76세,경상
2012032200100381,2012년 3월 22일 18시,목요일,충청남도 보령시 동대동,중상사고,0,2,0,0,차대차 - 기타,신호위반,습기,비,교차로 - 교차로안,승용,남,67세,상해없음,승용,남,40세,중상
2012032200100424,2012년 3월 22일 19시,목요일,충청남도 논산시 은진면,중상사고,0,1,0,0,차량단독 - 전도전복,안전운전불이행,습기,비,단일로 - 기타,화물,남,45세,중상,,,,
2012032200100425,2012년 3월 22일 19시,목요일,충청남도 예산군 광시면,중상사고,0,1,0,0,차대차 - 측면직각충돌,중앙선침범,건조,맑음,교차로 - 교차로부근,승용,남,70세,상해없음,이륜,남,46세,중상
2012032200100452,2012년 3월 22일 20시,목요일,충청남도 천안시 서북구 성정동,경상사고,0,0,4,0,차대차 - 추돌 - 진행중,안전운전불이행,건조,맑음,단일로 - 기타,승용,남,36세,상해없음,승용,남,25세,경상
2012032200100453,2012년 3월 22일 20시,목요일,충청남도 공주시 정안면,중상사고,0,2,1,0,차대차 - 추돌 - 진행중,안전운전불이행,습기,흐림,단일로 - 기타,화물,남,47세,상해없음,승용,남,42세,중상
2012032200100501,2012년 3월 22일 21시,목요일,충청남도 논산시 취암동,중상사고,0,2,0,0,차대사람 - 횡단중,보행자보호의무위반,습기,비,단일로 - 횡단보도상,승용,남,34세,상해없음,보행자,남,38세,중상
2012032200100502,2012년 3월 22일 21시,목요일,충청남도 공주시 사곡면,중상사고,0,1,0,0,차대차 - 추돌 - 진행중,안전운전불이행,습기,비,단일로 - 기타,승용,남,51세,상해없음,농기계,남,50세,중상
2012032200100595,2012년 3월 22일 23시,목요일,충청남도 천안시 서북구 쌍용동,경상사고,0,0,2,0,차대차 - 기타,신호위반,습기,비,교차로 - 교차로부근,승용,남,30세,상해없음,승용,남,35세,경상
2012032200100596,2012년 3월 22일 23시,목요일,충청남도 청양군 정산면,경상사고,0,0,1,0,차량단독 - 도로외이탈 - 기타,안전운전불이행,습기,비,단일로 - 기타,승용,남,31세,경상,,,,
2012032300100044,2012년 3월 23일 01시,금요일,충청남도 논산시 내동,경상사고,0,0,1,0,차대차 - 기타,안전운전불이행,습기,비,교차로 - 교차로부근,승용,남,30세,상해없음,승용,여,44세,경상
2012032300100131,2012년 3월 23일 07시,금요일,충청남도 천안시 동남구 쌍용동,경상사고,0,0,1,0,차대사람 - 기타,안전운전불이행,습기,비,단일로 - 횡단보도부근,승용,남,57세,상해없음,보행자,여,15세,경상
2012032300100132,2012년 3월 23일 07시,금요일,충청남도 아산시 염치읍,경상사고,0,0,1,0,차대차 - 추돌 - 주정차중,안전운전불이행,습기,비,교차로 - 교차로부근,승용,여,55세,기타불명,화물,남,53세,경상
2012032300100170,2012년 3월 23일 08시,금요일,충청남도 부여군 규암면,중상사고,0,1,2,0,차대차 - 측면직각충돌,신호위반,습기,비,교차로 - 교차로안,승용,여,28세,중상,화물,남,47세,경상
2012032300100171,2012년 3월 23일 08시,금요일,충청남도 당진시 순성면,경상사고,0,0,1,0,차대차 - 측면직각충돌,신호위반,습기,비,교차로 - 교차로안,승용,남,57세,상해없음,승용,여,40세,경상
2012032300100251,2012년 3월 23일 11시,금요일,충청남도 논산시 취암동,경상사고,0,0,1,0,차대차 - 측면직각충돌,신호위반,습기,비,교차로 - 교차로안,화물,남,37세,상해없음,승용,여,58세,경상
2012032300100323,2012년 3월 23일 13시,금요일,충청남도 당진시 송악읍,경상사고,0,0,1,0,차대차 - 측면직각충돌,교차로운행방법위반,습기,흐림,교차로 - 교차로안,승용,남,50세,상해없음,승용,여,49세,경상
2012032300100353,2012년 3월 23일 14시,금요일,충청남도 논산시 연무읍,경상사고,0,0,1,0,차대차 - 추돌 - 주정차중,안전운전불이행,습기,비,교차로 - 교차로부근,화물,남,66세,상해없음,승용,여,39세,경상
2012032300100354,2012년 3월 23일 14시,금요일,충청남도 연기군 조치원읍,경상사고,0,0,1,0,차대차 - 측면직각충돌,안전운전불이행,습기,비,교차로 - 교차로안,화물,남,43세,기타불명,승용,남,42세,경상
2012032300100419,2012년 3월 23일 16시,금요일,충청남도 아산시 읍내동,경상사고,0,0,1,0,차대차 - 기타,안전운전불이행,습기,비,기타 - 기타,승용,여,46세,상해없음,승용,남,51세,경상
2012032300100445,2012년 3월 23일 17시,금요일,충청남도 논산시 상월면,경상사고,0,0,2,0,차대차 - 추돌 - 주정차중,안전운전불이행,습기,비,단일로 - 기타,화물,남,73세,상해없음,화물,남,52세,경상
2012032300100446,2012년 3월 23일 17시,금요일,충청남도 서천군 서천읍,중상사고,0,1,1,0,차대차 - 기타,직진우회전진행방해,건조,맑음,교차로 - 교차로안,이륜,남,26세,중상,화물,여,58세,경상
2012032300100447,2012년 3월 23일 17시,금요일,충청남도 부여군 부여읍,중상사고,0,2,0,0,차대사람 - 횡단중,보행자보호의무위반,건조,맑음,단일로 - 횡단보도상,승용,남,31세,상해없음,보행자,여,18세,중상
2012032300100552,2012년 3월 23일 19시,금요일,충청남도 아산시 남동,경상사고,0,0,1,0,차대차 - 추돌 - 주정차중,안전운전불이행,습기,비,단일로 - 기타,승용,남,42세,기타불명,화물,남,38세,경상
2012032300100553,2012년 3월 23일 19시,금요일,충청남도 서천군 마서면,중상사고,0,3,6,0,차대차 - 기타,안전운전불이행,건조,맑음,교차로 - 교차로부근,화물,남,53세,상해없음,승합,남,38세,중상
2012032300100554,2012년 3월 23일 19시,금요일,충청남도 당진시 원당리,경상사고,0,0,1,0,차대사람 - 기타,안전운전불이행,건조,맑음,단일로 - 기타,승용,남,30세,상해없음,보행자,남,42세,경상
2012032300100628,2012년 3월 23일 20시,금요일,충청남도 서산시 동문동,중상사고,0,1,0,0,차대차 - 추돌 - 진행중,안전운전불이행,습기,비,교차로 - 교차로부근,승용,남,45세,상해없음,승용,남,40세,중상
2012032300100629,2012년 3월 23일 20시,금요일,충청남도 계룡시 엄사면,중상사고,0,1,0,0,차대사람 - 횡단중,안전운전불이행,습기,비,교차로 - 교차로부근,승용,여,46세,상해없음,보행자,남,13세,중상
2012032300100691,2012년 3월 23일 21시,금요일,충청남도 천안시 서북구 두정동,경상사고,0,0,1,0,차대사람 - 기타,안전운전불이행,습기,비,단일로 - 기타,승용,여,44세,상해없음,보행자,남,18세,경상
2012032300100692,2012년 3월 23일 21시,금요일,충청남도 아산시 용화동,중상사고,0,1,0,0,차대사람 - 보도통행중,보행자보호의무위반,습기,비,교차로 - 교차로부근,이륜,남,42세,상해없음,보행자,여,59세,중상
2012032400100025,2012년 3월 24일 00시,토요일,충청남도 천안시 동남구 성남면,경상사고,0,0,1,0,차대차 - 추돌 - 주정차중,안전운전불이행,건조,맑음,단일로 - 기타,승용,남,51세,상해없음,승용,남,30세,상해없음
2012032400100162,2012년 3월 24일 04시,토요일,충청남도 논산시 연무읍,경상사고,0,0,3,0,차대차 - 추돌 - 주정차중,안전운전불이행,습기,비,단일로 - 기타,승용,남,18세,경상,승용,남,63세,기타불명
2012032400100180,2012년 3월 24일 05시,토요일,충청남도 천안시 서북구 두정동,경상사고,0,0,1,0,차대사람 - 길가장자리구역통행중,안전운전불이행,습기,흐림,단일로 - 기타,승용,남,25세,상해없음,보행자,남,18세,경상
2012032400100244,2012년 3월 24일 08시,토요일,충청남도 예산군 예산읍,경상사고,0,0,1,0,차대차 - 측면직각충돌,안전거리미확보,건조,맑음,교차로 - 교차로부근,화물,기타불명,기타불명,기타불명,이륜,남,72세,경상
2012032400100262,2012년 3월 24일 09시,토요일,충청남도 태안군 태안읍,사망사고,1,0,0,0,차대사람 - 횡단중,안전운전불이행,건조,맑음,기타 - 기타,승합,남,46세,상해없음,보행자,여,75세,사망
2012032400100263,2012년 3월 24일 09시,토요일,충청남도 논산시 취암동,중상사고,0,1,1,0,차대차 - 측면직각충돌,신호위반,건조,맑음,교차로 - 교차로안,승용,남,28세,상해없음,이륜,남,58세,중상
2012032400100264,2012년 3월 24일 09시,토요일,충청남도 보령시 주교면,사망사고,1,0,1,0,차대차 - 측면직각충돌,안전운전불이행,건조,맑음,단일로 - 기타,승용,남,73세,사망,승용,남,43세,상해없음
2012032400100288,2012년 3월 24일 10시,토요일,충청남도 서산시 읍내동,경상사고,0,0,1,0,차대차 - 측면직각충돌,안전운전불이행,건조,맑음,교차로 - 교차로부근,자전거,남,13세,경상,승용,여,46세,상해없음
2012032400100312,2012년 3월 24일 11시,토요일,충청남도 논산시 연산면,경상사고,0,0,3,0,차대차 - 측면직각충돌,신호위반,건조,맑음,교차로 - 교차로안,승용,남,83세,상해없음,승용,여,47세,경상
2012032400100313,2012년 3월 24일 11시,토요일,충청남도 공주시 봉황동,경상사고,0,0,1,0,차대차 - 기타,교차로운행방법위반,건조,맑음,교차로 - 교차로안,승용,남,45세,상해없음,이륜,남,56세,경상
2012032400100314,2012년 3월 24일 11시,토요일,충청남도 예산군 예산읍,중상사고,0,1,0,0,차대차 - 측면직각충돌,직진우회전진행방해,건조,맑음,교차로 - 교차로안,승합,여,41세,상해없음,이륜,남,72세,중상
2012032400100315,2012년 3월 24일 11시,토요일,충청남도 당진시 원당리,경상사고,0,0,2,0,차대차 - 측면직각충돌,안전운전불이행,건조,맑음,교차로 - 교차로안,승용,남,76세,상해없음,승용,여,31세,경상
2012032400100316,2012년 3월 24일 11시,토요일,충청남도 천안시 동남구 구성동,중상사고,0,1,0,0,차량단독 - 기타,기타,건조,맑음,단일로 - 기타,승합,남,60세,상해없음,,,,
2012032400100317,2012년 3월 24일 11시,토요일,충청남도 천안시 동남구 청당동,경상사고,0,0,1,0,차대차 - 기타,중앙선침범,건조,맑음,교차로 - 교차로부근,승용,남,32세,상해없음,승용,여,46세,경상
2012032400100318,2012년 3월 24일 11시,토요일,충청남도 천안시 서북구 성거읍,경상사고,0,0,2,0,차대차 - 추돌 - 주정차중,안전운전불이행,건조,흐림,단일로 - 기타,승용,남,66세,상해없음,승용,여,27세,경상
2012032400100345,2012년 3월 24일 12시,토요일,충청남도 당진시 송악읍,사망사고,1,0,0,0,차대차 - 측면직각충돌,신호위반,건조,맑음,교차로 - 교차로안,이륜,남,39세,사망,화물,남,23세,상해없음
2012032400100380,2012년 3월 24일 13시,토요일,충청남도 연기군 조치원읍,경상사고,0,0,1,0,차대사람 - 길가장자리구역통행중,안전운전불이행,건조,맑음,단일로 - 기타,승용,남,60세,상해없음,보행자,여,53세,경상
2012032400100381,2012년 3월 24일 13시,토요일,충청남도 연기군 남면,경상사고,0,0,2,0,차대차 - 측면직각충돌,직진우회전진행방해,건조,맑음,교차로 - 교차로안,승용,남,32세,경상,화물,남,47세,경상
2012032400100382,2012년 3월 24일 13시,토요일,충청남도 예산군 예산읍,경상사고,0,0,1,0,차량단독 - 도로외이탈 - 추락,안전운전불이행,건조,맑음,단일로 - 기타,이륜,남,73세,경상,,,,
2012032400100383,2012년 3월 24일 13시,토요일,충청남도 공주시 정안면,중상사고,0,1,3,0,차대차 - 측면직각충돌,안전운전불이행,건조,맑음,단일로 - 기타,승용,남,19세,상해없음,승용,남,47세,중상
2012032400100424,2012년 3월 24일 14시,토요일,충청남도 천안시 서북구 두정동,경상사고,0,0,1,0,차대사람 - 기타,안전운전불이행,건조,맑음,단일로 - 기타,승용,남,32세,기타불명,보행자,남,46세,경상
2012032400100503,2012년 3월 24일 16시,토요일,충청남도 천안시 동남구 사직동,중상사고,0,1,2,0,차대차 - 기타,중앙선침범,건조,맑음,미분류 - 미분류,승용,여,35세,상해없음,승용,여,26세,경상
2012032400100584,2012년 3월 24일 18시,토요일,충청남도 홍성군 홍동면,중상사고,0,1,0,0,차대차 - 기타,교차로운행방법위반,건조,맑음,교차로 - 교차로안,승용,남,66세,상해없음,이륜,남,45세,중상
2012032400100585,2012년 3월 24일 18시,토요일,충청남도 아산시 염치읍,중상사고,0,1,1,0,차대차 - 정면충돌,신호위반,건조,맑음,교차로 - 교차로안,승용,남,27세,상해없음,승용,남,28세,중상
2012032400100586,2012년 3월 24일 18시,토요일,충청남도 천안시 동남구 병천면,경상사고,0,0,2,0,차대차 - 기타,교차로운행방법위반,건조,맑음,교차로 - 교차로안,승용,여,25세,경상,승합,남,53세,상해없음
2012032400100628,2012년 3월 24일 19시,토요일,충청남도 서천군 장항읍,사망사고,1,0,0,0,차대사람 - 기타,보행자보호의무위반,건조,맑음,교차로 - 교차로안,승용,여,63세,상해없음,보행자,남,54세,사망
2012032400100661,2012년 3월 24일 20시,토요일,충청남도 서산시 음암면,중상사고,0,1,0,0,차대사람 - 기타,안전운전불이행,건조,맑음,단일로 - 기타,승용,여,35세,상해없음,보행자,남,65세,중상
2012032400100691,2012년 3월 24일 21시,토요일,충청남도 서천군 서천읍,중상사고,0,1,0,0,차대사람 - 기타,안전운전불이행,건조,기타,기타 - 기타,기타불명,기타불명,기타불명,기타불명,보행자,여,72세,중상
2012032400100692,2012년 3월 24일 21시,토요일,충청남도 당진시 송악읍,경상사고,0,0,1,0,차대차 - 측면직각충돌,교차로운행방법위반,건조,맑음,교차로 - 교차로안,승용,남,45세,상해없음,승용,남,28세,경상
2012032400100719,2012년 3월 24일 22시,토요일,충청남도 보령시 궁촌동,경상사고,0,0,2,0,차대차 - 측면직각충돌,신호위반,건조,맑음,교차로 - 교차로안,승용,여,48세,경상,승용,남,38세,경상