사고번호,사고일시,요일,시군구,사고내용,사망자수,중상자수,경상자수,부상신고자수,사고유형,법규위반,노면상태,기상상태,도로형태,가해운전자 차종,가해운전자 성별,가해운전자 연령,가해운전자 상해정도,피해운전자 차종,피해운전자 성별,피해운전자 연령,피해운전자 상해정도
2012032400100747,2012년 3월 24일 23시,토요일,충청남도 보령시 동대동,경상사고,0,0,3,0,차대차 - 측면직각충돌,교차로운행방법위반,건조,맑음,교차로 - 교차로안,승용,여,30세,상해없음,승용,여,53세,경상
2012032400100748,2012년 3월 24일 23시,토요일,충청남도 공주시 옥룡동,경상사고,0,0,1,0,차대차 - 기타,신호위반,건조,맑음,교차로 - 교차로부근,승용,여,28세,상해없음,이륜,남,16세,경상
2012032500100016,2012년 3월 25일 00시,일요일,충청남도 천안시 서북구 성정동,중상사고,0,2,0,0,차대차 - 기타,중앙선침범,건조,맑음,단일로 - 기타,승용,남,60세,상해없음,승용,남,31세,중상
2012032500100036,2012년 3월 25일 01시,일요일,충청남도 천안시 서북구 성정동,중상사고,0,1,1,0,차대차 - 정면충돌,중앙선침범,건조,맑음,단일로 - 기타,승합,남,36세,중상,승합,남,27세,경상
2012032500100174,2012년 3월 25일 12시,일요일,충청남도 당진시 합덕읍,중상사고,0,1,0,0,차대차 - 추돌 - 진행중,안전거리미확보,건조,맑음,단일로 - 기타,화물,남,66세,상해없음,승용,남,79세,중상
2012032500100244,2012년 3월 25일 15시,일요일,충청남도 청양군 청양읍,중상사고,0,2,1,0,차대차 - 정면충돌,신호위반,건조,맑음,교차로 - 교차로안,승용,여,60세,중상,승용,남,57세,상해없음
2012032500100268,2012년 3월 25일 16시,일요일,충청남도 서천군 판교면,중상사고,0,1,4,0,차대차 - 기타,직진우회전진행방해,건조,맑음,교차로 - 교차로안,승용,남,56세,경상,승용,여,53세,중상
2012032500100269,2012년 3월 25일 16시,일요일,충청남도 공주시 신관동,경상사고,0,0,1,0,차대사람 - 횡단중,신호위반,건조,맑음,교차로 - 교차로안,승용,여,54세,상해없음,보행자,여,47세,경상
2012032500100290,2012년 3월 25일 17시,일요일,충청남도 천안시 서북구 두정동,경상사고,0,0,1,0,차대차 - 기타,안전운전불이행,건조,맑음,단일로 - 기타,기타불명,기타불명,기타불명,기타불명,승용,여,26세,경상
2012032500100291,2012년 3월 25일 17시,일요일,충청남도 천안시 서북구 성정동,중상사고,0,1,0,0,차대사람 - 기타,안전운전불이행,건조,맑음,단일로 - 기타,승용,여,57세,상해없음,보행자,여,47세,중상
2012032500100292,2012년 3월 25일 17시,일요일,충청남도 공주시 신관동,경상사고,0,0,1,0,차대차 - 측면직각충돌,안전거리미확보,건조,맑음,단일로 - 기타,승합,남,48세,상해없음,승용,여,32세,경상
2012032500100312,2012년 3월 25일 18시,일요일,충청남도 청양군 청남면,중상사고,0,1,0,0,차대차 - 정면충돌,안전운전불이행,건조,맑음,단일로 - 기타,화물,남,55세,상해없음,승용,남,42세,중상
2012032500100313,2012년 3월 25일 18시,일요일,충청남도 천안시 동남구 원성동,부상신고사고,0,0,0,1,차대차 - 측면직각충돌,안전거리미확보,건조,맑음,교차로 - 교차로부근,승용,남,34세,상해없음,자전거,남,16세,부상신고
2012032500100431,2012년 3월 25일 23시,일요일,충청남도 부여군 부여읍,중상사고,0,1,0,0,차대사람 - 횡단중,안전운전불이행,건조,맑음,단일로 - 기타,승용,남,39세,상해없음,보행자,남,30세,중상
2012032600100048,2012년 3월 26일 05시,월요일,충청남도 보령시 동대동,중상사고,0,1,2,0,차대차 - 측면직각충돌,신호위반,건조,맑음,교차로 - 교차로안,승용,남,49세,경상,화물,남,52세,중상
2012032600100059,2012년 3월 26일 06시,월요일,충청남도 보령시 천북면,중상사고,0,2,0,0,차대차 - 측면직각충돌,중앙선침범,건조,맑음,단일로 - 기타,승용,남,63세,상해없음,화물,남,63세,중상
2012032600100060,2012년 3월 26일 06시,월요일,충청남도 금산군 금산읍,사망사고,1,0,0,0,차량단독 - 공작물충돌,안전운전불이행,건조,맑음,단일로 - 기타,원동기,남,35세,사망,,,,
2012032600100080,2012년 3월 26일 07시,월요일,충청남도 천안시 서북구 성정동,경상사고,0,0,1,0,차대차 - 기타,안전운전불이행,건조,맑음,교차로 - 교차로부근,기타불명,기타불명,기타불명,기타불명,자전거,남,17세,경상
2012032600100081,2012년 3월 26일 07시,월요일,충청남도 당진시 송악읍,경상사고,0,0,1,0,차대차 - 정면충돌,중앙선침범,건조,맑음,단일로 - 기타,승용,남,36세,상해없음,승용,남,33세,경상
2012032600100082,2012년 3월 26일 07시,월요일,충청남도 청양군 대치면,중상사고,0,1,1,0,차대차 - 추돌 - 주정차중,안전운전불이행,건조,맑음,단일로 - 교량,화물,여,39세,중상,승합,남,57세,경상
2012032600100122,2012년 3월 26일 08시,월요일,충청남도 태안군 태안읍,중상사고,0,1,1,0,차대차 - 측면직각충돌,신호위반,건조,맑음,교차로 - 교차로안,승용,남,42세,상해없음,승용,남,55세,중상
2012032600100123,2012년 3월 26일 08시,월요일,충청남도 태안군 근흥면,중상사고,0,1,0,0,차대차 - 추돌 - 진행중,안전운전불이행,건조,맑음,단일로 - 기타,승용,여,29세,상해없음,원동기,남,73세,중상
2012032600100124,2012년 3월 26일 08시,월요일,충청남도 부여군 규암면,경상사고,0,0,1,0,차대사람 - 횡단중,보행자보호의무위반,건조,맑음,단일로 - 횡단보도상,승용,남,32세,상해없음,보행자,남,7세,경상
2012032600100149,2012년 3월 26일 09시,월요일,충청남도 논산시 강경읍,중상사고,0,1,0,0,차대차 - 측면직각충돌,교차로운행방법위반,건조,맑음,교차로 - 교차로안,건설기계,남,44세,상해없음,원동기,남,75세,중상
2012032600100150,2012년 3월 26일 09시,월요일,충청남도 금산군 부리면,경상사고,0,0,2,0,차대차 - 측면직각충돌,안전운전불이행,건조,맑음,단일로 - 기타,화물,남,55세,상해없음,화물,여,36세,경상
2012032600100360,2012년 3월 26일 17시,월요일,충청남도 예산군 예산읍,경상사고,0,0,1,0,차대사람 - 기타,안전운전불이행,건조,맑음,단일로 - 기타,승합,남,45세,상해없음,보행자,여,29세,경상
2012032600100414,2012년 3월 26일 19시,월요일,충청남도 태안군 안면읍,중상사고,0,1,0,0,차대차 - 기타,안전운전불이행,건조,맑음,교차로 - 교차로안,화물,남,66세,상해없음,승용,여,50세,중상
2012032600100503,2012년 3월 26일 22시,월요일,충청남도 당진시 우두리,사망사고,1,0,0,0,차대사람 - 횡단중,과속,건조,맑음,단일로 - 기타,화물,남,48세,상해없음,보행자,남,47세,사망
2012032700100012,2012년 3월 27일 00시,화요일,충청남도 태안군 안면읍,경상사고,0,0,2,0,차대차 - 기타,안전운전불이행,건조,맑음,교차로 - 교차로안,승용,남,23세,상해없음,승용,남,28세,경상
2012032700100024,2012년 3월 27일 01시,화요일,충청남도 아산시 온천동,경상사고,0,0,1,0,차대차 - 측면직각충돌,신호위반,건조,맑음,교차로 - 교차로안,승용,남,35세,상해없음,승용,여,34세,경상
2012032700100038,2012년 3월 27일 02시,화요일,충청남도 천안시 서북구 성정동,경상사고,0,0,2,0,차대차 - 추돌 - 주정차중,안전운전불이행,건조,맑음,교차로 - 교차로부근,화물,남,31세,상해없음,승용,남,50세,경상
2012032700100046,2012년 3월 27일 03시,화요일,충청남도 당진시 석문면,중상사고,0,1,3,0,차량단독 - 공작물충돌,안전운전불이행,건조,맑음,단일로 - 기타,승용,남,16세,상해없음,,,,
2012032700100165,2012년 3월 27일 10시,화요일,충청남도 계룡시 신도안면,중상사고,0,2,1,0,차대차 - 측면직각충돌,교차로운행방법위반,건조,맑음,교차로 - 교차로안,승용,여,34세,경상,승용,여,51세,중상
2012032700100198,2012년 3월 27일 12시,화요일,충청남도 서천군 서천읍,경상사고,0,0,4,0,차대차 - 기타,직진우회전진행방해,건조,맑음,교차로 - 교차로안,승용,남,70세,경상,승용,여,44세,경상
2012032700100229,2012년 3월 27일 13시,화요일,충청남도 당진시 송악읍,경상사고,0,0,1,0,차대차 - 측면직각충돌,중앙선침범,건조,맑음,단일로 - 기타,화물,남,71세,상해없음,승용,여,54세,경상
2012032700100281,2012년 3월 27일 15시,화요일,충청남도 공주시 장기면,중상사고,0,1,0,0,차대차 - 추돌 - 진행중,안전운전불이행,건조,맑음,단일로 - 기타,승용,남,41세,상해없음,특수,남,38세,상해없음
2012032700100312,2012년 3월 27일 16시,화요일,충청남도 논산시 연산면,중상사고,0,2,0,0,차량단독 - 공작물충돌,안전운전불이행,건조,맑음,단일로 - 기타,화물,여,56세,중상,,,,
2012032700100334,2012년 3월 27일 17시,화요일,충청남도 홍성군 홍성읍,중상사고,0,1,0,0,차대차 - 측면직각충돌,안전운전불이행,건조,맑음,교차로 - 교차로부근,승용,여,50세,상해없음,이륜,남,33세,중상
2012032700100403,2012년 3월 27일 19시,화요일,충청남도 천안시 서북구 쌍용동,경상사고,0,0,1,0,차대차 - 측면직각충돌,안전거리미확보,건조,맑음,단일로 - 기타,승합,남,49세,상해없음,이륜,남,17세,경상
2012032700100404,2012년 3월 27일 19시,화요일,충청남도 논산시 덕지동,중상사고,0,1,0,0,차대차 - 정면충돌,중앙선침범,건조,맑음,단일로 - 기타,승용,남,31세,상해없음,승용,여,68세,중상
2012032700100405,2012년 3월 27일 19시,화요일,충청남도 논산시 취암동,중상사고,0,1,1,0,차대차 - 정면충돌,교차로운행방법위반,건조,맑음,교차로 - 교차로안,승용,여,37세,경상,이륜,남,44세,중상
2012032700100442,2012년 3월 27일 20시,화요일,충청남도 천안시 서북구 차암동,경상사고,0,0,2,0,차대차 - 추돌 - 주정차중,안전운전불이행,건조,맑음,교차로 - 교차로부근,승용,남,47세,상해없음,승용,남,37세,경상
2012032700100443,2012년 3월 27일 20시,화요일,충청남도 논산시 취암동,경상사고,0,0,2,0,차대차 - 추돌 - 주정차중,안전운전불이행,건조,맑음,교차로 - 교차로부근,승용,여,40세,상해없음,승용,남,31세,상해없음
2012032700100444,2012년 3월 27일 20시,화요일,충청남도 천안시 동남구 원성동,경상사고,0,0,1,0,차대사람 - 길가장자리구역통행중,안전운전불이행,건조,맑음,단일로 - 기타,승용,남,30세,상해없음,보행자,남,23세,경상
2012032700100471,2012년 3월 27일 21시,화요일,충청남도 천안시 서북구 성정동,경상사고,0,0,3,0,차대차 - 추돌 - 진행중,안전운전불이행,건조,맑음,교차로 - 교차로안,승용,여,46세,경상,승용,남,43세,경상
2012032700100522,2012년 3월 27일 23시,화요일,충청남도 천안시 서북구 두정동,경상사고,0,0,1,0,차대차 - 측면직각충돌,안전운전불이행,건조,맑음,교차로 - 교차로안,승용,남,44세,상해없음,승용,남,46세,경상
2012032700100523,2012년 3월 27일 23시,화요일,충청남도 연기군 조치원읍,부상신고사고,0,0,0,1,차대사람 - 기타,안전운전불이행,건조,맑음,단일로 - 기타,기타불명,기타불명,기타불명,기타불명,보행자,남,40세,부상신고
2012032800100010,2012년 3월 28일 00시,수요일,충청남도 천안시 서북구 성정동,경상사고,0,0,3,0,차대차 - 측면직각충돌,안전운전불이행,건조,맑음,교차로 - 교차로부근,승용,남,37세,상해없음,승용,남,40세,경상
2012032800100011,2012년 3월 28일 00시,수요일,충청남도 천안시 서북구 성정동,경상사고,0,0,5,0,차대차 - 기타,안전운전불이행,건조,맑음,교차로 - 교차로부근,승용,남,47세,상해없음,승용,남,36세,경상
2012032800100012,2012년 3월 28일 00시,수요일,충청남도 홍성군 홍성읍,중상사고,0,2,0,0,차대차 - 추돌 - 진행중,안전운전불이행,건조,맑음,교차로 - 교차로부근,승용,남,22세,상해없음,승용,남,22세,상해없음
2012032800100029,2012년 3월 28일 01시,수요일,충청남도 천안시 동남구 신방동,경상사고,0,0,2,0,차대차 - 측면직각충돌,신호위반,건조,맑음,교차로 - 교차로안,승용,남,47세,상해없음,승용,남,34세,경상
2012032800100125,2012년 3월 28일 08시,수요일,충청남도 서산시 잠홍동,중상사고,0,1,0,0,차대사람 - 기타,안전운전불이행,건조,맑음,기타 - 기타,승합,남,49세,상해없음,보행자,여,17세,중상
2012032800100126,2012년 3월 28일 08시,수요일,충청남도 공주시 사곡면,중상사고,0,1,0,0,차대차 - 측면직각충돌,기타,건조,맑음,교차로 - 교차로안,승용,남,50세,상해없음,승용,남,39세,중상
2012032800100180,2012년 3월 28일 10시,수요일,충청남도 천안시 서북구 직산읍,중상사고,0,1,0,0,차대사람 - 횡단중,보행자보호의무위반,건조,맑음,단일로 - 횡단보도상,화물,남,34세,상해없음,보행자,여,60세,중상
2012032800100181,2012년 3월 28일 10시,수요일,충청남도 서천군 종천면,중상사고,0,1,1,0,차대차 - 기타,직진우회전진행방해,건조,맑음,교차로 - 교차로안,승합,남,68세,상해없음,화물,남,50세,중상
2012032800100203,2012년 3월 28일 11시,수요일,충청남도 논산시 연무읍,경상사고,0,0,3,0,차대차 - 추돌 - 주정차중,안전운전불이행,건조,맑음,교차로 - 교차로부근,승용,남,37세,상해없음,승용,남,27세,경상
2012032800100305,2012년 3월 28일 15시,수요일,충청남도 천안시 서북구 백석동,중상사고,0,1,0,0,차대차 - 기타,안전운전불이행,건조,맑음,교차로 - 교차로안,승용,남,50세,상해없음,이륜,남,29세,중상
2012032800100306,2012년 3월 28일 15시,수요일,충청남도 당진시 순성면,경상사고,0,0,1,0,차대차 - 정면충돌,중앙선침범,건조,맑음,단일로 - 기타,화물,여,45세,상해없음,승용,남,36세,경상
2012032800100338,2012년 3월 28일 16시,수요일,충청남도 천안시 서북구 신당동,경상사고,0,0,1,0,차대차 - 기타,중앙선침범,건조,맑음,단일로 - 기타,기타불명,기타불명,기타불명,기타불명,승용,여,57세,경상
2012032800100368,2012년 3월 28일 17시,수요일,충청남도 당진시 신평면,경상사고,0,0,1,0,차대차 - 측면직각충돌,교차로운행방법위반,건조,맑음,교차로 - 교차로안,승용,남,46세,상해없음,승용,남,47세,경상
2012032800100415,2012년 3월 28일 18시,수요일,충청남도 논산시 성동면,중상사고,0,1,0,0,차대차 - 측면직각충돌,교차로운행방법위반,건조,맑음,교차로 - 교차로안,화물,남,62세,상해없음,이륜,남,73세,중상
2012032800100442,2012년 3월 28일 19시,수요일,충청남도 천안시 서북구 성거읍,경상사고,0,0,2,0,차대차 - 추돌 - 진행중,안전거리미확보,건조,맑음,교차로 - 교차로부근,승용,남,68세,상해없음,승용,여,41세,경상
2012032800100443,2012년 3월 28일 19시,수요일,충청남도 논산시 성동면,경상사고,0,0,1,0,차대차 - 측면직각충돌,안전운전불이행,건조,맑음,단일로 - 기타,화물,남,57세,상해없음,승용,남,57세,경상
2012032800100444,2012년 3월 28일 19시,수요일,충청남도 보령시 주포면,경상사고,0,0,3,0,차대차 - 추돌 - 진행중,교차로운행방법위반,습기,안개,교차로 - 교차로안,승합,남,41세,상해없음,승합,여,43세,상해없음
2012032800100481,2012년 3월 28일 20시,수요일,충청남도 금산군 금산읍,경상사고,0,0,1,0,차량단독 - 전도전복,안전운전불이행,건조,맑음,교차로 - 교차로부근,원동기,남,56세,경상,,,,
2012032800100516,2012년 3월 28일 21시,수요일,충청남도 보령시 죽정동,경상사고,0,0,1,0,차대차 - 추돌 - 진행중,중앙선침범,기타,안개,교차로 - 교차로부근,승용,남,53세,상해없음,승용,여,63세,경상
2012032900100013,2012년 3월 29일 00시,목요일,충청남도 서천군 마서면,중상사고,0,4,0,0,차대차 - 기타,중앙선침범,습기,안개,단일로 - 기타,승용,남,51세,중상,승용,남,44세,중상
2012032900100028,2012년 3월 29일 01시,목요일,충청남도 예산군 예산읍,경상사고,0,0,3,0,차대차 - 정면충돌,중앙선침범,건조,맑음,단일로 - 기타,승용,남,29세,경상,승용,남,38세,경상
2012032900100039,2012년 3월 29일 02시,목요일,충청남도 천안시 서북구 성정동,중상사고,0,2,0,0,차대차 - 추돌 - 주정차중,안전운전불이행,건조,기타,단일로 - 기타,승용,남,54세,상해없음,승합,남,41세,상해없음
2012032900100050,2012년 3월 29일 03시,목요일,충청남도 천안시 동남구 쌍용동,중상사고,0,1,4,0,차대차 - 기타,교차로운행방법위반,건조,맑음,교차로 - 교차로안,승용,남,41세,상해없음,승용,남,45세,경상
2012032900100059,2012년 3월 29일 04시,목요일,충청남도 천안시 서북구 성환읍,경상사고,0,0,1,0,차대차 - 정면충돌,중앙선침범,건조,맑음,교차로 - 교차로부근,화물,남,28세,상해없음,화물,남,42세,경상
2012032900100067,2012년 3월 29일 05시,목요일,충청남도 금산군 금성면,경상사고,0,0,2,0,차대차 - 측면직각충돌,신호위반,건조,맑음,교차로 - 교차로안,승용,남,36세,상해없음,승합,남,37세,경상
2012032900100078,2012년 3월 29일 06시,목요일,충청남도 서산시 석림동,중상사고,0,1,0,0,차대차 - 추돌 - 주정차중,안전운전불이행,건조,맑음,단일로 - 기타,화물,여,48세,상해없음,승용,남,41세,중상
2012032900100103,2012년 3월 29일 07시,목요일,충청남도 논산시 연무읍,경상사고,0,0,2,0,차대차 - 측면직각충돌,교차로운행방법위반,건조,맑음,교차로 - 교차로안,건설기계,남,46세,상해없음,승용,여,36세,경상
2012032900100132,2012년 3월 29일 08시,목요일,충청남도 공주시 신관동,중상사고,0,1,0,0,차대차 - 기타,신호위반,건조,맑음,교차로 - 교차로안,승합,남,52세,상해없음,자전거,남,22세,중상
2012032900100165,2012년 3월 29일 09시,목요일,충청남도 아산시 읍내동,경상사고,0,0,1,0,차대차 - 추돌 - 진행중,안전운전불이행,건조,맑음,단일로 - 기타,승용,남,68세,상해없음,승용,여,33세,경상
2012032900100188,2012년 3월 29일 10시,목요일,충청남도 서산시 잠홍동,경상사고,0,0,2,0,차대차 - 추돌 - 진행중,안전거리미확보,건조,맑음,교차로 - 교차로안,건설기계,남,60세,상해없음,화물,남,23세,경상
2012032900100213,2012년 3월 29일 11시,목요일,충청남도 태안군 안면읍,경상사고,0,0,1,0,차대차 - 측면직각충돌,교차로운행방법위반,건조,맑음,교차로 - 교차로안,승용,남,72세,상해없음,기타불명,미분류,기타불명,기타불명
2012032900100214,2012년 3월 29일 11시,목요일,충청남도 천안시 서북구 성거읍,경상사고,0,0,1,0,차대차 - 추돌 - 주정차중,안전운전불이행,건조,맑음,교차로 - 교차로부근,승용,남,39세,상해없음,승용,남,54세,경상
2012032900100215,2012년 3월 29일 11시,목요일,충청남도 예산군 예산읍,경상사고,0,0,1,0,차대차 - 추돌 - 주정차중,안전운전불이행,건조,맑음,교차로 - 교차로부근,화물,남,69세,상해없음,승용,남,53세,경상
2012032900100238,2012년 3월 29일 12시,목요일,충청남도 서산시 석남동,경상사고,0,0,1,0,차대차 - 측면직각충돌,신호위반,건조,맑음,교차로 - 교차로안,승용,남,24세,상해없음,승용,남,40세,경상
2012032900100265,2012년 3월 29일 13시,목요일,충청남도 천안시 동남구 청당동,경상사고,0,0,1,0,차대차 - 추돌 - 주정차중,안전운전불이행,건조,맑음,단일로 - 기타,화물,남,47세,상해없음,승용,남,53세,경상
2012032900100287,2012년 3월 29일 14시,목요일,충청남도 논산시 반월동,경상사고,0,0,1,0,차대사람 - 횡단중,안전운전불이행,건조,맑음,교차로 - 교차로부근,승용,남,37세,상해없음,보행자,남,9세,경상
2012032900100288,2012년 3월 29일 14시,목요일,충청남도 청양군 청양읍,경상사고,0,0,2,0,차대차 - 측면직각충돌,기타,건조,맑음,교차로 - 교차로안,승용,남,50세,상해없음,승용,여,41세,경상
2012032900100350,2012년 3월 29일 16시,목요일,충청남도 서산시 대산읍,사망사고,1,0,0,0,차대차 - 측면직각충돌,안전운전불이행,건조,맑음,단일로 - 기타,원동기,남,70세,사망,화물,남,30세,상해없음
2012032900100351,2012년 3월 29일 16시,목요일,충청남도 공주시 계룡면,경상사고,0,0,2,0,차대차 - 정면충돌,교차로운행방법위반,건조,흐림,교차로 - 교차로안,승용,여,43세,경상,승용,여,57세,경상
2012032900100383,2012년 3월 29일 17시,목요일,충청남도 연기군 금남면,중상사고,0,2,0,0,차대차 - 측면직각충돌,신호위반,건조,맑음,교차로 - 교차로안,특수,남,67세,상해없음,승용,남,70세,중상
2012032900100415,2012년 3월 29일 18시,목요일,충청남도 논산시 연무읍,경상사고,0,0,1,0,차대차 - 기타,안전운전불이행,습기,비,교차로 - 교차로안,승용,여,50세,상해없음,이륜,남,81세,경상
2012032900100459,2012년 3월 29일 19시,목요일,충청남도 공주시 웅진동,경상사고,0,0,2,0,차대차 - 추돌 - 주정차중,안전운전불이행,건조,맑음,교차로 - 교차로부근,승용,남,39세,상해없음,승용,남,39세,경상
2012032900100460,2012년 3월 29일 19시,목요일,충청남도 금산군 금성면,사망사고,1,0,3,0,차대차 - 정면충돌,중앙선침범,습기,비,단일로 - 기타,원동기,남,67세,사망,승용,남,61세,경상
2012032900100461,2012년 3월 29일 19시,목요일,충청남도 천안시 동남구 신부동,중상사고,0,1,1,0,차대차 - 추돌 - 진행중,안전운전불이행,건조,맑음,단일로 - 기타,화물,남,48세,상해없음,승용,남,64세,경상
2012032900100589,2012년 3월 29일 22시,목요일,충청남도 계룡시 엄사면,경상사고,0,0,3,1,차대차 - 측면직각충돌,안전거리미확보,습기,비,단일로 - 기타,승합,남,62세,부상신고,승용,남,60세,경상
2012032900100590,2012년 3월 29일 22시,목요일,충청남도 부여군 규암면,경상사고,0,0,3,0,차대차 - 기타,안전운전불이행,건조,맑음,교차로 - 교차로부근,승용,여,26세,상해없음,승용,남,37세,경상
2012032900100591,2012년 3월 29일 22시,목요일,충청남도 당진시 송산면,경상사고,0,0,6,0,차대차 - 추돌 - 주정차중,안전운전불이행,습기,비,단일로 - 기타,승합,남,68세,상해없음,승용,남,26세,경상
2012032900100629,2012년 3월 29일 23시,목요일,충청남도 천안시 서북구 쌍용동,경상사고,0,0,2,0,차대사람 - 기타,안전운전불이행,습기,비,교차로 - 교차로부근,승용,남,54세,상해없음,보행자,여,16세,경상
2012032900100630,2012년 3월 29일 23시,목요일,충청남도 아산시 인주면,중상사고,0,1,0,0,차대사람 - 차도통행중,안전운전불이행,습기,비,단일로 - 기타,화물,남,47세,상해없음,보행자,남,59세,중상
2012032900100631,2012년 3월 29일 23시,목요일,충청남도 당진시 송악읍,경상사고,0,0,2,0,차대차 - 정면충돌,안전운전불이행,건조,맑음,단일로 - 기타,승용,남,32세,상해없음,승용,남,38세,경상
2012033000100013,2012년 3월 30일 00시,금요일,충청남도 천안시 동남구 영성동,경상사고,0,0,3,0,차대차 - 측면직각충돌,안전운전불이행,건조,맑음,단일로 - 기타,승용,남,26세,상해없음,승합,여,46세,경상
2012033000100054,2012년 3월 30일 02시,금요일,충청남도 천안시 서북구 두정동,경상사고,0,0,1,0,차대사람 - 차도통행중,안전운전불이행,습기,비,단일로 - 기타,승용,남,29세,상해없음,보행자,남,29세,경상
2012033000100106,2012년 3월 30일 05시,금요일,충청남도 천안시 서북구 성정동,경상사고,0,0,1,0,차대차 - 기타,안전운전불이행,습기,비,교차로 - 교차로안,승용,남,50세,상해없음,원동기,남,28세,경상
2012033000100121,2012년 3월 30일 06시,금요일,충청남도 보령시 궁촌동,중상사고,0,2,0,0,차대차 - 측면직각충돌,직진우회전진행방해,습기,비,교차로 - 교차로안,화물,남,67세,상해없음,승용,남,63세,중상
2012033000100141,2012년 3월 30일 07시,금요일,충청남도 천안시 동남구 신부동,경상사고,0,0,1,0,차대차 - 측면직각충돌,중앙선침범,습기,비,교차로 - 교차로안,승용,남,43세,상해없음,승합,남,44세,경상
2012033000100172,2012년 3월 30일 08시,금요일,충청남도 천안시 서북구 불당동,경상사고,0,0,2,0,차대차 - 기타,안전운전불이행,건조,맑음,교차로 - 교차로부근,승용,남,51세,상해없음,승용,여,39세,경상
2012033000100173,2012년 3월 30일 08시,금요일,충청남도 부여군 규암면,중상사고,0,1,1,0,차대차 - 측면직각충돌,교차로운행방법위반,건조,맑음,교차로 - 교차로안,화물,남,66세,상해없음,승용,여,58세,중상
2012033000100218,2012년 3월 30일 10시,금요일,충청남도 공주시 의당면,중상사고,0,3,1,0,차대차 - 정면충돌,중앙선침범,습기,비,단일로 - 기타,승용,남,32세,상해없음,승용,남,19세,경상
2012033000100237,2012년 3월 30일 11시,금요일,충청남도 태안군 원북면,중상사고,0,3,0,0,차대차 - 측면직각충돌,교차로운행방법위반,건조,맑음,교차로 - 교차로안,화물,남,51세,중상,화물,남,63세,중상
2012033000100238,2012년 3월 30일 11시,금요일,충청남도 보령시 대천동,경상사고,0,0,1,0,차대사람 - 기타,안전운전불이행,건조,맑음,단일로 - 기타,기타불명,기타불명,기타불명,기타불명,보행자,여,53세,경상
2012033000100260,2012년 3월 30일 12시,금요일,충청남도 보령시 신흑동,중상사고,0,4,0,0,차대차 - 측면직각충돌,안전운전불이행,습기,흐림,교차로 - 교차로안,승용,남,22세,상해없음,승용,여,39세,중상
2012033000100261,2012년 3월 30일 12시,금요일,충청남도 예산군 예산읍,경상사고,0,0,2,0,차대차 - 측면직각충돌,직진우회전진행방해,건조,맑음,교차로 - 교차로안,승용,남,49세,경상,화물,남,31세,경상
2012033000100346,2012년 3월 30일 15시,금요일,충청남도 예산군 덕산면,경상사고,0,0,1,0,차대사람 - 횡단중,보행자보호의무위반,건조,맑음,단일로 - 횡단보도상,승용,남,53세,상해없음,보행자,남,8세,경상
2012033000100412,2012년 3월 30일 17시,금요일,충청남도 서천군 비인면,경상사고,0,0,1,0,차대차 - 기타,직진우회전진행방해,건조,맑음,교차로 - 교차로안,승용,여,23세,상해없음,승합,남,43세,상해없음
2012033000100447,2012년 3월 30일 18시,금요일,충청남도 연기군 조치원읍,경상사고,0,0,1,0,차대사람 - 기타,안전운전불이행,건조,맑음,단일로 - 기타,승용,남,37세,상해없음,보행자,여,38세,경상
2012033000100498,2012년 3월 30일 19시,금요일,충청남도 천안시 서북구 두정동,경상사고,0,0,2,0,차대차 - 정면충돌,신호위반,건조,맑음,교차로 - 교차로안,승용,남,47세,상해없음,승용,남,23세,경상
2012033000100499,2012년 3월 30일 19시,금요일,충청남도 천안시 서북구 두정동,경상사고,0,0,1,0,차대차 - 추돌 - 진행중,안전운전불이행,건조,맑음,교차로 - 교차로부근,승용,남,59세,상해없음,승용,남,49세,상해없음
2012033000100500,2012년 3월 30일 19시,금요일,충청남도 공주시 신관동,부상신고사고,0,0,0,1,차대사람 - 길가장자리구역통행중,안전운전불이행,건조,맑음,단일로 - 기타,기타불명,기타불명,기타불명,기타불명,보행자,남,44세,부상신고
2012033000100605,2012년 3월 30일 21시,금요일,충청남도 천안시 서북구 직산읍,경상사고,0,0,1,0,차대차 - 추돌 - 진행중,안전운전불이행,건조,맑음,교차로 - 교차로부근,승용,남,30세,상해없음,승용,여,40세,경상
2012033000100606,2012년 3월 30일 21시,금요일,충청남도 천안시 서북구 쌍용동,경상사고,0,0,1,0,차대사람 - 횡단중,신호위반,건조,맑음,교차로 - 교차로부근,승합,남,58세,상해없음,보행자,남,23세,경상
2012033000100607,2012년 3월 30일 21시,금요일,충청남도 아산시 둔포면,경상사고,0,0,2,0,차대차 - 측면직각충돌,차로위반,건조,맑음,기타 - 기타,승용,남,36세,상해없음,승용,남,24세,경상
2012033000100608,2012년 3월 30일 21시,금요일,충청남도 아산시 모종동,경상사고,0,0,2,0,차대차 - 측면직각충돌,차로위반,건조,맑음,기타 - 기타,승용,여,43세,상해없음,승용,남,45세,경상
2012033000100697,2012년 3월 30일 23시,금요일,충청남도 아산시 모종동,경상사고,0,0,2,0,차대차 - 추돌 - 진행중,안전운전불이행,건조,맑음,교차로 - 교차로부근,승합,남,33세,상해없음,승용,남,26세,경상
2012033000100698,2012년 3월 30일 23시,금요일,충청남도 당진시 읍내리,경상사고,0,0,1,0,차대사람 - 횡단중,안전운전불이행,건조,맑음,교차로 - 교차로부근,승용,남,46세,상해없음,보행자,남,37세,경상