사고번호,사고일시,요일,시군구,사고내용,사망자수,중상자수,경상자수,부상신고자수,사고유형,법규위반,노면상태,기상상태,도로형태,가해운전자 차종,가해운전자 성별,가해운전자 연령,가해운전자 상해정도,피해운전자 차종,피해운전자 성별,피해운전자 연령,피해운전자 상해정도
2012042000100492,2012년 4월 20일 18시,금요일,충청남도 천안시 서북구 두정동,중상사고,0,1,0,0,차대사람 - 기타,중앙선침범,건조,맑음,기타 - 기타,승용,남,24세,상해없음,보행자,여,27세,중상
2012042000100493,2012년 4월 20일 18시,금요일,충청남도 논산시 은진면,중상사고,0,1,2,0,차대차 - 측면직각충돌,교차로운행방법위반,건조,맑음,교차로 - 교차로안,승용,남,51세,경상,화물,남,48세,경상
2012042000100494,2012년 4월 20일 18시,금요일,충청남도 천안시 서북구 성거읍,중상사고,0,1,1,0,차대차 - 추돌 - 진행중,안전운전불이행,건조,흐림,단일로 - 기타,화물,기타불명,기타불명,기타불명,승용,남,31세,중상
2012042000100532,2012년 4월 20일 19시,금요일,충청남도 아산시 온천동,경상사고,0,0,1,0,차대차 - 측면직각충돌,신호위반,건조,맑음,교차로 - 교차로안,승용,남,58세,상해없음,승용,남,59세,상해없음
2012042000100566,2012년 4월 20일 20시,금요일,충청남도 천안시 서북구 성정동,중상사고,0,1,0,0,차대차 - 기타,안전운전불이행,건조,맑음,교차로 - 교차로부근,화물,남,35세,상해없음,자전거,남,51세,중상
2012042000100567,2012년 4월 20일 20시,금요일,충청남도 천안시 서북구 성환읍,경상사고,0,0,1,0,차대차 - 기타,안전운전불이행,건조,맑음,단일로 - 기타,승용,남,57세,상해없음,화물,남,50세,경상
2012042000100568,2012년 4월 20일 20시,금요일,충청남도 금산군 군북면,중상사고,0,2,0,0,차량단독 - 전도전복,안전운전불이행,건조,흐림,단일로 - 기타,승용,남,45세,중상,,,,
2012042000100653,2012년 4월 20일 22시,금요일,충청남도 천안시 서북구 두정동,경상사고,0,0,1,0,차대사람 - 기타,안전운전불이행,건조,맑음,단일로 - 기타,승용,기타불명,기타불명,기타불명,보행자,여,22세,경상
2012042000100654,2012년 4월 20일 22시,금요일,충청남도 아산시 배방읍,경상사고,0,0,1,0,차대차 - 측면직각충돌,신호위반,건조,맑음,교차로 - 교차로안,승용,남,30세,상해없음,승합,남,53세,경상
2012042000100702,2012년 4월 20일 23시,금요일,충청남도 서천군 화양면,경상사고,0,0,1,0,차대사람 - 기타,안전운전불이행,건조,맑음,단일로 - 기타,승용,여,50세,상해없음,보행자,남,56세,경상
2012042100100040,2012년 4월 21일 01시,토요일,충청남도 천안시 서북구 성정동,경상사고,0,0,5,0,차대차 - 측면직각충돌,교차로운행방법위반,건조,맑음,교차로 - 교차로안,승용,여,22세,상해없음,승용,남,34세,상해없음
2012042100100068,2012년 4월 21일 02시,토요일,충청남도 서산시 예천동,사망사고,1,0,0,0,차대사람 - 기타,안전운전불이행,건조,흐림,단일로 - 기타,승용,남,28세,상해없음,보행자,남,23세,사망
2012042100100123,2012년 4월 21일 04시,토요일,충청남도 서산시 잠홍동,중상사고,0,1,1,0,차대차 - 추돌 - 진행중,안전운전불이행,습기,비,단일로 - 기타,승용,남,29세,상해없음,승합,남,70세,경상
2012042100100137,2012년 4월 21일 05시,토요일,충청남도 논산시 상월면,경상사고,0,0,1,0,차대사람 - 길가장자리구역통행중,안전운전불이행,습기,비,단일로 - 기타,원동기,남,64세,상해없음,보행자,여,70세,경상
2012042100100156,2012년 4월 21일 06시,토요일,충청남도 보령시 동대동,중상사고,0,3,1,0,차대차 - 추돌 - 진행중,교차로운행방법위반,습기,비,교차로 - 교차로안,승용,여,53세,중상,승용,남,67세,중상
2012042100100170,2012년 4월 21일 07시,토요일,충청남도 보령시 동대동,중상사고,0,2,0,0,차대차 - 추돌 - 진행중,중앙선침범,습기,비,단일로 - 기타,승용,남,34세,상해없음,승용,여,30세,중상
2012042100100195,2012년 4월 21일 08시,토요일,충청남도 예산군 덕산면,경상사고,0,0,4,0,차대차 - 기타,차로위반,습기,비,교차로 - 교차로부근,승용,남,77세,경상,승용,여,24세,경상
2012042100100222,2012년 4월 21일 09시,토요일,충청남도 논산시 연무읍,중상사고,0,2,1,0,차대차 - 추돌 - 주정차중,과속,습기,비,단일로 - 기타,화물,남,39세,상해없음,승용,남,40세,경상
2012042100100255,2012년 4월 21일 10시,토요일,충청남도 보령시 남포면,경상사고,0,0,2,0,차대차 - 기타,직진우회전진행방해,습기,비,교차로 - 교차로안,승용,여,48세,경상,승용,남,64세,경상
2012042100100289,2012년 4월 21일 11시,토요일,충청남도 천안시 서북구 성거읍,중상사고,0,1,3,0,차대차 - 추돌 - 주정차중,안전운전불이행,습기,비,단일로 - 기타,승용,남,44세,경상,승용,남,43세,상해없음
2012042100100325,2012년 4월 21일 12시,토요일,충청남도 아산시 모종동,경상사고,0,0,1,0,차대차 - 측면직각충돌,신호위반,습기,비,교차로 - 교차로안,승용,여,21세,상해없음,승용,남,35세,경상
2012042100100326,2012년 4월 21일 12시,토요일,충청남도 아산시 인주면,중상사고,0,1,2,0,차대차 - 추돌 - 진행중,안전운전불이행,습기,비,교차로 - 교차로안,승용,남,39세,경상,승용,남,29세,경상
2012042100100327,2012년 4월 21일 12시,토요일,충청남도 예산군 예산읍,중상사고,0,1,0,0,차대사람 - 기타,안전운전불이행,습기,비,단일로 - 기타,승용,남,73세,상해없음,보행자,남,84세,중상
2012042100100328,2012년 4월 21일 12시,토요일,충청남도 천안시 동남구 신부동,경상사고,0,0,1,0,차대차 - 추돌 - 진행중,안전운전불이행,건조,맑음,교차로 - 교차로안,승용,남,30세,상해없음,승용,여,59세,상해없음
2012042100100329,2012년 4월 21일 12시,토요일,충청남도 천안시 서북구 성거읍,경상사고,0,0,3,0,차대차 - 추돌 - 주정차중,안전운전불이행,습기,비,단일로 - 기타,승용,남,58세,상해없음,승용,여,27세,경상
2012042100100356,2012년 4월 21일 13시,토요일,충청남도 서천군 서천읍,경상사고,0,0,2,0,차대차 - 기타,교차로운행방법위반,습기,비,교차로 - 교차로안,승합,남,50세,상해없음,승용,남,38세,경상
2012042100100357,2012년 4월 21일 13시,토요일,충청남도 천안시 서북구 성거읍,중상사고,0,3,2,0,차대차 - 추돌 - 진행중,안전운전불이행,습기,비,단일로 - 기타,화물,남,38세,상해없음,승용,남,28세,중상
2012042100100393,2012년 4월 21일 14시,토요일,충청남도 천안시 서북구 쌍용동,중상사고,0,1,0,0,차대사람 - 횡단중,안전운전불이행,습기,비,교차로 - 교차로부근,화물,남,30세,상해없음,보행자,남,47세,중상
2012042100100432,2012년 4월 21일 15시,토요일,충청남도 보령시 주교면,중상사고,0,2,1,0,차대차 - 기타,안전운전불이행,습기,비,단일로 - 기타,승용,남,57세,경상,승용,남,28세,중상
2012042100100433,2012년 4월 21일 15시,토요일,충청남도 연기군 남면,중상사고,0,2,0,0,차대차 - 정면충돌,중앙선침범,습기,비,단일로 - 기타,승용,남,31세,중상,승용,남,49세,중상
2012042100100434,2012년 4월 21일 15시,토요일,충청남도 천안시 동남구 원성동,경상사고,0,0,1,0,차대사람 - 횡단중,교차로운행방법위반,건조,맑음,교차로 - 교차로안,승합,남,64세,상해없음,보행자,남,36세,경상
2012042100100435,2012년 4월 21일 15시,토요일,충청남도 천안시 동남구 봉명동,경상사고,0,0,2,0,차대차 - 측면직각충돌,신호위반,습기,비,교차로 - 교차로안,승용,남,50세,상해없음,승용,여,39세,경상
2012042100100476,2012년 4월 21일 16시,토요일,충청남도 공주시 반포면,중상사고,0,1,0,0,차대사람 - 기타,안전운전불이행,습기,비,단일로 - 기타,승용,남,28세,상해없음,보행자,남,70세,중상
2012042100100477,2012년 4월 21일 16시,토요일,충청남도 당진시 고대면,경상사고,0,0,3,0,차대차 - 정면충돌,중앙선침범,습기,비,단일로 - 기타,승용,남,45세,상해없음,승용,남,42세,경상
2012042100100515,2012년 4월 21일 17시,토요일,충청남도 아산시 송악면,경상사고,0,0,4,2,차대차 - 측면직각충돌,중앙선침범,습기,비,단일로 - 기타,승용,남,49세,상해없음,승합,여,28세,경상
2012042100100518,2012년 4월 21일 17시,토요일,충청남도 홍성군 갈산면,경상사고,0,0,2,0,차대차 - 추돌 - 진행중,안전운전불이행,습기,비,단일로 - 기타,승용,남,30세,상해없음,승용,남,24세,경상
2012042100100565,2012년 4월 21일 18시,토요일,충청남도 천안시 동남구 성남면,중상사고,0,1,0,0,차대차 - 측면직각충돌,교차로운행방법위반,습기,비,교차로 - 교차로안,승용,남,34세,중상,화물,남,53세,상해없음
2012042100100627,2012년 4월 21일 19시,토요일,충청남도 논산시 양촌면,중상사고,0,2,0,0,차대차 - 정면충돌,중앙선침범,습기,비,단일로 - 기타,화물,남,57세,중상,화물,남,54세,중상
2012042100100628,2012년 4월 21일 19시,토요일,충청남도 천안시 동남구 신방동,중상사고,0,2,1,0,차대차 - 측면직각충돌,신호위반,습기,비,교차로 - 교차로안,승용,남,58세,경상,승용,남,38세,중상
2012042100100688,2012년 4월 21일 20시,토요일,충청남도 천안시 서북구 백석동,중상사고,0,1,1,0,차대차 - 기타,안전운전불이행,습기,비,단일로 - 기타,승용,남,28세,상해없음,승용,남,34세,경상
2012042100100689,2012년 4월 21일 20시,토요일,충청남도 아산시 배방읍,경상사고,0,0,1,0,차대사람 - 기타,안전운전불이행,습기,비,기타 - 기타,승용,여,44세,상해없음,보행자,여,32세,경상
2012042100100690,2012년 4월 21일 20시,토요일,충청남도 천안시 동남구 목천읍,경상사고,0,0,1,0,차대차 - 추돌 - 진행중,안전운전불이행,습기,비,교차로 - 교차로부근,승용,남,52세,상해없음,승용,남,44세,경상
2012042100100757,2012년 4월 21일 21시,토요일,충청남도 천안시 서북구 백석동,경상사고,0,0,3,0,차대차 - 기타,안전운전불이행,습기,비,교차로 - 교차로부근,승용,남,41세,상해없음,승용,여,37세,경상
2012042100100758,2012년 4월 21일 21시,토요일,충청남도 천안시 서북구 성정동,경상사고,0,0,3,0,차대차 - 추돌 - 주정차중,안전운전불이행,습기,비,단일로 - 기타,승용,남,49세,상해없음,승용,남,48세,경상
2012042100100759,2012년 4월 21일 21시,토요일,충청남도 천안시 서북구 두정동,중상사고,0,1,0,0,차대사람 - 기타,안전운전불이행,습기,비,단일로 - 기타,승용,남,42세,상해없음,보행자,남,35세,중상
2012042100100827,2012년 4월 21일 22시,토요일,충청남도 아산시 음봉면,경상사고,0,0,2,0,차대차 - 기타,안전운전불이행,습기,비,교차로 - 교차로안,승용,남,58세,상해없음,승용,남,27세,경상
2012042100100828,2012년 4월 21일 22시,토요일,충청남도 당진시 송악읍,경상사고,0,0,1,0,차대차 - 추돌 - 주정차중,안전운전불이행,건조,맑음,교차로 - 교차로부근,승용,남,39세,상해없음,승용,남,35세,기타불명
2012042100100885,2012년 4월 21일 23시,토요일,충청남도 예산군 덕산면,중상사고,0,2,0,0,차대사람 - 횡단중,안전운전불이행,습기,비,단일로 - 기타,승용,남,58세,상해없음,보행자,남,50세,중상
2012042100100886,2012년 4월 21일 23시,토요일,충청남도 금산군 금산읍,경상사고,0,0,1,0,차대차 - 측면직각충돌,안전운전불이행,건조,맑음,단일로 - 횡단보도상,승용,남,30세,상해없음,원동기,남,17세,경상
2012042200100027,2012년 4월 22일 00시,일요일,충청남도 서산시 잠홍동,경상사고,0,0,2,0,차대차 - 추돌 - 주정차중,안전운전불이행,습기,비,기타 - 기타,승용,남,38세,상해없음,승용,여,39세,경상
2012042200100076,2012년 4월 22일 01시,일요일,충청남도 논산시 강산동,경상사고,0,0,1,0,차대차 - 측면직각충돌,직진우회전진행방해,습기,비,교차로 - 교차로안,승용,남,52세,상해없음,승용,남,29세,경상
2012042200100077,2012년 4월 22일 01시,일요일,충청남도 아산시 신인동,경상사고,0,0,2,0,차대차 - 추돌 - 진행중,안전운전불이행,습기,비,교차로 - 교차로안,기타불명,기타불명,기타불명,기타불명,승용,남,41세,경상
2012042200100145,2012년 4월 22일 03시,일요일,충청남도 서산시 운산면,사망사고,1,1,2,0,차대차 - 기타,안전운전불이행,습기,흐림,단일로 - 기타,승용,남,29세,상해없음,화물,남,62세,경상
2012042200100199,2012년 4월 22일 05시,일요일,충청남도 홍성군 서부면,중상사고,0,1,0,0,차량단독 - 기타,안전운전불이행,습기,비,단일로 - 기타,승용,남,23세,상해없음,,,,
2012042200100200,2012년 4월 22일 05시,일요일,충청남도 보령시 궁촌동,중상사고,0,1,0,0,차대차 - 기타,교차로운행방법위반,습기,비,교차로 - 교차로안,승용,남,29세,상해없음,승용,여,45세,중상
2012042200100253,2012년 4월 22일 09시,일요일,충청남도 청양군 대치면,중상사고,0,2,0,0,차대차 - 정면충돌,안전운전불이행,습기,비,교차로 - 교차로안,승용,남,45세,중상,승용,남,37세,중상
2012042200100267,2012년 4월 22일 10시,일요일,충청남도 보령시 명천동,중상사고,0,1,0,0,차대차 - 측면직각충돌,직진우회전진행방해,습기,비,교차로 - 교차로안,승용,남,52세,상해없음,화물,남,37세,중상
2012042200100268,2012년 4월 22일 10시,일요일,충청남도 부여군 부여읍,경상사고,0,0,2,0,차대차 - 측면직각충돌,직진우회전진행방해,습기,비,교차로 - 교차로안,승용,남,39세,기타불명,승용,남,34세,경상
2012042200100285,2012년 4월 22일 11시,일요일,충청남도 천안시 서북구 성정동,중상사고,0,1,1,0,차대사람 - 기타,안전운전불이행,습기,흐림,단일로 - 기타,승용,여,64세,상해없음,보행자,남,39세,중상
2012042200100407,2012년 4월 22일 16시,일요일,충청남도 아산시 읍내동,경상사고,0,0,1,0,차대차 - 기타,안전운전불이행,습기,흐림,기타 - 기타,승용,남,36세,상해없음,승용,남,27세,상해없음
2012042200100439,2012년 4월 22일 17시,일요일,충청남도 천안시 서북구 직산읍,중상사고,0,1,0,0,차대차 - 측면직각충돌,안전운전불이행,습기,비,단일로 - 기타,승용,남,45세,상해없음,원동기,남,17세,중상
2012042200100440,2012년 4월 22일 17시,일요일,충청남도 보령시 명천동,경상사고,0,0,3,0,차대차 - 측면직각충돌,중앙선침범,건조,흐림,단일로 - 기타,화물,남,62세,상해없음,승용,여,32세,경상
2012042200100441,2012년 4월 22일 17시,일요일,충청남도 천안시 동남구 봉명동,경상사고,0,0,1,0,차대사람 - 횡단중,안전운전불이행,건조,맑음,교차로 - 교차로안,승용,여,49세,상해없음,보행자,남,13세,경상
2012042200100464,2012년 4월 22일 18시,일요일,충청남도 홍성군 광천읍,중상사고,0,1,0,0,차대사람 - 횡단중,안전운전불이행,건조,맑음,단일로 - 기타,화물,남,32세,상해없음,보행자,남,78세,중상
2012042200100509,2012년 4월 22일 19시,일요일,충청남도 서산시 석림동,경상사고,0,0,1,0,차대사람 - 길가장자리구역통행중,안전운전불이행,건조,맑음,교차로 - 교차로부근,승용,남,26세,상해없음,보행자,여,17세,경상
2012042200100510,2012년 4월 22일 19시,일요일,충청남도 논산시 내동,경상사고,0,0,3,0,차대차 - 측면직각충돌,안전운전불이행,건조,맑음,교차로 - 교차로안,승용,남,55세,상해없음,승용,남,57세,경상
2012042200100511,2012년 4월 22일 19시,일요일,충청남도 천안시 동남구 사직동,경상사고,0,0,1,0,차대차 - 추돌 - 주정차중,교차로운행방법위반,건조,맑음,교차로 - 교차로안,승용,남,20세,상해없음,승합,남,58세,경상
2012042200100515,2012년 4월 22일 19시,일요일,충청남도 당진시 송악읍,경상사고,0,0,1,0,차대차 - 측면직각충돌,안전운전불이행,건조,맑음,단일로 - 기타,승용,남,29세,상해없음,승용,여,47세,경상
2012042200100563,2012년 4월 22일 20시,일요일,충청남도 연기군 조치원읍,중상사고,0,1,0,0,차대사람 - 횡단중,안전운전불이행,건조,흐림,단일로 - 횡단보도부근,승용,남,41세,상해없음,보행자,여,87세,중상
2012042200100564,2012년 4월 22일 20시,일요일,충청남도 당진시 석문면,경상사고,0,0,1,0,차대차 - 측면직각충돌,안전운전불이행,습기,비,단일로 - 기타,화물,남,56세,상해없음,화물,남,39세,경상
2012042200100565,2012년 4월 22일 20시,일요일,충청남도 천안시 동남구 구성동,경상사고,0,0,1,0,차대차 - 추돌 - 주정차중,안전운전불이행,건조,맑음,단일로 - 기타,승용,남,50세,상해없음,승용,남,64세,경상
2012042200100566,2012년 4월 22일 20시,일요일,충청남도 천안시 동남구 신부동,경상사고,0,0,1,0,차대사람 - 기타,안전운전불이행,습기,흐림,단일로 - 기타,승용,남,42세,상해없음,보행자,여,15세,경상
2012042200100603,2012년 4월 22일 21시,일요일,충청남도 천안시 서북구 쌍용동,경상사고,0,0,1,0,차대차 - 측면직각충돌,신호위반,건조,흐림,교차로 - 교차로안,승용,남,52세,상해없음,화물,남,57세,경상
2012042200100628,2012년 4월 22일 22시,일요일,충청남도 서천군 서천읍,중상사고,0,1,0,0,차대차 - 기타,안전운전불이행,건조,맑음,단일로 - 기타,승용,남,26세,중상,승용,남,43세,상해없음
2012042200100652,2012년 4월 22일 23시,일요일,충청남도 천안시 서북구 백석동,경상사고,0,0,2,0,차대차 - 추돌 - 주정차중,안전운전불이행,건조,맑음,교차로 - 교차로부근,승용,남,41세,상해없음,승용,여,54세,경상
2012042200100653,2012년 4월 22일 23시,일요일,충청남도 연기군 조치원읍,경상사고,0,0,1,0,차대차 - 추돌 - 주정차중,안전운전불이행,건조,맑음,교차로 - 교차로부근,원동기,남,31세,경상,화물,남,38세,기타불명
2012042300100017,2012년 4월 23일 01시,월요일,충청남도 천안시 서북구 성환읍,중상사고,0,2,3,0,차대차 - 정면충돌,신호위반,습기,흐림,교차로 - 교차로안,승용,남,22세,중상,승용,남,25세,경상
2012042300100033,2012년 4월 23일 02시,월요일,충청남도 연기군 금남면,중상사고,0,1,0,0,차대사람 - 기타,안전운전불이행,건조,흐림,단일로 - 기타,승합,남,32세,상해없음,보행자,여,19세,중상
2012042300100087,2012년 4월 23일 07시,월요일,충청남도 태안군 근흥면,중상사고,0,1,0,0,차대차 - 측면직각충돌,교차로운행방법위반,건조,맑음,교차로 - 교차로안,승용,남,29세,상해없음,승용,남,31세,중상
2012042300100144,2012년 4월 23일 09시,월요일,충청남도 논산시 지산동,중상사고,0,1,0,0,차대차 - 기타,안전운전불이행,건조,맑음,단일로 - 기타,화물,남,35세,상해없음,화물,남,58세,중상
2012042300100171,2012년 4월 23일 10시,월요일,충청남도 연기군 남면,경상사고,0,0,1,0,차대차 - 측면직각충돌,안전운전불이행,건조,맑음,단일로 - 기타,승용,여,34세,상해없음,원동기,남,73세,경상
2012042300100172,2012년 4월 23일 10시,월요일,충청남도 연기군 금남면,경상사고,0,0,2,0,차대차 - 기타,교차로운행방법위반,건조,맑음,교차로 - 교차로안,승용,남,53세,상해없음,승용,남,70세,경상
2012042300100275,2012년 4월 23일 14시,월요일,충청남도 천안시 서북구 직산읍,경상사고,0,0,1,0,차대차 - 기타,교차로운행방법위반,건조,맑음,단일로 - 기타,화물,남,35세,기타불명,승용,여,52세,경상
2012042300100310,2012년 4월 23일 15시,월요일,충청남도 서산시 석림동,중상사고,0,1,0,0,차대사람 - 횡단중,안전운전불이행,건조,맑음,단일로 - 기타,승합,남,29세,상해없음,보행자,여,7세,중상
2012042300100343,2012년 4월 23일 16시,월요일,충청남도 태안군 원북면,사망사고,1,0,0,0,차량단독 - 공작물충돌,안전운전불이행,건조,맑음,단일로 - 기타,이륜,남,38세,사망,,,,
2012042300100344,2012년 4월 23일 16시,월요일,충청남도 공주시 장기면,중상사고,0,1,0,0,차대사람 - 기타,안전운전불이행,건조,맑음,단일로 - 기타,건설기계,남,59세,상해없음,보행자,여,76세,중상
2012042300100345,2012년 4월 23일 16시,월요일,충청남도 예산군 고덕면,경상사고,0,0,2,0,차대차 - 측면직각충돌,직진우회전진행방해,건조,맑음,교차로 - 교차로안,승용,남,75세,경상,승용,여,50세,경상
2012042300100382,2012년 4월 23일 17시,월요일,충청남도 홍성군 광천읍,중상사고,0,1,0,0,차대차 - 기타,안전운전불이행,건조,맑음,교차로 - 교차로부근,승용,남,58세,상해없음,승용,남,49세,중상
2012042300100383,2012년 4월 23일 17시,월요일,충청남도 보령시 대천동,중상사고,0,1,0,0,차대사람 - 기타,안전운전불이행,건조,맑음,교차로 - 교차로부근,승용,남,52세,상해없음,보행자,남,14세,중상
2012042300100422,2012년 4월 23일 18시,월요일,충청남도 태안군 남면,경상사고,0,0,2,0,차대차 - 추돌 - 주정차중,안전운전불이행,건조,맑음,단일로 - 기타,승용,여,49세,상해없음,승용,남,29세,경상
2012042300100423,2012년 4월 23일 18시,월요일,충청남도 당진시 석문면,사망사고,1,0,0,0,차량단독 - 공작물충돌,안전운전불이행,건조,맑음,단일로 - 기타,승용,여,50세,사망,,,,
2012042300100531,2012년 4월 23일 21시,월요일,충청남도 태안군 남면,사망사고,1,0,0,0,차대사람 - 기타,안전운전불이행,건조,맑음,단일로 - 기타,화물,남,52세,상해없음,보행자,남,56세,사망
2012042300100594,2012년 4월 23일 23시,월요일,충청남도 서산시 동문동,경상사고,0,0,3,0,차대차 - 측면직각충돌,교차로운행방법위반,건조,맑음,교차로 - 교차로안,승용,남,28세,상해없음,승용,남,41세,경상
2012042400100010,2012년 4월 24일 00시,화요일,충청남도 논산시 등화동,중상사고,0,2,0,0,차대차 - 기타,교차로운행방법위반,건조,맑음,교차로 - 교차로안,승용,남,49세,상해없음,화물,남,48세,중상
2012042400100020,2012년 4월 24일 01시,화요일,충청남도 아산시 온천동,경상사고,0,0,1,0,차대차 - 측면직각충돌,안전운전불이행,건조,맑음,교차로 - 교차로안,승용,여,35세,상해없음,승용,여,47세,경상
2012042400100034,2012년 4월 24일 02시,화요일,충청남도 천안시 서북구 두정동,중상사고,0,1,0,0,차대사람 - 기타,안전운전불이행,건조,맑음,단일로 - 기타,기타불명,기타불명,기타불명,기타불명,보행자,남,29세,중상
2012042400100049,2012년 4월 24일 04시,화요일,충청남도 천안시 서북구 입장면,중상사고,0,1,0,0,차대사람 - 기타,안전운전불이행,건조,맑음,단일로 - 기타,특수,남,47세,상해없음,보행자,남,59세,중상
2012042400100094,2012년 4월 24일 07시,화요일,충청남도 부여군 장암면,중상사고,0,1,0,0,차대사람 - 기타,기타,건조,맑음,기타 - 기타,화물,남,50세,상해없음,보행자,여,62세,중상
2012042400100162,2012년 4월 24일 09시,화요일,충청남도 태안군 태안읍,중상사고,0,1,0,0,차대사람 - 횡단중,보행자보호의무위반,건조,맑음,교차로 - 교차로부근,화물,남,38세,상해없음,보행자,여,40세,중상
2012042400100163,2012년 4월 24일 09시,화요일,충청남도 보령시 대천동,경상사고,0,0,1,0,차대차 - 측면직각충돌,교차로운행방법위반,건조,맑음,교차로 - 교차로안,승용,남,52세,상해없음,자전거,남,79세,경상
2012042400100186,2012년 4월 24일 10시,화요일,충청남도 연기군 소정면,사망사고,1,1,1,0,차대차 - 측면직각충돌,신호위반,건조,맑음,교차로 - 교차로안,승용,남,86세,중상,특수,남,38세,경상
2012042400100209,2012년 4월 24일 11시,화요일,충청남도 서산시 동문동,중상사고,0,1,0,0,차대사람 - 횡단중,신호위반,건조,맑음,단일로 - 기타,이륜,남,67세,상해없음,보행자,여,81세,중상
2012042400100210,2012년 4월 24일 11시,화요일,충청남도 금산군 금산읍,경상사고,0,0,1,0,차대차 - 측면직각충돌,직진우회전진행방해,건조,맑음,교차로 - 교차로안,승용,여,34세,상해없음,원동기,남,86세,경상
2012042400100373,2012년 4월 24일 16시,화요일,충청남도 서산시 읍내동,중상사고,0,1,0,0,차대사람 - 횡단중,보행자보호의무위반,건조,맑음,단일로 - 기타,승용,여,45세,상해없음,보행자,남,7세,중상
2012042400100374,2012년 4월 24일 16시,화요일,충청남도 당진시 읍내리,경상사고,0,0,1,0,차대사람 - 횡단중,보행자보호의무위반,건조,맑음,단일로 - 기타,승용,남,42세,상해없음,보행자,남,5세,경상
2012042400100408,2012년 4월 24일 17시,화요일,충청남도 천안시 서북구 신당동,경상사고,0,0,1,0,차대차 - 측면직각충돌,신호위반,건조,맑음,교차로 - 교차로부근,화물,남,73세,상해없음,승용,여,50세,경상
2012042400100409,2012년 4월 24일 17시,화요일,충청남도 천안시 동남구 신부동,경상사고,0,0,1,0,차대차 - 기타,교차로운행방법위반,건조,맑음,교차로 - 교차로안,승용,여,24세,상해없음,원동기,여,23세,경상
2012042400100461,2012년 4월 24일 18시,화요일,충청남도 서산시 운산면,사망사고,1,4,1,0,차대차 - 기타,안전운전불이행,건조,맑음,단일로 - 기타,승합,남,51세,상해없음,승용,남,33세,상해없음
2012042400100496,2012년 4월 24일 19시,화요일,충청남도 천안시 서북구 직산읍,경상사고,0,0,3,0,차대차 - 추돌 - 주정차중,안전운전불이행,건조,맑음,기타 - 기타,승용,남,66세,상해없음,화물,남,42세,경상
2012042400100497,2012년 4월 24일 19시,화요일,충청남도 보령시 궁촌동,경상사고,0,0,3,0,차대차 - 측면직각충돌,교차로운행방법위반,건조,맑음,교차로 - 교차로안,승용,여,34세,경상,승용,여,55세,경상
2012042400100498,2012년 4월 24일 19시,화요일,충청남도 예산군 예산읍,사망사고,1,0,0,0,차대차 - 추돌 - 진행중,안전운전불이행,건조,맑음,단일로 - 기타,승용,남,37세,상해없음,자전거,남,52세,사망
2012042400100565,2012년 4월 24일 21시,화요일,충청남도 천안시 서북구 성정동,중상사고,0,1,0,0,차대차 - 추돌 - 진행중,안전운전불이행,건조,맑음,단일로 - 기타,원동기,남,18세,중상,승용,남,25세,상해없음
2012042400100566,2012년 4월 24일 21시,화요일,충청남도 논산시 연무읍,중상사고,0,2,0,0,차량단독 - 공작물충돌,안전운전불이행,건조,맑음,단일로 - 기타,승용,남,54세,상해없음,,,,
2012042400100567,2012년 4월 24일 21시,화요일,충청남도 예산군 덕산면,중상사고,0,1,0,0,차대차 - 기타,안전운전불이행,건조,맑음,단일로 - 기타,화물,남,55세,상해없음,승용,여,41세,상해없음
2012042400100606,2012년 4월 24일 22시,화요일,충청남도 연기군 금남면,부상신고사고,0,0,0,2,차량단독 - 도로외이탈 - 기타,안전운전불이행,건조,맑음,단일로 - 기타,화물,여,39세,상해없음,,,,
2012042400100607,2012년 4월 24일 22시,화요일,충청남도 금산군 금산읍,경상사고,0,0,3,0,차대차 - 측면직각충돌,신호위반,건조,맑음,교차로 - 교차로안,승용,여,40세,경상,승용,남,29세,경상
2012042400100608,2012년 4월 24일 22시,화요일,충청남도 천안시 동남구 구성동,경상사고,0,0,1,0,차대사람 - 횡단중,안전운전불이행,건조,맑음,단일로 - 기타,승용,남,40세,상해없음,보행자,여,16세,경상
2012042400100646,2012년 4월 24일 23시,화요일,충청남도 부여군 구룡면,중상사고,0,2,2,0,차량단독 - 공작물충돌,안전운전불이행,건조,맑음,단일로 - 기타,이륜,남,18세,경상,,,,
2012042400100647,2012년 4월 24일 23시,화요일,충청남도 천안시 동남구 구성동,경상사고,0,0,1,0,차대차 - 추돌 - 주정차중,안전운전불이행,건조,맑음,단일로 - 기타,승용,남,47세,상해없음,화물,남,46세,상해없음
2012042500100020,2012년 4월 25일 00시,수요일,충청남도 아산시 모종동,경상사고,0,0,1,0,차대차 - 측면직각충돌,직진우회전진행방해,건조,맑음,교차로 - 교차로안,승용,남,55세,상해없음,화물,남,28세,경상
2012042500100021,2012년 4월 25일 00시,수요일,충청남도 보령시 신흑동,중상사고,0,1,0,0,차대차 - 측면직각충돌,차로위반,건조,맑음,단일로 - 기타,승용,남,28세,상해없음,이륜,남,19세,중상
2012042500100022,2012년 4월 25일 00시,수요일,충청남도 부여군 충화면,경상사고,0,0,1,0,차량단독 - 공작물충돌,안전운전불이행,건조,맑음,단일로 - 기타,승용,여,35세,경상,,,,