사고번호,사고일시,요일,시군구,사고내용,사망자수,중상자수,경상자수,부상신고자수,사고유형,법규위반,노면상태,기상상태,도로형태,가해운전자 차종,가해운전자 성별,가해운전자 연령,가해운전자 상해정도,피해운전자 차종,피해운전자 성별,피해운전자 연령,피해운전자 상해정도
2012042500100023,2012년 4월 25일 00시,수요일,충청남도 청양군 청양읍,경상사고,0,0,3,0,차대차 - 측면직각충돌,안전운전불이행,건조,흐림,교차로 - 교차로안,승용,남,32세,상해없음,승용,남,69세,경상
2012042500100078,2012년 4월 25일 05시,수요일,충청남도 천안시 서북구 성정동,중상사고,0,1,0,0,차대차 - 기타,신호위반,건조,맑음,교차로 - 교차로안,승용,남,40세,상해없음,이륜,남,48세,중상
2012042500100141,2012년 4월 25일 08시,수요일,충청남도 부여군 부여읍,중상사고,0,1,0,0,차대사람 - 횡단중,보행자보호의무위반,습기,비,단일로 - 횡단보도상,승용,여,64세,상해없음,보행자,여,77세,중상
2012042500100142,2012년 4월 25일 08시,수요일,충청남도 부여군 부여읍,중상사고,0,2,1,0,차대차 - 측면직각충돌,직진우회전진행방해,습기,비,교차로 - 교차로안,승용,여,36세,상해없음,화물,남,53세,중상
2012042500100174,2012년 4월 25일 09시,수요일,충청남도 논산시 양촌면,중상사고,0,1,1,0,차대차 - 측면직각충돌,교차로운행방법위반,습기,비,교차로 - 교차로안,화물,남,54세,상해없음,승합,남,58세,경상
2012042500100175,2012년 4월 25일 09시,수요일,충청남도 청양군 청양읍,경상사고,0,0,1,0,차대차 - 측면직각충돌,신호위반,습기,비,교차로 - 교차로안,승용,남,53세,상해없음,승용,여,49세,경상
2012042500100198,2012년 4월 25일 10시,수요일,충청남도 공주시 금성동,경상사고,0,0,1,0,차대차 - 추돌 - 주정차중,안전운전불이행,습기,비,교차로 - 교차로안,승용,남,51세,상해없음,승용,남,27세,경상
2012042500100219,2012년 4월 25일 11시,수요일,충청남도 연기군 금남면,중상사고,0,2,0,0,차대차 - 측면직각충돌,신호위반,습기,비,교차로 - 교차로안,승용,남,75세,중상,승용,남,27세,중상
2012042500100220,2012년 4월 25일 11시,수요일,충청남도 예산군 예산읍,경상사고,0,0,2,0,차대차 - 추돌 - 주정차중,안전운전불이행,습기,비,교차로 - 교차로부근,승용,남,50세,경상,승용,남,48세,경상
2012042500100267,2012년 4월 25일 13시,수요일,충청남도 논산시 연무읍,중상사고,0,1,0,0,차대사람 - 횡단중,안전운전불이행,습기,비,교차로 - 교차로안,승합,남,37세,상해없음,보행자,여,71세,중상
2012042500100298,2012년 4월 25일 14시,수요일,충청남도 천안시 동남구 신부동,경상사고,0,0,2,0,차대차 - 기타,교차로운행방법위반,습기,비,교차로 - 교차로안,승용,여,47세,상해없음,승용,남,49세,경상
2012042500100329,2012년 4월 25일 15시,수요일,충청남도 논산시 취암동,경상사고,0,0,3,0,차대차 - 기타,교차로운행방법위반,습기,비,교차로 - 교차로안,승용,남,23세,상해없음,승용,여,54세,경상
2012042500100330,2012년 4월 25일 15시,수요일,충청남도 서천군 장항읍,경상사고,0,0,1,0,차대사람 - 기타,안전운전불이행,습기,비,단일로 - 기타,승용,여,31세,상해없음,보행자,남,79세,경상
2012042500100331,2012년 4월 25일 15시,수요일,충청남도 천안시 동남구 신부동,경상사고,0,0,1,0,차대사람 - 기타,보행자보호의무위반,습기,비,단일로 - 기타,승용,남,48세,상해없음,보행자,남,26세,경상
2012042500100366,2012년 4월 25일 16시,수요일,충청남도 태안군 태안읍,중상사고,0,1,0,0,차대차 - 측면직각충돌,교차로운행방법위반,습기,비,교차로 - 교차로안,화물,남,42세,상해없음,원동기,남,25세,중상
2012042500100367,2012년 4월 25일 16시,수요일,충청남도 서산시 석남동,경상사고,0,0,1,0,차대차 - 추돌 - 진행중,안전거리미확보,습기,비,교차로 - 교차로부근,승합,남,36세,상해없음,승용,여,45세,경상
2012042500100368,2012년 4월 25일 16시,수요일,충청남도 천안시 서북구 성환읍,경상사고,0,0,1,0,차대차 - 기타,신호위반,습기,흐림,교차로 - 교차로안,승용,남,64세,상해없음,승합,남,34세,경상
2012042500100398,2012년 4월 25일 17시,수요일,충청남도 서산시 동문동,중상사고,0,1,0,0,차대사람 - 횡단중,보행자보호의무위반,습기,비,교차로 - 교차로부근,승용,남,55세,상해없음,보행자,여,64세,중상
2012042500100399,2012년 4월 25일 17시,수요일,충청남도 연기군 전의면,경상사고,0,0,1,0,차대사람 - 차도통행중,안전운전불이행,건조,맑음,교차로 - 교차로안,승용,여,49세,상해없음,보행자,남,51세,경상
2012042500100440,2012년 4월 25일 18시,수요일,충청남도 홍성군 광천읍,중상사고,0,1,0,0,차대사람 - 길가장자리구역통행중,안전운전불이행,습기,비,교차로 - 교차로안,화물,남,33세,상해없음,보행자,여,77세,중상
2012042500100441,2012년 4월 25일 18시,수요일,충청남도 천안시 동남구 구성동,경상사고,0,0,1,0,차대차 - 기타,안전거리미확보,습기,비,단일로 - 기타,이륜,남,17세,경상,승용,여,33세,상해없음
2012042500100519,2012년 4월 25일 20시,수요일,충청남도 천안시 서북구 직산읍,경상사고,0,0,1,0,차대차 - 추돌 - 주정차중,안전운전불이행,건조,맑음,교차로 - 교차로부근,승용,남,41세,상해없음,승용,남,29세,경상
2012042500100579,2012년 4월 25일 21시,수요일,충청남도 천안시 서북구 쌍용동,경상사고,0,0,1,0,차대차 - 추돌 - 주정차중,안전운전불이행,건조,흐림,교차로 - 교차로부근,승용,남,49세,상해없음,승용,남,45세,경상
2012042500100580,2012년 4월 25일 21시,수요일,충청남도 논산시 부창동,경상사고,0,0,7,0,차대차 - 추돌 - 진행중,안전운전불이행,습기,비,단일로 - 기타,승용,남,52세,경상,승용,남,30세,경상
2012042500100581,2012년 4월 25일 21시,수요일,충청남도 홍성군 광천읍,중상사고,0,2,0,0,차대차 - 추돌 - 주정차중,안전운전불이행,습기,비,교차로 - 교차로부근,화물,남,64세,상해없음,승용,남,29세,중상
2012042500100582,2012년 4월 25일 21시,수요일,충청남도 예산군 예산읍,중상사고,0,2,0,0,차대차 - 추돌 - 주정차중,안전운전불이행,건조,맑음,단일로 - 기타,승용,남,28세,중상,승용,여,42세,기타불명
2012042500100583,2012년 4월 25일 21시,수요일,충청남도 천안시 동남구 신방동,경상사고,0,0,1,0,차대차 - 기타,안전운전불이행,습기,비,단일로 - 기타,승용,남,38세,상해없음,승용,여,38세,기타불명
2012042500100626,2012년 4월 25일 22시,수요일,충청남도 보령시 동대동,중상사고,0,1,0,0,차대차 - 추돌 - 진행중,교차로운행방법위반,습기,비,교차로 - 교차로안,승용,남,21세,상해없음,원동기,남,36세,중상
2012042600100024,2012년 4월 26일 00시,목요일,충청남도 천안시 동남구 신방동,경상사고,0,0,1,0,차대사람 - 기타,보행자보호의무위반,건조,맑음,단일로 - 기타,승용,남,36세,상해없음,보행자,여,16세,경상
2012042600100105,2012년 4월 26일 03시,목요일,충청남도 천안시 동남구 청수동,사망사고,1,0,0,0,차대사람 - 횡단중,보행자보호의무위반,습기,흐림,단일로 - 횡단보도상,화물,남,55세,상해없음,보행자,여,50세,사망
2012042600100117,2012년 4월 26일 04시,목요일,충청남도 계룡시 신도안면,중상사고,0,1,0,0,차량단독 - 공작물충돌,안전운전불이행,건조,맑음,교차로 - 교차로부근,승용,남,55세,중상,,,,
2012042600100137,2012년 4월 26일 06시,목요일,충청남도 아산시 풍기동,경상사고,0,0,1,0,차대차 - 측면직각충돌,안전운전불이행,건조,맑음,교차로 - 교차로안,승용,남,30세,상해없음,화물,남,47세,경상
2012042600100160,2012년 4월 26일 07시,목요일,충청남도 천안시 서북구 성성동,경상사고,0,0,1,0,차대차 - 기타,교차로운행방법위반,건조,맑음,교차로 - 교차로안,화물,남,42세,상해없음,승용,남,26세,경상
2012042600100161,2012년 4월 26일 07시,목요일,충청남도 천안시 서북구 두정동,경상사고,0,0,1,0,차대사람 - 횡단중,보행자보호의무위반,건조,맑음,단일로 - 횡단보도상,승용,남,41세,상해없음,보행자,여,17세,경상
2012042600100198,2012년 4월 26일 08시,목요일,충청남도 천안시 서북구 입장면,중상사고,0,3,0,0,차대차 - 기타,교차로운행방법위반,건조,맑음,교차로 - 교차로안,승용,남,41세,상해없음,승용,여,46세,중상
2012042600100199,2012년 4월 26일 08시,목요일,충청남도 천안시 서북구 백석동,경상사고,0,0,2,0,차대차 - 측면직각충돌,신호위반,건조,맑음,교차로 - 교차로안,승용,남,33세,상해없음,승용,남,27세,경상
2012042600100200,2012년 4월 26일 08시,목요일,충청남도 계룡시 엄사면,경상사고,0,0,1,0,차대사람 - 횡단중,안전운전불이행,건조,맑음,교차로 - 교차로부근,승용,남,68세,상해없음,보행자,여,11세,경상
2012042600100308,2012년 4월 26일 11시,목요일,충청남도 논산시 연무읍,중상사고,0,1,0,0,차대차 - 측면직각충돌,안전거리미확보,건조,맑음,교차로 - 교차로부근,승용,남,41세,상해없음,원동기,남,81세,중상
2012042600100405,2012년 4월 26일 14시,목요일,충청남도 아산시 온천동,경상사고,0,0,1,0,차대차 - 측면직각충돌,신호위반,건조,맑음,교차로 - 교차로안,승용,여,35세,상해없음,승용,남,36세,경상
2012042600100406,2012년 4월 26일 14시,목요일,충청남도 당진시 석문면,경상사고,0,0,1,0,차대차 - 측면직각충돌,안전운전불이행,건조,맑음,단일로 - 기타,농기계,남,63세,상해없음,화물,남,40세,경상
2012042600100445,2012년 4월 26일 15시,목요일,충청남도 공주시 유구읍,경상사고,0,0,1,0,차대차 - 측면직각충돌,직진우회전진행방해,건조,맑음,교차로 - 교차로안,화물,남,52세,상해없음,건설기계,남,42세,경상
2012042600100446,2012년 4월 26일 15시,목요일,충청남도 천안시 동남구 사직동,경상사고,0,0,1,0,차대사람 - 기타,안전운전불이행,건조,맑음,단일로 - 기타,승용,여,50세,상해없음,보행자,남,68세,경상
2012042600100447,2012년 4월 26일 15시,목요일,충청남도 천안시 동남구 성남면,경상사고,0,0,2,0,차대차 - 추돌 - 진행중,안전운전불이행,건조,맑음,단일로 - 기타,화물,남,23세,상해없음,승용,남,51세,경상
2012042600100492,2012년 4월 26일 16시,목요일,충청남도 아산시 장존동,중상사고,0,1,0,0,차대사람 - 횡단중,안전운전불이행,건조,맑음,기타 - 기타,승용,남,54세,상해없음,보행자,여,77세,중상
2012042600100493,2012년 4월 26일 16시,목요일,충청남도 천안시 동남구 사직동,경상사고,0,0,1,0,차대사람 - 차도통행중,안전운전불이행,건조,맑음,단일로 - 기타,화물,남,48세,상해없음,보행자,남,49세,경상
2012042600100530,2012년 4월 26일 17시,목요일,충청남도 당진시 송악읍,중상사고,0,1,0,0,차대차 - 측면직각충돌,안전운전불이행,건조,맑음,단일로 - 기타,화물,남,73세,상해없음,화물,남,55세,중상
2012042600100577,2012년 4월 26일 18시,목요일,충청남도 서산시 지곡면,경상사고,0,0,1,0,차대차 - 측면직각충돌,안전운전불이행,건조,맑음,기타 - 기타,화물,남,51세,상해없음,승용,남,43세,경상
2012042600100578,2012년 4월 26일 18시,목요일,충청남도 천안시 서북구 성정동,중상사고,0,1,0,0,차대차 - 기타,안전거리미확보,건조,맑음,단일로 - 기타,승용,여,28세,상해없음,화물,남,26세,중상
2012042600100579,2012년 4월 26일 18시,목요일,충청남도 부여군 부여읍,중상사고,0,1,0,0,차대차 - 측면직각충돌,안전운전불이행,건조,맑음,기타 - 기타,승합,남,47세,상해없음,원동기,여,58세,중상
2012042600100624,2012년 4월 26일 19시,목요일,충청남도 천안시 서북구 쌍용동,중상사고,0,1,0,0,차대차 - 측면직각충돌,안전운전불이행,건조,맑음,단일로 - 기타,이륜,남,17세,중상,승용,여,44세,상해없음
2012042600100625,2012년 4월 26일 19시,목요일,충청남도 논산시 반월동,경상사고,0,0,1,0,차대차 - 정면충돌,중앙선침범,건조,맑음,교차로 - 교차로부근,승용,여,47세,상해없음,원동기,남,59세,경상
2012042600100626,2012년 4월 26일 19시,목요일,충청남도 예산군 예산읍,사망사고,1,1,1,0,차대차 - 측면직각충돌,신호위반,건조,맑음,교차로 - 교차로안,승용,남,45세,경상,화물,남,70세,사망
2012042600100627,2012년 4월 26일 19시,목요일,충청남도 당진시 시곡리,경상사고,0,0,1,0,차대차 - 정면충돌,안전운전불이행,건조,맑음,단일로 - 기타,화물,남,33세,상해없음,이륜,남,53세,경상
2012042600100628,2012년 4월 26일 19시,목요일,충청남도 금산군 복수면,중상사고,0,2,0,0,차대차 - 정면충돌,중앙선침범,건조,맑음,단일로 - 기타,승용,여,52세,상해없음,승용,남,41세,중상
2012042600100629,2012년 4월 26일 19시,목요일,충청남도 청양군 운곡면,중상사고,0,1,0,0,차대차 - 측면직각충돌,안전운전불이행,건조,맑음,단일로 - 기타,승합,남,47세,상해없음,승용,남,22세,중상
2012042600100662,2012년 4월 26일 20시,목요일,충청남도 예산군 예산읍,사망사고,1,1,0,0,차대차 - 측면직각충돌,중앙선침범,건조,맑음,단일로 - 기타,승용,남,40세,사망,화물,남,40세,중상
2012042600100729,2012년 4월 26일 22시,목요일,충청남도 천안시 서북구 두정동,경상사고,0,0,1,0,차대차 - 측면직각충돌,교차로운행방법위반,건조,맑음,교차로 - 교차로안,화물,남,29세,상해없음,자전거,남,14세,경상
2012042600100730,2012년 4월 26일 22시,목요일,충청남도 천안시 서북구 백석동,경상사고,0,0,5,0,차대차 - 추돌 - 주정차중,안전운전불이행,건조,맑음,교차로 - 교차로부근,승용,남,21세,상해없음,승용,남,29세,상해없음
2012042600100731,2012년 4월 26일 22시,목요일,충청남도 공주시 반포면,경상사고,0,0,1,0,차대사람 - 기타,안전운전불이행,건조,맑음,기타 - 기타,승용,여,32세,상해없음,보행자,여,58세,경상
2012042600100732,2012년 4월 26일 22시,목요일,충청남도 천안시 동남구 안서동,경상사고,0,0,1,0,차대차 - 추돌 - 진행중,안전거리미확보,건조,맑음,교차로 - 교차로부근,기타불명,기타불명,기타불명,기타불명,승용,여,34세,경상
2012042600100768,2012년 4월 26일 23시,목요일,충청남도 천안시 동남구 목천읍,중상사고,0,1,1,0,차대차 - 측면직각충돌,신호위반,건조,맑음,교차로 - 교차로안,화물,남,54세,경상,승용,남,28세,중상
2012042700100016,2012년 4월 27일 00시,금요일,충청남도 천안시 서북구 백석동,중상사고,0,1,0,0,차량단독 - 공작물충돌,안전운전불이행,건조,맑음,교차로 - 교차로안,승합,남,40세,중상,,,,
2012042700100017,2012년 4월 27일 00시,금요일,충청남도 계룡시 금암동,중상사고,0,1,0,0,차대사람 - 횡단중,안전운전불이행,건조,맑음,단일로 - 기타,승용,여,47세,상해없음,보행자,남,54세,중상
2012042700100018,2012년 4월 27일 00시,금요일,충청남도 금산군 추부면,중상사고,0,1,0,0,차대차 - 추돌 - 진행중,안전운전불이행,건조,맑음,단일로 - 기타,승용,남,33세,상해없음,승용,여,44세,중상
2012042700100045,2012년 4월 27일 01시,금요일,충청남도 보령시 죽정동,경상사고,0,0,1,0,차량단독 - 도로외이탈 - 추락,안전운전불이행,건조,맑음,단일로 - 기타,승용,남,37세,경상,,,,
2012042700100076,2012년 4월 27일 03시,금요일,충청남도 천안시 동남구 광덕면,경상사고,0,0,1,0,차대차 - 추돌 - 주정차중,안전운전불이행,건조,맑음,단일로 - 터널,화물,남,33세,상해없음,화물,남,54세,경상
2012042700100086,2012년 4월 27일 04시,금요일,충청남도 아산시 온천동,경상사고,0,0,3,0,차대차 - 측면직각충돌,신호위반,건조,맑음,교차로 - 교차로안,승용,남,39세,상해없음,승용,여,45세,경상
2012042700100096,2012년 4월 27일 05시,금요일,충청남도 당진시 용연리,중상사고,0,1,1,0,차대차 - 추돌 - 진행중,안전운전불이행,건조,흐림,단일로 - 기타,승용,남,24세,중상,승용,남,43세,경상
2012042700100107,2012년 4월 27일 06시,금요일,충청남도 서산시 잠홍동,중상사고,0,1,1,0,차대차 - 추돌 - 진행중,안전운전불이행,건조,맑음,단일로 - 기타,승용,남,22세,상해없음,승용,남,42세,경상
2012042700100134,2012년 4월 27일 07시,금요일,충청남도 천안시 서북구 신당동,중상사고,0,1,0,0,차대차 - 추돌 - 주정차중,안전운전불이행,건조,맑음,교차로 - 교차로부근,승용,남,28세,상해없음,승용,남,60세,중상
2012042700100135,2012년 4월 27일 07시,금요일,충청남도 연기군 동면,중상사고,0,1,0,0,차대사람 - 횡단중,중앙선침범,건조,맑음,단일로 - 횡단보도상,승합,남,49세,상해없음,보행자,남,12세,중상
2012042700100169,2012년 4월 27일 08시,금요일,충청남도 당진시 송산면,중상사고,0,1,0,0,차대차 - 측면직각충돌,교차로운행방법위반,건조,맑음,교차로 - 교차로안,승용,여,46세,상해없음,승용,남,30세,중상
2012042700100202,2012년 4월 27일 09시,금요일,충청남도 천안시 서북구 성정동,경상사고,0,0,1,0,차대차 - 측면직각충돌,안전운전불이행,건조,맑음,단일로 - 기타,승용,남,71세,상해없음,승합,남,49세,상해없음
2012042700100226,2012년 4월 27일 10시,금요일,충청남도 서산시 대산읍,경상사고,0,0,1,0,차대차 - 측면직각충돌,차로위반,건조,맑음,기타 - 기타,화물,남,47세,상해없음,승합,남,44세,경상
2012042700100255,2012년 4월 27일 11시,금요일,충청남도 서천군 마서면,중상사고,0,1,6,0,차대차 - 기타,안전거리미확보,건조,맑음,단일로 - 기타,승용,남,73세,경상,승용,남,55세,중상
2012042700100256,2012년 4월 27일 11시,금요일,충청남도 서천군 서천읍,중상사고,0,1,0,0,차대차 - 기타,안전거리미확보,건조,맑음,교차로 - 교차로부근,화물,남,48세,상해없음,화물,남,72세,상해없음
2012042700100257,2012년 4월 27일 11시,금요일,충청남도 보령시 대천동,경상사고,0,0,1,0,차대사람 - 기타,보행자보호의무위반,건조,맑음,단일로 - 횡단보도상,승용,남,57세,상해없음,보행자,여,43세,경상
2012042700100273,2012년 4월 27일 12시,금요일,충청남도 부여군 부여읍,사망사고,1,0,0,0,차대사람 - 기타,보행자보호의무위반,건조,맑음,단일로 - 기타,화물,남,47세,상해없음,보행자,여,75세,사망
2012042700100276,2012년 4월 27일 12시,금요일,충청남도 당진시 신평면,중상사고,0,1,1,0,차대차 - 기타,안전운전불이행,건조,맑음,단일로 - 기타,화물,남,51세,상해없음,승합,남,46세,상해없음
2012042700100310,2012년 4월 27일 13시,금요일,충청남도 당진시 고대면,경상사고,0,0,1,0,차대차 - 정면충돌,중앙선침범,건조,맑음,단일로 - 기타,건설기계,남,48세,상해없음,건설기계,남,54세,경상
2012042700100342,2012년 4월 27일 14시,금요일,충청남도 부여군 부여읍,중상사고,0,1,0,0,차대사람 - 기타,안전운전불이행,건조,맑음,교차로 - 교차로부근,화물,여,39세,상해없음,보행자,여,71세,중상
2012042700100375,2012년 4월 27일 15시,금요일,충청남도 천안시 동남구 구성동,경상사고,0,0,2,0,차대차 - 측면직각충돌,안전운전불이행,건조,맑음,단일로 - 기타,승용,남,51세,상해없음,승합,남,45세,경상
2012042700100419,2012년 4월 27일 16시,금요일,충청남도 천안시 서북구 성환읍,경상사고,0,0,1,0,차대차 - 기타,교차로운행방법위반,건조,맑음,교차로 - 교차로안,승용,남,27세,상해없음,승합,여,50세,경상
2012042700100420,2012년 4월 27일 16시,금요일,충청남도 천안시 동남구 신방동,중상사고,0,1,0,0,차대사람 - 길가장자리구역통행중,안전운전불이행,건조,맑음,단일로 - 기타,승용,남,56세,상해없음,보행자,남,11세,중상
2012042700100512,2012년 4월 27일 18시,금요일,충청남도 논산시 강경읍,경상사고,0,0,1,0,차대차 - 측면직각충돌,교차로운행방법위반,건조,맑음,교차로 - 교차로안,이륜,남,48세,경상,승용,여,55세,상해없음
2012042700100513,2012년 4월 27일 18시,금요일,충청남도 서천군 비인면,경상사고,0,0,1,0,차대차 - 기타,안전운전불이행,건조,맑음,교차로 - 교차로안,승용,남,56세,상해없음,화물,남,80세,상해없음
2012042700100514,2012년 4월 27일 18시,금요일,충청남도 부여군 외산면,사망사고,1,0,0,0,차대차 - 측면직각충돌,과속,건조,맑음,교차로 - 교차로안,화물,남,63세,상해없음,자전거,남,66세,사망
2012042700100515,2012년 4월 27일 18시,금요일,충청남도 금산군 군북면,중상사고,0,1,0,0,차대사람 - 기타,안전운전불이행,건조,맑음,기타 - 기타,승합,남,34세,상해없음,보행자,남,69세,중상
2012042700100563,2012년 4월 27일 19시,금요일,충청남도 천안시 서북구 백석동,경상사고,0,0,1,0,차대차 - 측면직각충돌,신호위반,건조,맑음,교차로 - 교차로안,승용,여,44세,상해없음,승용,여,47세,경상
2012042700100564,2012년 4월 27일 19시,금요일,충청남도 연기군 금남면,중상사고,0,1,0,0,차대사람 - 기타,안전운전불이행,건조,맑음,기타 - 기타,승용,남,26세,상해없음,보행자,여,9세,중상
2012042700100565,2012년 4월 27일 19시,금요일,충청남도 청양군 청양읍,중상사고,0,2,0,0,차대차 - 정면충돌,신호위반,건조,맑음,교차로 - 교차로안,이륜,남,52세,중상,승용,남,51세,상해없음
2012042700100566,2012년 4월 27일 19시,금요일,충청남도 천안시 동남구 신부동,경상사고,0,0,2,0,차대차 - 추돌 - 주정차중,안전운전불이행,건조,맑음,단일로 - 기타,화물,남,29세,상해없음,승용,여,24세,경상
2012042700100593,2012년 4월 27일 20시,금요일,충청남도 논산시 성동면,사망사고,1,0,1,0,차대차 - 추돌 - 주정차중,안전운전불이행,건조,맑음,단일로 - 기타,원동기,남,39세,사망,농기계,남,45세,기타불명
2012042700100594,2012년 4월 27일 20시,금요일,충청남도 예산군 삽교읍,중상사고,0,1,1,0,차대차 - 측면직각충돌,신호위반,건조,맑음,교차로 - 교차로안,화물,남,61세,상해없음,승용,남,30세,중상
2012042700100630,2012년 4월 27일 21시,금요일,충청남도 당진시 석문면,경상사고,0,0,1,0,차대차 - 정면충돌,중앙선침범,건조,맑음,단일로 - 기타,승용,남,50세,상해없음,승용,남,40세,경상
2012042700100677,2012년 4월 27일 22시,금요일,충청남도 논산시 반월동,경상사고,0,0,1,0,차대차 - 추돌 - 주정차중,안전운전불이행,건조,맑음,단일로 - 기타,승용,남,33세,상해없음,승용,남,53세,경상
2012042800100020,2012년 4월 28일 00시,토요일,충청남도 천안시 동남구 다가동,중상사고,0,1,1,0,차대차 - 추돌 - 진행중,안전운전불이행,건조,맑음,미분류 - 미분류,승용,남,41세,상해없음,자전거,남,17세,중상
2012042800100037,2012년 4월 28일 01시,토요일,충청남도 천안시 동남구 신방동,경상사고,0,0,1,0,차대차 - 추돌 - 진행중,안전운전불이행,건조,맑음,단일로 - 기타,승용,남,39세,상해없음,승용,남,43세,경상
2012042800100068,2012년 4월 28일 03시,토요일,충청남도 공주시 신관동,경상사고,0,0,2,0,차대차 - 추돌 - 주정차중,안전운전불이행,건조,맑음,단일로 - 기타,승용,남,22세,기타불명,승용,남,25세,경상
2012042800100088,2012년 4월 28일 04시,토요일,충청남도 서산시 읍내동,경상사고,0,0,1,0,차대차 - 정면충돌,안전운전불이행,건조,맑음,단일로 - 기타,승용,남,52세,상해없음,승용,남,39세,경상
2012042800100102,2012년 4월 28일 05시,토요일,충청남도 금산군 금산읍,경상사고,0,0,1,0,차대차 - 측면직각충돌,직진우회전진행방해,건조,맑음,교차로 - 교차로안,승용,남,65세,상해없음,승용,남,30세,경상
2012042800100115,2012년 4월 28일 06시,토요일,충청남도 천안시 서북구 성성동,경상사고,0,0,1,0,차량단독 - 전도전복,안전운전불이행,건조,맑음,단일로 - 기타,이륜,남,66세,경상,,,,
2012042800100135,2012년 4월 28일 07시,토요일,충청남도 공주시 반포면,경상사고,0,0,1,0,차대차 - 기타,신호위반,건조,맑음,교차로 - 교차로안,화물,남,47세,상해없음,승용,남,42세,경상
2012042800100163,2012년 4월 28일 08시,토요일,충청남도 천안시 서북구 성거읍,경상사고,0,0,1,0,차대차 - 측면직각충돌,신호위반,건조,맑음,교차로 - 교차로안,승용,남,26세,상해없음,자전거,남,71세,경상
2012042800100164,2012년 4월 28일 08시,토요일,충청남도 논산시 취암동,경상사고,0,0,2,0,차대차 - 측면직각충돌,교차로운행방법위반,건조,맑음,교차로 - 교차로안,승용,남,43세,상해없음,승용,남,46세,경상
2012042800100165,2012년 4월 28일 08시,토요일,충청남도 천안시 동남구 원성동,중상사고,0,1,0,0,차대차 - 기타,교차로운행방법위반,건조,맑음,교차로 - 교차로안,승용,남,56세,상해없음,승용,여,43세,상해없음
2012042800100190,2012년 4월 28일 09시,토요일,충청남도 태안군 태안읍,중상사고,0,1,0,0,차대사람 - 횡단중,안전운전불이행,건조,맑음,교차로 - 교차로부근,화물,여,49세,상해없음,보행자,여,75세,중상
2012042800100220,2012년 4월 28일 10시,토요일,충청남도 서산시 석림동,경상사고,0,0,1,0,차대차 - 추돌 - 주정차중,안전운전불이행,건조,맑음,교차로 - 교차로안,승용,남,56세,상해없음,승용,여,54세,경상
2012042800100248,2012년 4월 28일 11시,토요일,충청남도 서산시 석남동,중상사고,0,9,22,0,차대차 - 기타,신호위반,건조,맑음,교차로 - 교차로안,승합,남,32세,상해없음,승용,남,34세,중상
2012042800100288,2012년 4월 28일 12시,토요일,충청남도 부여군 구룡면,경상사고,0,0,2,0,차대차 - 측면직각충돌,직진우회전진행방해,건조,맑음,교차로 - 교차로안,승용,여,52세,경상,화물,남,31세,경상
2012042800100319,2012년 4월 28일 13시,토요일,충청남도 서천군 비인면,경상사고,0,0,2,0,차대차 - 기타,안전거리미확보,건조,맑음,교차로 - 교차로부근,승용,남,68세,상해없음,승용,남,61세,경상
2012042800100394,2012년 4월 28일 15시,토요일,충청남도 천안시 동남구 구성동,중상사고,0,1,0,0,차대차 - 정면충돌,중앙선침범,건조,맑음,단일로 - 기타,승용,남,55세,상해없음,원동기,남,31세,중상
2012042800100395,2012년 4월 28일 15시,토요일,충청남도 천안시 동남구 풍세면,경상사고,0,0,1,0,차대차 - 추돌 - 주정차중,안전운전불이행,건조,맑음,단일로 - 기타,승용,남,51세,상해없음,승용,남,46세,상해없음
2012042800100433,2012년 4월 28일 16시,토요일,충청남도 논산시 광석면,중상사고,0,1,0,0,차대차 - 측면직각충돌,안전거리미확보,건조,맑음,단일로 - 기타,화물,남,39세,기타불명,승용,남,64세,중상
2012042800100434,2012년 4월 28일 16시,토요일,충청남도 금산군 추부면,중상사고,0,1,0,0,차대차 - 측면직각충돌,신호위반,건조,맑음,단일로 - 횡단보도상,승합,남,38세,상해없음,원동기,남,74세,중상
2012042800100475,2012년 4월 28일 17시,토요일,충청남도 보령시 동대동,경상사고,0,0,1,0,차대사람 - 기타,안전운전불이행,건조,맑음,단일로 - 기타,기타불명,기타불명,기타불명,기타불명,보행자,남,10세,경상
2012042800100518,2012년 4월 28일 18시,토요일,충청남도 연기군 동면,경상사고,0,0,1,0,차대차 - 측면직각충돌,중앙선침범,건조,맑음,기타 - 기타,화물,남,56세,상해없음,승용,남,37세,경상
2012042800100553,2012년 4월 28일 19시,토요일,충청남도 홍성군 홍성읍,중상사고,0,1,0,0,차대사람 - 기타,중앙선침범,건조,맑음,단일로 - 횡단보도부근,기타불명,기타불명,기타불명,기타불명,보행자,남,19세,중상
2012042800100554,2012년 4월 28일 19시,토요일,충청남도 아산시 음봉면,경상사고,0,0,1,0,차대차 - 추돌 - 주정차중,안전운전불이행,건조,맑음,단일로 - 기타,화물,남,37세,상해없음,승용,남,64세,경상
2012042800100555,2012년 4월 28일 19시,토요일,충청남도 공주시 웅진동,경상사고,0,0,2,0,차대차 - 정면충돌,중앙선침범,건조,맑음,단일로 - 기타,승용,남,58세,경상,승용,남,48세,경상
2012042800100590,2012년 4월 28일 20시,토요일,충청남도 천안시 서북구 불당동,경상사고,0,0,1,0,차대사람 - 횡단중,안전운전불이행,건조,맑음,교차로 - 교차로부근,승용,남,27세,상해없음,보행자,남,15세,경상
2012042800100591,2012년 4월 28일 20시,토요일,충청남도 천안시 서북구 두정동,경상사고,0,0,1,0,차대차 - 측면직각충돌,안전운전불이행,건조,맑음,단일로 - 기타,기타불명,기타불명,기타불명,기타불명,승용,남,49세,경상