사고번호,사고일시,요일,시군구,사고내용,사망자수,중상자수,경상자수,부상신고자수,사고유형,법규위반,노면상태,기상상태,도로형태,가해운전자 차종,가해운전자 성별,가해운전자 연령,가해운전자 상해정도,피해운전자 차종,피해운전자 성별,피해운전자 연령,피해운전자 상해정도
2012042800100592,2012년 4월 28일 20시,토요일,충청남도 논산시 강경읍,경상사고,0,0,1,0,차대사람 - 길가장자리구역통행중,안전운전불이행,건조,맑음,단일로 - 기타,승용,여,54세,상해없음,보행자,여,77세,경상
2012042800100634,2012년 4월 28일 21시,토요일,충청남도 천안시 서북구 성환읍,중상사고,0,1,0,0,차대사람 - 차도통행중,안전운전불이행,건조,맑음,단일로 - 기타,기타불명,기타불명,기타불명,기타불명,보행자,여,82세,중상
2012042800100635,2012년 4월 28일 21시,토요일,충청남도 천안시 서북구 성정동,경상사고,0,0,1,0,차대차 - 추돌 - 주정차중,안전운전불이행,건조,맑음,교차로 - 교차로안,승용,남,40세,상해없음,승용,남,37세,경상
2012042800100669,2012년 4월 28일 22시,토요일,충청남도 부여군 부여읍,중상사고,0,1,0,0,차대사람 - 횡단중,안전운전불이행,건조,맑음,단일로 - 기타,승용,남,69세,상해없음,보행자,남,56세,중상
2012042900100017,2012년 4월 29일 00시,일요일,충청남도 보령시 신흑동,중상사고,0,1,3,0,차대차 - 측면직각충돌,신호위반,건조,맑음,교차로 - 교차로안,승용,남,28세,경상,승용,여,37세,중상
2012042900100045,2012년 4월 29일 01시,일요일,충청남도 천안시 서북구 불당동,중상사고,0,2,1,0,차대차 - 기타,교차로운행방법위반,건조,맑음,교차로 - 교차로안,승합,남,54세,상해없음,승용,남,69세,중상
2012042900100073,2012년 4월 29일 03시,일요일,충청남도 아산시 남동,중상사고,0,1,1,0,차량단독 - 도로외이탈 - 기타,안전운전불이행,건조,맑음,기타 - 기타,승용,남,24세,상해없음,,,,
2012042900100105,2012년 4월 29일 05시,일요일,충청남도 천안시 서북구 백석동,경상사고,0,0,2,0,차대차 - 측면직각충돌,교차로운행방법위반,건조,맑음,교차로 - 교차로안,승용,남,27세,상해없음,승합,남,34세,경상
2012042900100113,2012년 4월 29일 06시,일요일,충청남도 천안시 동남구 원성동,사망사고,1,0,0,0,차대사람 - 기타,안전운전불이행,건조,맑음,교차로 - 교차로안,승용,남,32세,상해없음,보행자,여,74세,사망
2012042900100127,2012년 4월 29일 07시,일요일,충청남도 부여군 규암면,중상사고,0,3,0,0,차대차 - 측면직각충돌,교차로운행방법위반,건조,맑음,교차로 - 교차로안,승용,여,46세,상해없음,승용,남,42세,중상
2012042900100157,2012년 4월 29일 09시,일요일,충청남도 아산시 송악면,사망사고,1,0,0,0,차대사람 - 기타,안전운전불이행,건조,맑음,교차로 - 교차로안,승용,남,44세,상해없음,보행자,여,78세,사망
2012042900100158,2012년 4월 29일 09시,일요일,충청남도 보령시 궁촌동,경상사고,0,0,1,0,차대사람 - 보도통행중,보행자보호의무위반,건조,맑음,교차로 - 교차로부근,승용,남,21세,상해없음,보행자,여,64세,경상
2012042900100159,2012년 4월 29일 09시,일요일,충청남도 청양군 청양읍,중상사고,0,1,1,0,차대차 - 추돌 - 주정차중,안전운전불이행,건조,맑음,교차로 - 교차로안,승용,남,43세,경상,승용,여,39세,중상
2012042900100172,2012년 4월 29일 10시,일요일,충청남도 홍성군 홍북면,경상사고,0,0,1,0,차대차 - 측면직각충돌,중앙선침범,건조,맑음,단일로 - 기타,화물,남,25세,상해없음,승용,여,47세,경상
2012042900100194,2012년 4월 29일 11시,일요일,충청남도 예산군 오가면,중상사고,0,1,0,0,차대차 - 기타,안전운전불이행,건조,맑음,단일로 - 기타,화물,남,63세,상해없음,이륜,남,67세,중상
2012042900100236,2012년 4월 29일 13시,일요일,충청남도 천안시 서북구 백석동,경상사고,0,0,2,0,차대차 - 기타,신호위반,건조,맑음,단일로 - 횡단보도상,승용,여,45세,상해없음,자전거,남,40세,경상
2012042900100237,2012년 4월 29일 13시,일요일,충청남도 논산시 강경읍,중상사고,0,1,0,0,차대차 - 기타,안전운전불이행,건조,흐림,단일로 - 기타,승용,남,26세,상해없음,원동기,여,63세,중상
2012042900100264,2012년 4월 29일 14시,일요일,충청남도 공주시 유구읍,중상사고,0,1,2,0,차대차 - 정면충돌,중앙선침범,건조,맑음,단일로 - 기타,승용,남,42세,기타불명,화물,남,50세,경상
2012042900100265,2012년 4월 29일 14시,일요일,충청남도 천안시 동남구 청당동,경상사고,0,0,1,0,차대차 - 측면직각충돌,안전운전불이행,건조,맑음,교차로 - 교차로부근,이륜,남,27세,경상,승용,남,53세,상해없음
2012042900100284,2012년 4월 29일 15시,일요일,충청남도 홍성군 광천읍,중상사고,0,1,0,0,차대차 - 측면직각충돌,교차로운행방법위반,건조,맑음,교차로 - 교차로안,승용,남,56세,상해없음,이륜,남,74세,중상
2012042900100285,2012년 4월 29일 15시,일요일,충청남도 아산시 온천동,중상사고,0,1,0,0,차대사람 - 횡단중,보행자보호의무위반,건조,맑음,교차로 - 교차로부근,승용,여,55세,상해없음,보행자,여,45세,중상
2012042900100286,2012년 4월 29일 15시,일요일,충청남도 부여군 부여읍,중상사고,0,1,0,0,차대차 - 정면충돌,교차로운행방법위반,건조,맑음,교차로 - 교차로안,승용,남,50세,상해없음,승용,남,52세,중상
2012042900100314,2012년 4월 29일 16시,일요일,충청남도 태안군 태안읍,경상사고,0,0,2,0,차대차 - 측면직각충돌,교차로운행방법위반,건조,맑음,교차로 - 교차로안,승용,남,30세,상해없음,승용,남,76세,경상
2012042900100315,2012년 4월 29일 16시,일요일,충청남도 서산시 석림동,경상사고,0,0,2,0,차대차 - 기타,안전운전불이행,건조,맑음,단일로 - 기타,자전거,남,10세,경상,화물,남,40세,상해없음
2012042900100316,2012년 4월 29일 16시,일요일,충청남도 당진시 정미면,사망사고,1,0,2,0,차대차 - 기타,안전운전불이행,건조,맑음,단일로 - 기타,승용,여,66세,상해없음,승용,여,57세,경상
2012042900100317,2012년 4월 29일 16시,일요일,충청남도 천안시 동남구 청수동,중상사고,0,1,0,0,차대사람 - 횡단중,안전운전불이행,건조,맑음,단일로 - 기타,승용,남,34세,상해없음,보행자,남,7세,중상
2012042900100342,2012년 4월 29일 17시,일요일,충청남도 서산시 지곡면,중상사고,0,1,4,0,차대차 - 측면직각충돌,신호위반,건조,맑음,교차로 - 교차로안,승용,남,30세,경상,승용,남,25세,경상
2012042900100404,2012년 4월 29일 19시,일요일,충청남도 천안시 서북구 직산읍,경상사고,0,0,1,0,차대차 - 측면직각충돌,안전운전불이행,건조,맑음,교차로 - 교차로부근,승용,남,51세,상해없음,이륜,남,24세,경상
2012042900100441,2012년 4월 29일 20시,일요일,충청남도 공주시 금성동,중상사고,0,1,0,0,차대차 - 기타,안전운전불이행,건조,맑음,교차로 - 교차로부근,승용,남,47세,상해없음,자전거,여,59세,중상
2012042900100442,2012년 4월 29일 20시,일요일,충청남도 당진시 원당리,중상사고,0,1,0,0,차대사람 - 횡단중,안전운전불이행,건조,맑음,단일로 - 기타,원동기,남,40세,상해없음,보행자,여,63세,중상
2012042900100471,2012년 4월 29일 21시,일요일,충청남도 논산시 화지동,경상사고,0,0,1,1,차대차 - 기타,안전운전불이행,건조,맑음,교차로 - 교차로안,이륜,남,48세,부상신고,이륜,남,21세,경상
2012042900100472,2012년 4월 29일 21시,일요일,충청남도 천안시 동남구 목천읍,경상사고,0,0,2,0,차대차 - 추돌 - 진행중,안전거리미확보,건조,맑음,단일로 - 기타,화물,남,27세,상해없음,승용,남,41세,경상
2012042900100500,2012년 4월 29일 22시,일요일,충청남도 금산군 제원면,중상사고,0,1,0,0,차량단독 - 전도전복,안전운전불이행,건조,맑음,기타 - 기타,승용,남,26세,중상,,,,
2012043000100011,2012년 4월 30일 00시,월요일,충청남도 천안시 서북구 불당동,경상사고,0,0,2,0,차대차 - 추돌 - 주정차중,안전운전불이행,건조,맑음,단일로 - 기타,승용,남,27세,상해없음,승용,남,30세,경상
2012043000100013,2012년 4월 30일 00시,월요일,충청남도 당진시 신평면,중상사고,0,2,0,0,차대차 - 측면직각충돌,안전거리미확보,건조,맑음,단일로 - 교량,승용,남,29세,상해없음,승용,여,25세,중상
2012043000100033,2012년 4월 30일 02시,월요일,충청남도 계룡시 엄사면,경상사고,0,0,1,0,차대사람 - 기타,불법유턴,건조,맑음,단일로 - 기타,승용,남,32세,상해없음,보행자,남,50세,경상
2012043000100047,2012년 4월 30일 04시,월요일,충청남도 서천군 서천읍,경상사고,0,0,1,0,차량단독 - 공작물충돌,안전운전불이행,건조,맑음,교차로 - 교차로부근,승용,남,36세,경상,,,,
2012043000100067,2012년 4월 30일 06시,월요일,충청남도 연기군 금남면,중상사고,0,1,3,0,차대차 - 기타,안전운전불이행,건조,맑음,단일로 - 기타,승용,남,54세,경상,승용,남,32세,경상
2012043000100068,2012년 4월 30일 06시,월요일,충청남도 당진시 송산면,경상사고,0,0,1,0,차대사람 - 횡단중,안전운전불이행,건조,맑음,단일로 - 기타,승용,남,26세,상해없음,보행자,남,48세,경상
2012043000100094,2012년 4월 30일 07시,월요일,충청남도 당진시 송산면,경상사고,0,0,2,0,차대차 - 정면충돌,중앙선침범,건조,맑음,단일로 - 기타,승용,남,66세,상해없음,승용,남,55세,경상
2012043000100124,2012년 4월 30일 08시,월요일,충청남도 연기군 남면,중상사고,0,2,13,4,차대차 - 측면직각충돌,신호위반,건조,맑음,교차로 - 교차로안,건설기계,남,60세,상해없음,승합,남,38세,경상
2012043000100125,2012년 4월 30일 08시,월요일,충청남도 당진시 송산면,경상사고,0,0,1,0,차대차 - 측면직각충돌,안전거리미확보,건조,맑음,단일로 - 기타,건설기계,남,48세,상해없음,특수,남,43세,경상
2012043000100163,2012년 4월 30일 09시,월요일,충청남도 태안군 태안읍,중상사고,0,1,0,0,차대사람 - 차도통행중,안전운전불이행,건조,맑음,교차로 - 교차로안,승용,남,49세,상해없음,보행자,남,77세,중상
2012043000100164,2012년 4월 30일 09시,월요일,충청남도 금산군 복수면,중상사고,0,2,0,0,차대차 - 측면직각충돌,안전운전불이행,건조,맑음,단일로 - 기타,원동기,남,74세,중상,화물,남,56세,상해없음
2012043000100193,2012년 4월 30일 10시,월요일,충청남도 천안시 서북구 성정동,경상사고,0,0,2,0,차대차 - 기타,차로위반,건조,맑음,단일로 - 기타,승용,남,25세,경상,원동기,남,18세,경상
2012043000100194,2012년 4월 30일 10시,월요일,충청남도 서천군 서천읍,경상사고,0,0,1,0,차대차 - 기타,안전거리미확보,건조,맑음,단일로 - 기타,화물,남,38세,상해없음,승용,여,53세,경상
2012043000100228,2012년 4월 30일 11시,월요일,충청남도 예산군 신양면,중상사고,0,2,0,0,차대차 - 측면직각충돌,직진우회전진행방해,건조,맑음,교차로 - 교차로안,승용,여,27세,중상,이륜,남,76세,중상
2012043000100229,2012년 4월 30일 11시,월요일,충청남도 당진시 읍내리,중상사고,0,1,0,0,차대사람 - 횡단중,보행자보호의무위반,건조,맑음,단일로 - 횡단보도상,원동기,남,30세,기타불명,보행자,여,61세,중상
2012043000100265,2012년 4월 30일 12시,월요일,충청남도 천안시 서북구 백석동,경상사고,0,0,1,0,차대차 - 기타,신호위반,건조,맑음,교차로 - 교차로안,기타불명,기타불명,기타불명,기타불명,승용,남,45세,상해없음
2012043000100310,2012년 4월 30일 13시,월요일,충청남도 공주시 반포면,중상사고,0,1,0,0,차대차 - 기타,안전운전불이행,건조,맑음,단일로 - 터널,화물,남,49세,기타불명,화물,남,67세,중상
2012043000100311,2012년 4월 30일 13시,월요일,충청남도 예산군 예산읍,경상사고,0,0,2,0,차대차 - 측면직각충돌,신호위반,건조,맑음,교차로 - 교차로안,승용,남,24세,상해없음,화물,남,37세,경상
2012043000100377,2012년 4월 30일 15시,월요일,충청남도 천안시 동남구 신방동,경상사고,0,0,2,0,차대차 - 추돌 - 진행중,안전운전불이행,건조,맑음,교차로 - 교차로안,화물,남,53세,상해없음,화물,남,41세,경상
2012043000100380,2012년 4월 30일 15시,월요일,충청남도 당진시 순성면,중상사고,0,3,7,0,차대차 - 추돌 - 진행중,안전운전불이행,건조,맑음,단일로 - 기타,화물,남,48세,상해없음,승용,남,46세,상해없음
2012043000100419,2012년 4월 30일 16시,월요일,충청남도 천안시 서북구 성환읍,중상사고,0,1,0,0,차대차 - 정면충돌,안전운전불이행,건조,맑음,단일로 - 기타,화물,남,53세,상해없음,자전거,여,20세,중상
2012043000100470,2012년 4월 30일 17시,월요일,충청남도 태안군 남면,중상사고,0,3,0,0,차대차 - 추돌 - 주정차중,안전운전불이행,건조,맑음,교차로 - 교차로부근,화물,남,53세,상해없음,승용,남,67세,중상
2012043000100471,2012년 4월 30일 17시,월요일,충청남도 보령시 동대동,경상사고,0,0,1,0,차대차 - 측면직각충돌,안전운전불이행,건조,맑음,교차로 - 교차로부근,승용,남,37세,상해없음,자전거,남,13세,경상
2012043000100472,2012년 4월 30일 17시,월요일,충청남도 논산시 채운면,경상사고,0,0,1,0,차대차 - 추돌 - 진행중,안전운전불이행,건조,맑음,단일로 - 기타,승합,남,57세,상해없음,승용,남,39세,상해없음
2012043000100530,2012년 4월 30일 18시,월요일,충청남도 논산시 양촌면,경상사고,0,0,1,0,차대차 - 기타,안전운전불이행,건조,맑음,단일로 - 기타,화물,남,45세,상해없음,이륜,남,69세,경상
2012043000100571,2012년 4월 30일 19시,월요일,충청남도 천안시 서북구 성정동,중상사고,0,1,0,0,차대사람 - 기타,안전운전불이행,건조,맑음,단일로 - 기타,승용,남,45세,상해없음,보행자,남,27세,중상
2012043000100572,2012년 4월 30일 19시,월요일,충청남도 서천군 마서면,경상사고,0,0,2,0,차대차 - 기타,안전운전불이행,건조,맑음,단일로 - 기타,승합,남,35세,상해없음,승합,남,55세,경상
2012043000100573,2012년 4월 30일 19시,월요일,충청남도 당진시 합덕읍,중상사고,0,1,0,0,차대차 - 추돌 - 진행중,안전운전불이행,건조,맑음,단일로 - 기타,승용,남,40세,상해없음,이륜,남,68세,중상
2012043000100574,2012년 4월 30일 19시,월요일,충청남도 천안시 동남구 청당동,경상사고,0,0,1,0,차대차 - 정면충돌,신호위반,건조,맑음,교차로 - 교차로안,화물,남,45세,상해없음,승용,여,32세,경상
2012043000100620,2012년 4월 30일 20시,월요일,충청남도 서산시 동문동,중상사고,0,1,0,0,차대사람 - 횡단중,보행자보호의무위반,건조,맑음,단일로 - 횡단보도상,자전거,남,13세,상해없음,보행자,여,54세,중상
2012043000100621,2012년 4월 30일 20시,월요일,충청남도 아산시 탕정면,경상사고,0,0,1,0,차대차 - 추돌 - 진행중,안전운전불이행,건조,맑음,단일로 - 기타,승용,남,33세,상해없음,이륜,남,35세,경상
2012043000100622,2012년 4월 30일 20시,월요일,충청남도 당진시 합덕읍,중상사고,0,1,0,0,차대차 - 기타,직진우회전진행방해,건조,맑음,교차로 - 교차로안,승용,남,40세,상해없음,승용,남,45세,중상
2012043000100623,2012년 4월 30일 20시,월요일,충청남도 천안시 동남구 병천면,사망사고,1,0,1,0,차대사람 - 횡단중,보행자보호의무위반,건조,맑음,교차로 - 교차로안,화물,남,55세,상해없음,보행자,여,70세,사망
2012043000100670,2012년 4월 30일 21시,월요일,충청남도 공주시 유구읍,중상사고,0,1,0,0,차대차 - 측면직각충돌,교차로운행방법위반,건조,기타,교차로 - 교차로안,승용,남,60세,상해없음,자전거,남,60세,중상
2012043000100671,2012년 4월 30일 21시,월요일,충청남도 예산군 예산읍,중상사고,0,1,0,0,차대사람 - 횡단중,안전운전불이행,건조,맑음,단일로 - 기타,승용,남,32세,상해없음,보행자,여,58세,중상
2012043000100672,2012년 4월 30일 21시,월요일,충청남도 천안시 동남구 다가동,경상사고,0,0,1,0,차대차 - 측면직각충돌,중앙선침범,건조,맑음,단일로 - 기타,승용,남,43세,상해없음,승용,남,42세,상해없음
2012043000100704,2012년 4월 30일 22시,월요일,충청남도 천안시 동남구 원성동,경상사고,0,0,1,0,차대차 - 측면직각충돌,안전운전불이행,건조,맑음,단일로 - 기타,승합,여,55세,상해없음,승용,남,31세,경상
2012043000100737,2012년 4월 30일 23시,월요일,충청남도 서산시 동문동,경상사고,0,0,1,0,차대차 - 정면충돌,신호위반,건조,맑음,교차로 - 교차로안,승용,남,37세,상해없음,화물,남,41세,경상
2012050100100020,2012년 5월 1일 00시,화요일,충청남도 천안시 동남구 신부동,중상사고,0,2,3,0,차대차 - 추돌 - 주정차중,중앙선침범,건조,맑음,교차로 - 교차로부근,승합,남,53세,상해없음,승합,남,50세,상해없음
2012050100100082,2012년 5월 1일 03시,화요일,충청남도 천안시 서북구 성정동,경상사고,0,0,2,0,차대차 - 기타,안전운전불이행,건조,맑음,단일로 - 기타,승용,남,50세,상해없음,승용,남,54세,경상
2012050100100083,2012년 5월 1일 03시,화요일,충청남도 계룡시 엄사면,경상사고,0,0,1,0,차량단독 - 기타,안전운전불이행,건조,맑음,단일로 - 기타,원동기,남,19세,경상,,,,
2012050100100084,2012년 5월 1일 03시,화요일,충청남도 공주시 의당면,중상사고,0,1,0,0,차대차 - 추돌 - 진행중,안전운전불이행,건조,맑음,단일로 - 기타,화물,남,53세,상해없음,승용,남,45세,중상
2012050100100117,2012년 5월 1일 06시,화요일,충청남도 홍성군 홍성읍,중상사고,0,1,0,0,차대차 - 기타,교차로운행방법위반,건조,맑음,교차로 - 교차로안,승용,남,41세,상해없음,이륜,남,40세,중상
2012050100100118,2012년 5월 1일 06시,화요일,충청남도 연기군 조치원읍,중상사고,0,2,1,0,차대차 - 측면직각충돌,신호위반,건조,맑음,교차로 - 교차로안,승용,남,30세,경상,승용,여,43세,중상
2012050100100166,2012년 5월 1일 08시,화요일,충청남도 예산군 오가면,경상사고,0,0,1,0,차대사람 - 횡단중,안전운전불이행,건조,맑음,교차로 - 교차로부근,화물,여,50세,상해없음,보행자,남,13세,경상
2012050100100167,2012년 5월 1일 08시,화요일,충청남도 천안시 동남구 성황동,중상사고,0,1,0,0,차대사람 - 횡단중,보행자보호의무위반,건조,맑음,교차로 - 교차로부근,승용,남,34세,상해없음,보행자,여,21세,중상
2012050100100200,2012년 5월 1일 09시,화요일,충청남도 서천군 한산면,중상사고,0,1,0,0,차대사람 - 기타,안전운전불이행,건조,맑음,단일로 - 기타,이륜,남,73세,상해없음,보행자,남,82세,중상
2012050100100201,2012년 5월 1일 09시,화요일,충청남도 예산군 예산읍,중상사고,0,1,0,0,차대차 - 추돌 - 진행중,안전거리미확보,건조,맑음,교차로 - 교차로안,화물,남,34세,상해없음,화물,남,65세,중상
2012050100100252,2012년 5월 1일 11시,화요일,충청남도 계룡시 두마면,중상사고,0,1,0,0,차대차 - 기타,기타,건조,맑음,단일로 - 교량,승용,남,73세,상해없음,이륜,남,63세,중상
2012050100100287,2012년 5월 1일 12시,화요일,충청남도 서산시 잠홍동,경상사고,0,0,2,0,차대차 - 측면직각충돌,신호위반,건조,맑음,교차로 - 교차로부근,승용,남,59세,상해없음,승용,남,26세,경상
2012050100100315,2012년 5월 1일 13시,화요일,충청남도 논산시 대교동,중상사고,0,1,0,0,차대차 - 기타,안전운전불이행,건조,맑음,교차로 - 교차로부근,이륜,남,57세,중상,승용,남,50세,상해없음
2012050100100436,2012년 5월 1일 16시,화요일,충청남도 천안시 동남구 광덕면,중상사고,0,1,0,0,차량단독 - 도로외이탈 - 기타,안전운전불이행,건조,맑음,단일로 - 기타,이륜,남,46세,중상,,,,
2012050100100484,2012년 5월 1일 17시,화요일,충청남도 부여군 임천면,중상사고,0,1,0,0,차대차 - 기타,안전운전불이행,건조,맑음,단일로 - 기타,이륜,여,50세,중상,화물,남,61세,상해없음
2012050100100614,2012년 5월 1일 20시,화요일,충청남도 천안시 동남구 신부동,경상사고,0,0,1,0,차량단독 - 공작물충돌,안전운전불이행,건조,맑음,단일로 - 터널,원동기,남,19세,경상,,,,
2012050100100666,2012년 5월 1일 21시,화요일,충청남도 천안시 서북구 쌍용동,부상신고사고,0,0,0,1,차대차 - 추돌 - 주정차중,안전운전불이행,건조,맑음,단일로 - 기타,이륜,남,49세,상해없음,승용,남,53세,부상신고
2012050100100667,2012년 5월 1일 21시,화요일,충청남도 아산시 음봉면,경상사고,0,0,1,0,차대차 - 정면충돌,중앙선침범,건조,맑음,기타 - 기타,승용,기타불명,기타불명,기타불명,승용,여,45세,경상
2012050100100668,2012년 5월 1일 21시,화요일,충청남도 서천군 장항읍,경상사고,0,0,1,0,차량단독 - 전도전복,안전운전불이행,건조,맑음,단일로 - 기타,이륜,남,42세,경상,,,,
2012050100100669,2012년 5월 1일 21시,화요일,충청남도 당진시 수청리,경상사고,0,0,1,0,차대차 - 측면직각충돌,안전거리미확보,건조,맑음,단일로 - 기타,승용,여,24세,상해없음,승용,여,42세,경상
2012050100100712,2012년 5월 1일 22시,화요일,충청남도 보령시 궁촌동,중상사고,0,2,5,0,차대차 - 측면직각충돌,직진우회전진행방해,건조,맑음,교차로 - 교차로안,승용,남,29세,중상,승용,남,53세,경상
2012050100100713,2012년 5월 1일 22시,화요일,충청남도 당진시 송악읍,경상사고,0,0,1,0,차대차 - 정면충돌,안전운전불이행,건조,맑음,교차로 - 교차로부근,승용,남,47세,상해없음,승용,남,44세,상해없음
2012050200100019,2012년 5월 2일 00시,수요일,충청남도 천안시 서북구 성정동,중상사고,0,2,0,0,차대차 - 측면직각충돌,신호위반,건조,맑음,교차로 - 교차로안,승용,남,25세,상해없음,승용,남,36세,중상
2012050200100038,2012년 5월 2일 01시,수요일,충청남도 천안시 동남구 광덕면,경상사고,0,0,1,0,차대차 - 추돌 - 주정차중,안전운전불이행,건조,맑음,교차로 - 교차로부근,승합,남,50세,상해없음,승용,남,68세,경상
2012050200100082,2012년 5월 2일 05시,수요일,충청남도 천안시 동남구 봉명동,중상사고,0,1,0,0,차량단독 - 공작물충돌,안전운전불이행,건조,맑음,교차로 - 교차로부근,승용,남,24세,상해없음,,,,
2012050200100094,2012년 5월 2일 06시,수요일,충청남도 천안시 서북구 성정동,경상사고,0,0,2,0,차대차 - 추돌 - 주정차중,안전운전불이행,건조,맑음,교차로 - 교차로부근,승용,남,22세,상해없음,화물,남,63세,경상
2012050200100130,2012년 5월 2일 07시,수요일,충청남도 논산시 취암동,중상사고,0,1,0,0,차대차 - 기타,신호위반,습기,비,교차로 - 교차로안,이륜,남,83세,중상,승용,여,44세,상해없음
2012050200100131,2012년 5월 2일 07시,수요일,충청남도 보령시 웅천읍,경상사고,0,0,1,0,차대사람 - 기타,안전운전불이행,건조,맑음,교차로 - 교차로안,승용,남,53세,상해없음,보행자,남,10세,경상
2012050200100132,2012년 5월 2일 07시,수요일,충청남도 당진시 송악읍,경상사고,0,0,1,0,차대차 - 추돌 - 진행중,안전운전불이행,건조,맑음,단일로 - 기타,승용,남,32세,상해없음,승용,남,44세,경상
2012050200100133,2012년 5월 2일 07시,수요일,충청남도 금산군 제원면,중상사고,0,1,0,0,차대사람 - 보도통행중,안전운전불이행,건조,맑음,교차로 - 교차로부근,승용,남,25세,상해없음,보행자,남,34세,중상
2012050200100169,2012년 5월 2일 08시,수요일,충청남도 서산시 예천동,경상사고,0,0,1,0,차대차 - 측면직각충돌,교차로운행방법위반,건조,맑음,교차로 - 교차로안,승용,여,36세,상해없음,자전거,남,15세,경상
2012050200100170,2012년 5월 2일 08시,수요일,충청남도 논산시 취암동,경상사고,0,0,2,0,차대차 - 측면직각충돌,신호위반,건조,맑음,교차로 - 교차로안,화물,남,70세,상해없음,승합,남,62세,상해없음
2012050200100219,2012년 5월 2일 09시,수요일,충청남도 예산군 삽교읍,경상사고,0,0,1,0,차대차 - 기타,불법유턴,건조,맑음,단일로 - 기타,화물,남,75세,상해없음,이륜,남,41세,경상
2012050200100220,2012년 5월 2일 09시,수요일,충청남도 천안시 동남구 신방동,경상사고,0,0,1,0,차대차 - 측면직각충돌,신호위반,건조,맑음,교차로 - 교차로안,승합,남,40세,상해없음,화물,남,56세,경상
2012050200100248,2012년 5월 2일 10시,수요일,충청남도 당진시 우강면,중상사고,0,1,0,0,차대차 - 추돌 - 진행중,안전운전불이행,건조,맑음,단일로 - 기타,승용,남,59세,상해없음,원동기,남,53세,중상
2012050200100300,2012년 5월 2일 12시,수요일,충청남도 금산군 금산읍,중상사고,0,2,1,0,차대차 - 측면직각충돌,직진우회전진행방해,건조,맑음,교차로 - 교차로안,승용,남,31세,경상,승용,남,59세,중상
2012050200100301,2012년 5월 2일 12시,수요일,충청남도 천안시 동남구 구룡동,중상사고,0,1,0,0,차대사람 - 기타,기타,건조,맑음,단일로 - 기타,승용,여,45세,상해없음,보행자,여,17세,중상
2012050200100331,2012년 5월 2일 13시,수요일,충청남도 서산시 석림동,중상사고,0,3,1,0,차대차 - 측면직각충돌,불법유턴,건조,맑음,교차로 - 교차로안,승용,남,60세,상해없음,승용,여,42세,중상
2012050200100332,2012년 5월 2일 13시,수요일,충청남도 공주시 탄천면,경상사고,0,0,1,0,차대차 - 측면직각충돌,안전운전불이행,건조,맑음,단일로 - 기타,건설기계,남,44세,상해없음,승용,여,52세,경상
2012050200100333,2012년 5월 2일 13시,수요일,충청남도 천안시 동남구 병천면,중상사고,0,3,0,0,차대차 - 측면직각충돌,중앙선침범,건조,맑음,단일로 - 기타,화물,남,53세,상해없음,이륜,남,17세,중상
2012050200100384,2012년 5월 2일 14시,수요일,충청남도 천안시 서북구 백석동,중상사고,0,1,0,0,차대사람 - 횡단중,보행자보호의무위반,건조,맑음,단일로 - 횡단보도상,승용,여,26세,상해없음,보행자,여,7세,중상
2012050200100385,2012년 5월 2일 14시,수요일,충청남도 청양군 청양읍,중상사고,0,1,0,0,차대차 - 추돌 - 진행중,안전운전불이행,건조,맑음,교차로 - 교차로안,화물,남,37세,상해없음,승용,여,65세,중상
2012050200100426,2012년 5월 2일 15시,수요일,충청남도 천안시 서북구 성정동,경상사고,0,0,1,0,차대사람 - 기타,안전운전불이행,건조,맑음,단일로 - 기타,기타불명,기타불명,기타불명,기타불명,보행자,여,13세,경상
2012050200100466,2012년 5월 2일 16시,수요일,충청남도 아산시 권곡동,부상신고사고,0,0,0,1,차대차 - 추돌 - 진행중,안전거리미확보,건조,맑음,기타 - 기타,승용,남,64세,상해없음,화물,남,46세,부상신고
2012050200100467,2012년 5월 2일 16시,수요일,충청남도 보령시 죽정동,중상사고,0,1,0,0,차대차 - 기타,안전거리미확보,건조,맑음,교차로 - 교차로안,승용,여,39세,상해없음,승용,남,34세,중상
2012050200100493,2012년 5월 2일 17시,수요일,충청남도 천안시 동남구 원성동,경상사고,0,0,2,0,차대차 - 기타,안전운전불이행,건조,맑음,교차로 - 교차로부근,승용,남,56세,상해없음,자전거,남,15세,경상
2012050200100532,2012년 5월 2일 18시,수요일,충청남도 공주시 계룡면,경상사고,0,0,2,0,차대차 - 측면직각충돌,교차로운행방법위반,건조,맑음,교차로 - 교차로안,화물,남,41세,상해없음,화물,남,55세,경상
2012050200100577,2012년 5월 2일 19시,수요일,충청남도 연기군 조치원읍,경상사고,0,0,1,0,차대차 - 측면직각충돌,직진우회전진행방해,건조,맑음,교차로 - 교차로안,승용,남,23세,상해없음,화물,남,64세,경상
2012050200100608,2012년 5월 2일 20시,수요일,충청남도 서산시 대산읍,중상사고,0,1,0,0,차대차 - 측면직각충돌,신호위반,건조,맑음,교차로 - 교차로안,화물,남,74세,상해없음,이륜,남,66세,중상
2012050200100609,2012년 5월 2일 20시,수요일,충청남도 천안시 서북구 성환읍,경상사고,0,0,1,0,차대차 - 기타,안전운전불이행,건조,맑음,단일로 - 기타,화물,남,68세,상해없음,승용,남,40세,경상
2012050200100610,2012년 5월 2일 20시,수요일,충청남도 공주시 이인면,중상사고,0,1,0,0,차대사람 - 기타,안전운전불이행,건조,맑음,단일로 - 기타,승용,여,35세,상해없음,보행자,여,53세,중상