사고번호,사고일시,요일,시군구,사고내용,사망자수,중상자수,경상자수,부상신고자수,사고유형,법규위반,노면상태,기상상태,도로형태,가해운전자 차종,가해운전자 성별,가해운전자 연령,가해운전자 상해정도,피해운전자 차종,피해운전자 성별,피해운전자 연령,피해운전자 상해정도
2012052000100338,2012년 5월 20일 17시,일요일,충청남도 서산시 읍내동,중상사고,0,2,0,0,차대차 - 측면직각충돌,중앙선침범,건조,맑음,단일로 - 기타,승용,남,50세,상해없음,이륜,남,28세,중상
2012052000100339,2012년 5월 20일 17시,일요일,충청남도 논산시 내동,경상사고,0,0,1,0,차대차 - 기타,교차로운행방법위반,건조,맑음,교차로 - 교차로안,승용,여,58세,경상,승용,남,34세,상해없음
2012052000100379,2012년 5월 20일 18시,일요일,충청남도 보령시 남포면,경상사고,0,0,1,0,차대차 - 추돌 - 진행중,안전운전불이행,건조,맑음,단일로 - 기타,승용,남,33세,상해없음,화물,남,56세,상해없음
2012052000100406,2012년 5월 20일 19시,일요일,충청남도 금산군 금산읍,경상사고,0,0,2,0,차대차 - 측면직각충돌,직진우회전진행방해,건조,맑음,교차로 - 교차로안,승용,여,29세,상해없음,승용,남,38세,경상
2012052000100407,2012년 5월 20일 19시,일요일,충청남도 천안시 동남구 대흥동,경상사고,0,0,1,0,차대사람 - 횡단중,보행자보호의무위반,건조,맑음,단일로 - 기타,승용,남,44세,상해없음,보행자,남,52세,경상
2012052000100437,2012년 5월 20일 20시,일요일,충청남도 아산시 음봉면,사망사고,1,0,0,0,차대차 - 추돌 - 주정차중,안전운전불이행,건조,맑음,기타 - 기타,이륜,남,74세,사망,화물,남,50세,상해없음
2012052000100438,2012년 5월 20일 20시,일요일,충청남도 아산시 둔포면,사망사고,1,0,0,0,차대사람 - 기타,안전운전불이행,건조,맑음,교차로 - 교차로부근,승용,남,28세,상해없음,보행자,남,55세,사망
2012052000100439,2012년 5월 20일 20시,일요일,충청남도 금산군 금산읍,경상사고,0,0,1,0,차대차 - 측면직각충돌,안전운전불이행,건조,맑음,단일로 - 기타,승용,남,19세,상해없음,원동기,남,37세,경상
2012052000100440,2012년 5월 20일 20시,일요일,충청남도 천안시 동남구 원성동,중상사고,0,1,0,0,차대사람 - 횡단중,안전운전불이행,건조,맑음,단일로 - 기타,승용,여,46세,상해없음,보행자,남,77세,중상
2012052000100502,2012년 5월 20일 22시,일요일,충청남도 홍성군 홍성읍,중상사고,0,1,0,0,차대차 - 추돌 - 주정차중,안전운전불이행,건조,맑음,단일로 - 기타,승용,여,42세,상해없음,승용,남,44세,중상
2012052000100503,2012년 5월 20일 22시,일요일,충청남도 천안시 동남구 신부동,경상사고,0,0,2,0,차대차 - 측면직각충돌,신호위반,건조,맑음,단일로 - 횡단보도상,승용,여,57세,경상,화물,남,49세,경상
2012052100100059,2012년 5월 21일 06시,월요일,충청남도 서산시 동문동,중상사고,0,1,0,0,차대차 - 측면직각충돌,교차로운행방법위반,건조,맑음,교차로 - 교차로안,화물,남,51세,상해없음,이륜,남,52세,중상
2012052100100060,2012년 5월 21일 06시,월요일,충청남도 연기군 소정면,중상사고,0,1,2,0,차대차 - 측면직각충돌,안전운전불이행,건조,맑음,교차로 - 교차로부근,승용,남,50세,상해없음,승용,남,57세,경상
2012052100100120,2012년 5월 21일 08시,월요일,충청남도 서산시 동문동,부상신고사고,0,0,0,1,차대사람 - 기타,안전운전불이행,건조,맑음,기타 - 기타,승용,여,45세,상해없음,보행자,여,35세,부상신고
2012052100100150,2012년 5월 21일 09시,월요일,충청남도 공주시 유구읍,중상사고,0,1,0,0,차대차 - 추돌 - 진행중,안전운전불이행,건조,맑음,교차로 - 교차로부근,이륜,남,76세,상해없음,자전거,남,74세,중상
2012052100100212,2012년 5월 21일 11시,월요일,충청남도 부여군 부여읍,중상사고,0,1,0,0,차대사람 - 횡단중,보행자보호의무위반,건조,맑음,단일로 - 기타,승용,남,54세,상해없음,보행자,여,59세,중상
2012052100100329,2012년 5월 21일 15시,월요일,충청남도 천안시 서북구 불당동,경상사고,0,0,1,0,차대차 - 추돌 - 주정차중,안전운전불이행,건조,맑음,교차로 - 교차로부근,특수,남,26세,상해없음,승용,여,37세,경상
2012052100100373,2012년 5월 21일 16시,월요일,충청남도 연기군 조치원읍,경상사고,0,0,1,0,차대차 - 정면충돌,직진우회전진행방해,건조,맑음,교차로 - 교차로안,승합,남,39세,상해없음,이륜,남,37세,경상
2012052100100374,2012년 5월 21일 16시,월요일,충청남도 천안시 동남구 원성동,중상사고,0,1,0,0,차대차 - 측면직각충돌,안전운전불이행,건조,맑음,단일로 - 기타,이륜,여,51세,중상,승합,남,45세,상해없음
2012052100100418,2012년 5월 21일 17시,월요일,충청남도 서천군 서면,중상사고,0,2,0,0,차대차 - 기타,직진우회전진행방해,건조,맑음,교차로 - 교차로안,승합,남,49세,상해없음,화물,남,39세,중상
2012052100100467,2012년 5월 21일 18시,월요일,충청남도 천안시 서북구 성거읍,중상사고,0,1,2,0,차대차 - 기타,안전운전불이행,건조,맑음,교차로 - 교차로안,승용,여,37세,경상,승합,남,38세,중상
2012052100100468,2012년 5월 21일 18시,월요일,충청남도 부여군 부여읍,중상사고,0,2,0,0,차량단독 - 전도전복,안전운전불이행,건조,맑음,단일로 - 기타,승용,여,46세,상해없음,,,,
2012052100100469,2012년 5월 21일 18시,월요일,충청남도 천안시 동남구 다가동,부상신고사고,0,0,0,1,차대차 - 측면직각충돌,교차로운행방법위반,건조,맑음,교차로 - 교차로안,이륜,남,49세,부상신고,화물,여,30세,상해없음
2012052100100553,2012년 5월 21일 20시,월요일,충청남도 서산시 동문동,경상사고,0,0,1,0,차대차 - 기타,기타,건조,맑음,단일로 - 기타,승용,기타불명,기타불명,기타불명,원동기,여,53세,경상
2012052100100554,2012년 5월 21일 20시,월요일,충청남도 아산시 온천동,중상사고,0,1,0,0,차대차 - 측면직각충돌,안전운전불이행,건조,맑음,교차로 - 교차로부근,승용,여,30세,상해없음,승용,남,42세,중상
2012052100100555,2012년 5월 21일 20시,월요일,충청남도 공주시 신관동,중상사고,0,1,0,0,차대사람 - 횡단중,보행자보호의무위반,건조,맑음,교차로 - 교차로안,화물,여,44세,상해없음,보행자,여,20세,중상
2012052100100587,2012년 5월 21일 21시,월요일,충청남도 보령시 죽정동,경상사고,0,0,1,0,차대차 - 기타,안전운전불이행,건조,맑음,교차로 - 교차로안,화물,남,35세,상해없음,이륜,남,15세,경상
2012052100100588,2012년 5월 21일 21시,월요일,충청남도 연기군 조치원읍,경상사고,0,0,1,0,차대사람 - 횡단중,안전운전불이행,건조,맑음,교차로 - 교차로부근,승용,남,39세,상해없음,보행자,남,45세,경상
2012052100100646,2012년 5월 21일 23시,월요일,충청남도 아산시 신창면,중상사고,0,1,0,0,차대사람 - 횡단중,보행자보호의무위반,건조,맑음,단일로 - 횡단보도상,화물,남,25세,상해없음,보행자,여,19세,중상
2012052200100056,2012년 5월 22일 04시,화요일,충청남도 서산시 동문동,중상사고,0,1,0,0,차대사람 - 기타,안전운전불이행,건조,맑음,단일로 - 기타,화물,남,57세,기타불명,보행자,남,21세,중상
2012052200100057,2012년 5월 22일 04시,화요일,충청남도 천안시 서북구 쌍용동,중상사고,0,1,0,0,차대차 - 추돌 - 진행중,기타,건조,맑음,단일로 - 기타,이륜,남,16세,상해없음,승용,남,41세,상해없음
2012052200100083,2012년 5월 22일 06시,화요일,충청남도 서산시 수석동,중상사고,0,1,0,0,차대차 - 정면충돌,안전운전불이행,건조,맑음,단일로 - 기타,화물,남,62세,중상,화물,남,41세,상해없음
2012052200100084,2012년 5월 22일 06시,화요일,충청남도 천안시 동남구 영성동,경상사고,0,0,1,0,차대차 - 측면직각충돌,교차로운행방법위반,건조,맑음,교차로 - 교차로안,승용,남,22세,상해없음,승합,남,43세,경상
2012052200100115,2012년 5월 22일 07시,화요일,충청남도 서산시 석림동,중상사고,0,1,0,0,차대사람 - 횡단중,안전운전불이행,건조,맑음,기타 - 기타,승용,여,50세,상해없음,보행자,여,14세,중상
2012052200100116,2012년 5월 22일 07시,화요일,충청남도 홍성군 갈산면,경상사고,0,0,2,0,차대차 - 측면직각충돌,교차로운행방법위반,건조,맑음,단일로 - 기타,화물,남,51세,상해없음,승용,남,56세,경상
2012052200100148,2012년 5월 22일 08시,화요일,충청남도 논산시 취암동,중상사고,0,1,0,0,차대차 - 측면직각충돌,교차로운행방법위반,건조,맑음,교차로 - 교차로안,이륜,남,71세,중상,승용,남,33세,상해없음
2012052200100149,2012년 5월 22일 08시,화요일,충청남도 당진시 정미면,경상사고,0,0,2,0,차대차 - 추돌 - 진행중,안전운전불이행,건조,맑음,단일로 - 기타,승용,여,51세,상해없음,승용,여,40세,경상
2012052200100190,2012년 5월 22일 09시,화요일,충청남도 천안시 동남구 구성동,중상사고,0,3,2,0,차대차 - 기타,안전운전불이행,건조,맑음,단일로 - 기타,승합,남,49세,상해없음,승용,여,50세,경상
2012052200100222,2012년 5월 22일 10시,화요일,충청남도 서천군 마서면,경상사고,0,0,1,0,차대차 - 기타,중앙선침범,건조,맑음,단일로 - 기타,승용,여,65세,상해없음,승합,남,46세,경상
2012052200100259,2012년 5월 22일 11시,화요일,충청남도 금산군 추부면,경상사고,0,0,1,0,차량단독 - 전도전복,안전운전불이행,건조,맑음,단일로 - 기타,원동기,남,43세,경상,,,,
2012052200100285,2012년 5월 22일 12시,화요일,충청남도 당진시 우강면,사망사고,1,0,0,0,차대차 - 측면직각충돌,교차로운행방법위반,건조,맑음,교차로 - 교차로안,농기계,남,60세,사망,화물,남,40세,상해없음
2012052200100310,2012년 5월 22일 13시,화요일,충청남도 논산시 광석면,중상사고,0,2,0,0,차대차 - 측면직각충돌,교차로운행방법위반,건조,맑음,교차로 - 교차로안,승용,남,44세,상해없음,승용,남,32세,중상
2012052200100341,2012년 5월 22일 14시,화요일,충청남도 서산시 지곡면,중상사고,0,1,0,0,차대차 - 측면직각충돌,안전운전불이행,건조,맑음,단일로 - 기타,특수,남,46세,상해없음,농기계,남,58세,중상
2012052200100372,2012년 5월 22일 15시,화요일,충청남도 공주시 반포면,경상사고,0,0,1,0,차대차 - 측면직각충돌,안전운전불이행,건조,맑음,단일로 - 기타,승용,여,57세,상해없음,이륜,남,29세,경상
2012052200100448,2012년 5월 22일 17시,화요일,충청남도 천안시 서북구 두정동,부상신고사고,0,0,0,1,차대차 - 측면직각충돌,신호위반,건조,맑음,단일로 - 기타,원동기,남,18세,부상신고,승용,남,54세,상해없음
2012052200100449,2012년 5월 22일 17시,화요일,충청남도 논산시 연산면,경상사고,0,0,1,0,차대사람 - 기타,안전운전불이행,건조,맑음,단일로 - 기타,승용,남,47세,상해없음,보행자,여,16세,경상
2012052200100450,2012년 5월 22일 17시,화요일,충청남도 부여군 부여읍,중상사고,0,1,0,0,차대사람 - 기타,안전운전불이행,건조,맑음,단일로 - 기타,승용,남,31세,상해없음,보행자,남,14세,중상
2012052200100451,2012년 5월 22일 17시,화요일,충청남도 청양군 장평면,경상사고,0,0,2,0,차대차 - 추돌 - 주정차중,안전운전불이행,건조,맑음,단일로 - 기타,이륜,남,52세,상해없음,승용,남,47세,경상
2012052200100484,2012년 5월 22일 18시,화요일,충청남도 공주시 검상동,경상사고,0,0,1,0,차대차 - 정면충돌,안전운전불이행,건조,맑음,단일로 - 기타,농기계,남,55세,상해없음,승용,여,26세,경상
2012052200100523,2012년 5월 22일 19시,화요일,충청남도 아산시 배방읍,경상사고,0,0,1,0,차대차 - 추돌 - 진행중,안전운전불이행,건조,맑음,단일로 - 기타,승용,남,54세,상해없음,승용,남,39세,경상
2012052200100524,2012년 5월 22일 19시,화요일,충청남도 아산시 권곡동,중상사고,0,1,1,0,차대차 - 측면직각충돌,안전운전불이행,건조,맑음,교차로 - 교차로안,이륜,남,17세,중상,이륜,남,30세,경상
2012052200100561,2012년 5월 22일 20시,화요일,충청남도 천안시 서북구 쌍용동,경상사고,0,0,2,0,차대차 - 추돌 - 주정차중,안전운전불이행,건조,맑음,교차로 - 교차로부근,승용,기타불명,기타불명,기타불명,승용,여,44세,경상
2012052200100597,2012년 5월 22일 21시,화요일,충청남도 천안시 서북구 쌍용동,경상사고,0,0,1,0,차대사람 - 길가장자리구역통행중,안전운전불이행,건조,맑음,교차로 - 교차로부근,승용,여,37세,기타불명,보행자,여,21세,경상
2012052200100598,2012년 5월 22일 21시,화요일,충청남도 공주시 의당면,중상사고,0,1,0,0,차대차 - 측면직각충돌,안전운전불이행,건조,맑음,교차로 - 교차로부근,승용,남,40세,상해없음,화물,남,53세,상해없음
2012052200100599,2012년 5월 22일 21시,화요일,충청남도 예산군 신양면,중상사고,0,1,0,0,차대사람 - 길가장자리구역통행중,안전운전불이행,건조,맑음,단일로 - 기타,화물,남,34세,상해없음,보행자,남,74세,중상
2012052200100638,2012년 5월 22일 22시,화요일,충청남도 천안시 서북구 직산읍,경상사고,0,0,2,0,차대차 - 추돌 - 진행중,기타,건조,맑음,단일로 - 기타,승용,남,49세,상해없음,이륜,남,31세,경상
2012052200100639,2012년 5월 22일 22시,화요일,충청남도 천안시 서북구 성거읍,경상사고,0,0,1,0,차대차 - 추돌 - 주정차중,안전운전불이행,건조,맑음,단일로 - 기타,승용,남,28세,상해없음,농기계,남,42세,경상
2012052200100669,2012년 5월 22일 23시,화요일,충청남도 보령시 동대동,경상사고,0,0,1,0,차대차 - 측면직각충돌,직진우회전진행방해,건조,맑음,교차로 - 교차로안,화물,남,49세,상해없음,이륜,남,17세,경상
2012052200100670,2012년 5월 22일 23시,화요일,충청남도 당진시 송산면,사망사고,1,0,0,0,차량단독 - 공작물충돌,안전운전불이행,건조,맑음,단일로 - 기타,화물,남,32세,상해없음,,,,
2012052300100024,2012년 5월 23일 01시,수요일,충청남도 천안시 서북구 두정동,경상사고,0,0,1,0,차대차 - 측면직각충돌,안전운전불이행,건조,맑음,단일로 - 기타,승용,남,22세,상해없음,이륜,남,43세,경상
2012052300100051,2012년 5월 23일 03시,수요일,충청남도 아산시 좌부동,중상사고,0,4,0,0,차대차 - 정면충돌,중앙선침범,건조,맑음,단일로 - 기타,승용,남,20세,중상,승합,남,25세,중상
2012052300100061,2012년 5월 23일 04시,수요일,충청남도 부여군 석성면,경상사고,0,0,1,0,차대차 - 추돌 - 주정차중,안전운전불이행,건조,맑음,단일로 - 기타,승용,여,41세,경상,화물,남,41세,기타불명
2012052300100065,2012년 5월 23일 05시,수요일,충청남도 연기군 서면,중상사고,0,1,1,0,차대차 - 추돌 - 진행중,안전운전불이행,건조,맑음,단일로 - 기타,승용,남,55세,상해없음,승용,남,45세,경상
2012052300100100,2012년 5월 23일 07시,수요일,충청남도 천안시 서북구 백석동,경상사고,0,0,1,0,차대차 - 측면직각충돌,차로위반,건조,맑음,단일로 - 기타,화물,남,63세,상해없음,특수,남,33세,경상
2012052300100133,2012년 5월 23일 08시,수요일,충청남도 예산군 고덕면,중상사고,0,1,0,0,차대차 - 측면직각충돌,직진우회전진행방해,건조,맑음,교차로 - 교차로안,화물,남,53세,상해없음,농기계,남,73세,중상
2012052300100228,2012년 5월 23일 12시,수요일,충청남도 천안시 동남구 삼룡동,경상사고,0,0,4,0,차대차 - 측면직각충돌,안전운전불이행,건조,맑음,단일로 - 기타,승용,여,59세,경상,승용,남,62세,경상
2012052300100264,2012년 5월 23일 13시,수요일,충청남도 서산시 동문동,중상사고,0,1,0,0,차대차 - 측면직각충돌,안전운전불이행,건조,맑음,단일로 - 기타,이륜,남,74세,중상,승용,여,41세,상해없음
2012052300100296,2012년 5월 23일 14시,수요일,충청남도 금산군 추부면,경상사고,0,0,3,0,차대차 - 기타,안전운전불이행,건조,맑음,단일로 - 기타,화물,남,40세,상해없음,화물,남,41세,경상
2012052300100327,2012년 5월 23일 15시,수요일,충청남도 금산군 추부면,경상사고,0,0,2,0,차대차 - 측면직각충돌,신호위반,건조,맑음,교차로 - 교차로안,화물,남,56세,상해없음,승용,남,35세,경상
2012052300100328,2012년 5월 23일 15시,수요일,충청남도 천안시 동남구 동면,사망사고,1,0,1,0,차대차 - 정면충돌,교차로운행방법위반,건조,맑음,교차로 - 교차로안,화물,남,46세,경상,화물,남,67세,사망
2012052300100367,2012년 5월 23일 16시,수요일,충청남도 천안시 서북구 성환읍,경상사고,0,0,1,0,차대차 - 추돌 - 진행중,안전운전불이행,건조,맑음,기타 - 기타,화물,남,43세,상해없음,승용,남,48세,경상
2012052300100368,2012년 5월 23일 16시,수요일,충청남도 금산군 진산면,경상사고,0,0,11,0,차량단독 - 공작물충돌,안전운전불이행,건조,맑음,단일로 - 기타,승용,남,22세,경상,,,,
2012052300100369,2012년 5월 23일 16시,수요일,충청남도 청양군 목면,중상사고,0,1,1,0,차대차 - 측면직각충돌,안전운전불이행,건조,맑음,교차로 - 교차로안,이륜,남,78세,상해없음,원동기,여,19세,경상
2012052300100370,2012년 5월 23일 16시,수요일,충청남도 천안시 동남구 삼룡동,경상사고,0,0,1,0,차대사람 - 횡단중,안전운전불이행,건조,맑음,단일로 - 기타,승용,여,40세,상해없음,보행자,남,53세,경상
2012052300100416,2012년 5월 23일 17시,수요일,충청남도 당진시 정미면,중상사고,0,1,4,0,차대차 - 추돌 - 진행중,안전거리미확보,건조,맑음,교차로 - 교차로안,화물,남,57세,상해없음,승용,남,57세,중상
2012052300100461,2012년 5월 23일 18시,수요일,충청남도 천안시 동남구 성남면,중상사고,0,1,0,0,차대차 - 기타,중앙선침범,건조,맑음,단일로 - 기타,기타불명,기타불명,기타불명,기타불명,원동기,남,32세,중상
2012052300100462,2012년 5월 23일 18시,수요일,충청남도 천안시 동남구 봉명동,중상사고,0,1,0,0,차대사람 - 횡단중,안전운전불이행,건조,맑음,단일로 - 기타,화물,남,50세,상해없음,보행자,남,15세,중상
2012052300100506,2012년 5월 23일 19시,수요일,충청남도 태안군 소원면,중상사고,0,1,0,0,차대사람 - 횡단중,안전운전불이행,건조,맑음,단일로 - 기타,승합,남,48세,상해없음,보행자,여,6세,중상
2012052300100507,2012년 5월 23일 19시,수요일,충청남도 당진시 원당리,중상사고,0,1,0,0,차대차 - 측면직각충돌,중앙선침범,건조,맑음,단일로 - 기타,화물,남,49세,상해없음,이륜,남,18세,중상
2012052300100533,2012년 5월 23일 20시,수요일,충청남도 서산시 대산읍,중상사고,0,1,1,0,차대차 - 추돌 - 주정차중,안전운전불이행,건조,맑음,단일로 - 기타,승용,남,41세,중상,승합,남,59세,상해없음
2012052300100534,2012년 5월 23일 20시,수요일,충청남도 천안시 동남구 풍세면,중상사고,0,1,0,0,차대차 - 정면충돌,중앙선침범,건조,맑음,단일로 - 기타,승용,남,39세,상해없음,승용,남,26세,중상
2012052300100567,2012년 5월 23일 21시,수요일,충청남도 보령시 동대동,중상사고,0,1,0,0,차대사람 - 횡단중,보행자보호의무위반,건조,맑음,단일로 - 횡단보도상,승용,남,31세,상해없음,보행자,여,14세,중상
2012052300100609,2012년 5월 23일 22시,수요일,충청남도 천안시 서북구 두정동,경상사고,0,0,1,0,차대사람 - 기타,안전운전불이행,건조,맑음,단일로 - 기타,승용,남,35세,상해없음,보행자,남,30세,경상
2012052300100610,2012년 5월 23일 22시,수요일,충청남도 아산시 방축동,사망사고,1,0,0,0,차대사람 - 횡단중,안전운전불이행,건조,맑음,교차로 - 교차로안,화물,남,27세,상해없음,보행자,남,49세,사망
2012052300100611,2012년 5월 23일 22시,수요일,충청남도 천안시 동남구 신방동,사망사고,1,0,0,0,차대사람 - 기타,안전운전불이행,건조,맑음,단일로 - 기타,승용,남,27세,상해없음,보행자,남,37세,사망
2012052300100612,2012년 5월 23일 22시,수요일,충청남도 천안시 동남구 원성동,경상사고,0,0,2,0,차대차 - 추돌 - 진행중,교차로운행방법위반,건조,맑음,교차로 - 교차로안,승용,여,53세,경상,승용,남,56세,경상
2012052300100645,2012년 5월 23일 23시,수요일,충청남도 천안시 동남구 안서동,경상사고,0,0,2,0,차대차 - 측면직각충돌,안전운전불이행,건조,맑음,단일로 - 기타,승용,남,34세,상해없음,승용,남,23세,경상
2012052400100030,2012년 5월 24일 01시,목요일,충청남도 천안시 동남구 성남면,중상사고,0,1,0,0,차대사람 - 차도통행중,안전운전불이행,건조,맑음,단일로 - 기타,기타불명,기타불명,기타불명,기타불명,보행자,남,43세,중상
2012052400100051,2012년 5월 24일 03시,목요일,충청남도 천안시 동남구 신방동,경상사고,0,0,1,0,차대차 - 측면직각충돌,차로위반,건조,맑음,단일로 - 기타,승용,여,42세,상해없음,승용,남,58세,경상
2012052400100104,2012년 5월 24일 07시,목요일,충청남도 천안시 서북구 성환읍,중상사고,0,1,0,0,차대차 - 추돌 - 진행중,안전거리미확보,건조,맑음,교차로 - 교차로부근,화물,남,59세,상해없음,승용,남,29세,중상
2012052400100105,2012년 5월 24일 07시,목요일,충청남도 아산시 풍기동,중상사고,0,1,6,0,차대차 - 측면직각충돌,중앙선침범,건조,맑음,기타 - 기타,승합,남,46세,상해없음,승용,여,45세,경상
2012052400100108,2012년 5월 24일 07시,목요일,충청남도 당진시 송악읍,중상사고,0,2,0,0,차대차 - 추돌 - 진행중,안전운전불이행,건조,맑음,단일로 - 기타,승용,남,28세,상해없음,화물,남,62세,중상
2012052400100141,2012년 5월 24일 08시,목요일,충청남도 천안시 서북구 쌍용동,경상사고,0,0,1,0,차대차 - 측면직각충돌,신호위반,건조,맑음,단일로 - 기타,화물,남,46세,상해없음,승용,남,29세,경상
2012052400100142,2012년 5월 24일 08시,목요일,충청남도 보령시 내항동,경상사고,0,0,1,0,차대사람 - 기타,안전운전불이행,건조,맑음,단일로 - 기타,승용,여,42세,기타불명,보행자,여,87세,경상
2012052400100143,2012년 5월 24일 08시,목요일,충청남도 금산군 추부면,경상사고,0,0,2,0,차대차 - 측면직각충돌,중앙선침범,건조,맑음,단일로 - 기타,승용,여,31세,경상,승합,남,48세,경상
2012052400100184,2012년 5월 24일 09시,목요일,충청남도 부여군 홍산면,중상사고,0,1,0,0,차대차 - 측면직각충돌,신호위반,건조,맑음,교차로 - 교차로안,승용,남,58세,상해없음,이륜,남,74세,중상
2012052400100208,2012년 5월 24일 10시,목요일,충청남도 아산시 권곡동,경상사고,0,0,1,0,차대차 - 측면직각충돌,안전운전불이행,건조,맑음,교차로 - 교차로부근,승용,남,48세,상해없음,자전거,남,16세,경상
2012052400100209,2012년 5월 24일 10시,목요일,충청남도 천안시 동남구 목천읍,중상사고,0,1,0,0,차대차 - 추돌 - 진행중,안전운전불이행,건조,맑음,단일로 - 교량,화물,남,35세,상해없음,특수,남,33세,중상
2012052400100255,2012년 5월 24일 12시,목요일,충청남도 연기군 조치원읍,경상사고,0,0,1,0,차대차 - 측면직각충돌,중앙선침범,건조,맑음,단일로 - 기타,이륜,남,73세,경상,승용,남,20세,상해없음
2012052400100320,2012년 5월 24일 15시,목요일,충청남도 천안시 서북구 쌍용동,사망사고,1,0,0,0,차대사람 - 보도통행중,안전운전불이행,건조,맑음,교차로 - 교차로부근,화물,남,36세,상해없음,보행자,남,86세,사망
2012052400100321,2012년 5월 24일 15시,목요일,충청남도 보령시 청라면,경상사고,0,0,1,0,차대차 - 측면직각충돌,중앙선침범,건조,맑음,단일로 - 기타,농기계,남,78세,경상,승용,남,69세,상해없음
2012052400100322,2012년 5월 24일 15시,목요일,충청남도 예산군 예산읍,중상사고,0,2,0,0,차대차 - 측면직각충돌,교차로운행방법위반,건조,맑음,교차로 - 교차로부근,건설기계,남,45세,상해없음,화물,남,58세,중상
2012052400100349,2012년 5월 24일 16시,목요일,충청남도 논산시 연무읍,경상사고,0,0,2,0,차대차 - 기타,안전운전불이행,건조,맑음,단일로 - 기타,화물,남,44세,상해없음,승용,여,47세,경상
2012052400100394,2012년 5월 24일 17시,목요일,충청남도 청양군 정산면,중상사고,0,1,0,0,차대사람 - 횡단중,보행자보호의무위반,건조,맑음,교차로 - 교차로안,승용,남,29세,상해없음,보행자,여,12세,중상
2012052400100438,2012년 5월 24일 18시,목요일,충청남도 서산시 동문동,중상사고,0,1,0,0,차대사람 - 횡단중,안전운전불이행,건조,맑음,교차로 - 교차로부근,승용,남,51세,상해없음,보행자,여,75세,중상
2012052400100439,2012년 5월 24일 18시,목요일,충청남도 청양군 청양읍,중상사고,0,1,0,0,차대차 - 추돌 - 진행중,안전운전불이행,건조,맑음,단일로 - 기타,이륜,남,68세,중상,승용,남,46세,상해없음
2012052400100506,2012년 5월 24일 20시,목요일,충청남도 천안시 동남구 신부동,경상사고,0,0,2,0,차대차 - 추돌 - 주정차중,안전운전불이행,건조,맑음,교차로 - 교차로안,기타불명,기타불명,기타불명,기타불명,승용,여,28세,경상
2012052400100576,2012년 5월 24일 22시,목요일,충청남도 아산시 용화동,경상사고,0,0,1,0,차대차 - 측면직각충돌,직진우회전진행방해,건조,맑음,교차로 - 교차로안,승용,남,27세,상해없음,승용,남,50세,경상
2012052400100577,2012년 5월 24일 22시,목요일,충청남도 천안시 동남구 다가동,중상사고,0,1,0,0,차대사람 - 기타,안전운전불이행,건조,맑음,단일로 - 횡단보도상,승용,남,41세,상해없음,보행자,남,53세,중상
2012052400100611,2012년 5월 24일 23시,목요일,충청남도 천안시 서북구 백석동,중상사고,0,1,0,0,차대차 - 기타,안전운전불이행,건조,맑음,교차로 - 교차로안,승용,남,27세,상해없음,자전거,남,29세,중상
2012052400100612,2012년 5월 24일 23시,목요일,충청남도 천안시 동남구 다가동,경상사고,0,0,1,0,차대차 - 정면충돌,안전운전불이행,건조,맑음,기타 - 기타,승용,여,69세,상해없음,자전거,여,44세,경상
2012052500100011,2012년 5월 25일 00시,금요일,충청남도 천안시 서북구 불당동,사망사고,1,0,0,0,차대사람 - 기타,보행자보호의무위반,건조,맑음,교차로 - 교차로부근,승용,남,28세,상해없음,보행자,여,31세,사망
2012052500100031,2012년 5월 25일 01시,금요일,충청남도 청양군 대치면,중상사고,0,1,1,0,차량단독 - 도로외이탈 - 기타,안전운전불이행,건조,맑음,단일로 - 기타,승용,남,34세,경상,,,,
2012052500100086,2012년 5월 25일 06시,금요일,충청남도 천안시 서북구 신당동,경상사고,0,0,1,0,차대차 - 기타,신호위반,건조,맑음,교차로 - 교차로안,승용,남,27세,상해없음,이륜,남,62세,경상
2012052500100100,2012년 5월 25일 07시,금요일,충청남도 천안시 서북구 성환읍,경상사고,0,0,1,0,차대차 - 기타,신호위반,건조,맑음,교차로 - 교차로안,승용,남,54세,상해없음,승용,남,29세,경상
2012052500100147,2012년 5월 25일 08시,금요일,충청남도 서산시 해미면,사망사고,1,0,0,0,차대사람 - 차도통행중,안전운전불이행,건조,맑음,단일로 - 기타,승용,남,56세,상해없음,보행자,남,76세,사망
2012052500100148,2012년 5월 25일 08시,금요일,충청남도 서천군 서천읍,중상사고,0,1,0,0,차대차 - 기타,안전거리미확보,건조,맑음,단일로 - 기타,승용,여,31세,상해없음,승용,여,30세,중상
2012052500100214,2012년 5월 25일 10시,금요일,충청남도 천안시 서북구 업성동,경상사고,0,0,1,0,차대차 - 측면직각충돌,교차로운행방법위반,건조,맑음,교차로 - 교차로안,승용,남,31세,상해없음,화물,남,38세,경상
2012052500100215,2012년 5월 25일 10시,금요일,충청남도 공주시 신관동,중상사고,0,1,0,0,차대차 - 측면직각충돌,신호위반,건조,맑음,교차로 - 교차로안,승용,남,49세,상해없음,화물,남,38세,중상
2012052500100216,2012년 5월 25일 10시,금요일,충청남도 금산군 남일면,경상사고,0,0,1,0,차대차 - 측면직각충돌,안전운전불이행,건조,맑음,단일로 - 기타,건설기계,남,45세,상해없음,농기계,남,52세,경상
2012052500100249,2012년 5월 25일 11시,금요일,충청남도 서산시 대산읍,중상사고,0,1,0,0,차대차 - 추돌 - 진행중,안전운전불이행,건조,맑음,교차로 - 교차로부근,승용,남,38세,상해없음,농기계,남,42세,중상