사고번호,사고일시,요일,시군구,사고내용,사망자수,중상자수,경상자수,부상신고자수,사고유형,법규위반,노면상태,기상상태,도로형태,가해운전자 차종,가해운전자 성별,가해운전자 연령,가해운전자 상해정도,피해운전자 차종,피해운전자 성별,피해운전자 연령,피해운전자 상해정도
2012052500100279,2012년 5월 25일 12시,금요일,충청남도 서산시 음암면,중상사고,0,1,0,0,차대사람 - 횡단중,안전운전불이행,건조,맑음,단일로 - 기타,화물,남,36세,상해없음,보행자,여,53세,중상
2012052500100280,2012년 5월 25일 12시,금요일,충청남도 예산군 신양면,중상사고,0,1,1,0,차대차 - 추돌 - 진행중,안전운전불이행,건조,맑음,교차로 - 교차로안,승용,남,36세,상해없음,원동기,남,70세,경상
2012052500100281,2012년 5월 25일 12시,금요일,충청남도 금산군 금산읍,경상사고,0,0,4,0,차대차 - 측면직각충돌,교차로운행방법위반,건조,맑음,교차로 - 교차로안,승용,여,43세,상해없음,승용,남,28세,경상
2012052500100344,2012년 5월 25일 14시,금요일,충청남도 천안시 서북구 두정동,중상사고,0,1,0,0,차대차 - 기타,안전운전불이행,건조,맑음,단일로 - 기타,승용,남,27세,상해없음,이륜,남,32세,중상
2012052500100345,2012년 5월 25일 14시,금요일,충청남도 천안시 동남구 신방동,경상사고,0,0,1,0,차대사람 - 기타,안전운전불이행,건조,맑음,단일로 - 기타,화물,남,50세,기타불명,보행자,남,6세,경상
2012052500100382,2012년 5월 25일 15시,금요일,충청남도 청양군 운곡면,중상사고,0,2,0,0,차대차 - 정면충돌,중앙선침범,건조,맑음,교차로 - 교차로부근,화물,남,52세,상해없음,승용,남,28세,중상
2012052500100458,2012년 5월 25일 17시,금요일,충청남도 서산시 인지면,중상사고,0,2,0,0,차량단독 - 도로외이탈 - 추락,안전운전불이행,건조,맑음,단일로 - 기타,화물,남,33세,중상,,,,
2012052500100459,2012년 5월 25일 17시,금요일,충청남도 천안시 서북구 신당동,경상사고,0,0,1,0,차대차 - 기타,안전운전불이행,건조,맑음,교차로 - 교차로부근,승용,남,65세,상해없음,승합,남,28세,경상
2012052500100497,2012년 5월 25일 18시,금요일,충청남도 보령시 대천동,중상사고,0,1,0,0,차대차 - 기타,교차로운행방법위반,건조,맑음,교차로 - 교차로안,승용,여,41세,상해없음,농기계,남,76세,중상
2012052500100498,2012년 5월 25일 18시,금요일,충청남도 공주시 유구읍,경상사고,0,0,1,0,차대차 - 측면직각충돌,중앙선침범,건조,맑음,단일로 - 기타,승용,남,49세,상해없음,승용,남,29세,경상
2012052500100499,2012년 5월 25일 18시,금요일,충청남도 금산군 금산읍,경상사고,0,0,1,0,차대사람 - 길가장자리구역통행중,안전운전불이행,건조,맑음,단일로 - 기타,승용,여,44세,기타불명,보행자,남,16세,경상
2012052500100580,2012년 5월 25일 20시,금요일,충청남도 천안시 서북구 성정동,경상사고,0,0,1,0,차대차 - 측면직각충돌,교차로운행방법위반,건조,맑음,단일로 - 기타,승합,남,35세,상해없음,승용,여,24세,경상
2012052500100581,2012년 5월 25일 20시,금요일,충청남도 서천군 서천읍,중상사고,0,2,2,0,차대차 - 기타,중앙선침범,건조,맑음,단일로 - 기타,승용,여,60세,중상,승용,남,63세,경상
2012052500100582,2012년 5월 25일 20시,금요일,충청남도 당진시 석문면,경상사고,0,0,1,0,차대차 - 기타,안전운전불이행,건조,맑음,교차로 - 교차로안,승용,남,39세,상해없음,승용,여,70세,경상
2012052500100618,2012년 5월 25일 21시,금요일,충청남도 천안시 서북구 성정동,경상사고,0,0,1,0,차대사람 - 기타,안전운전불이행,건조,맑음,단일로 - 기타,승용,남,37세,상해없음,보행자,여,56세,경상
2012052500100619,2012년 5월 25일 21시,금요일,충청남도 논산시 취암동,경상사고,0,0,1,0,차대차 - 측면직각충돌,안전운전불이행,건조,맑음,교차로 - 교차로부근,승용,남,60세,상해없음,이륜,남,19세,경상
2012052500100620,2012년 5월 25일 21시,금요일,충청남도 보령시 대천동,중상사고,0,1,0,0,차대차 - 정면충돌,중앙선침범,건조,맑음,단일로 - 기타,승용,여,48세,상해없음,원동기,남,57세,중상
2012052500100621,2012년 5월 25일 21시,금요일,충청남도 공주시 신관동,경상사고,0,0,2,0,차대차 - 측면직각충돌,신호위반,건조,기타,교차로 - 교차로안,승용,여,35세,상해없음,승용,남,38세,경상
2012052500100622,2012년 5월 25일 21시,금요일,충청남도 천안시 동남구 신부동,경상사고,0,0,1,0,차대차 - 기타,안전운전불이행,건조,맑음,교차로 - 교차로부근,화물,남,63세,상해없음,승용,남,61세,경상
2012052500100663,2012년 5월 25일 22시,금요일,충청남도 보령시 궁촌동,경상사고,0,0,1,0,차대사람 - 횡단중,보행자보호의무위반,건조,맑음,단일로 - 횡단보도상,승용,남,44세,상해없음,보행자,여,50세,경상
2012052500100664,2012년 5월 25일 22시,금요일,충청남도 천안시 동남구 구성동,경상사고,0,0,1,0,차대차 - 추돌 - 진행중,안전운전불이행,건조,맑음,단일로 - 기타,승용,남,51세,상해없음,승용,남,21세,경상
2012052500100665,2012년 5월 25일 22시,금요일,충청남도 천안시 동남구 청수동,중상사고,0,1,0,0,차대사람 - 횡단중,안전운전불이행,건조,맑음,단일로 - 기타,승용,여,41세,상해없음,보행자,여,57세,중상
2012052500100690,2012년 5월 25일 23시,금요일,충청남도 서산시 석림동,경상사고,0,0,1,0,차대차 - 측면직각충돌,안전운전불이행,건조,맑음,교차로 - 교차로부근,승용,남,46세,상해없음,승용,여,48세,경상
2012052500100691,2012년 5월 25일 23시,금요일,충청남도 천안시 서북구 성정동,경상사고,0,0,1,0,차대차 - 측면직각충돌,안전운전불이행,건조,맑음,단일로 - 기타,승용,남,39세,상해없음,승용,남,36세,경상
2012052600100017,2012년 5월 26일 00시,토요일,충청남도 아산시 탕정면,경상사고,0,0,1,0,차대차 - 측면직각충돌,안전운전불이행,건조,맑음,단일로 - 기타,승용,남,37세,상해없음,승용,남,28세,경상
2012052600100018,2012년 5월 26일 00시,토요일,충청남도 부여군 부여읍,사망사고,1,0,0,0,차량단독 - 전도전복,안전운전불이행,건조,맑음,단일로 - 기타,승용,남,39세,사망,,,,
2012052600100046,2012년 5월 26일 01시,토요일,충청남도 아산시 배방읍,중상사고,0,1,1,0,차대차 - 측면직각충돌,신호위반,건조,맑음,교차로 - 교차로안,승용,남,26세,상해없음,승용,남,45세,중상
2012052600100104,2012년 5월 26일 04시,토요일,충청남도 논산시 연산면,중상사고,0,1,0,0,차대차 - 추돌 - 주정차중,안전운전불이행,건조,맑음,단일로 - 기타,화물,남,41세,상해없음,화물,남,51세,중상
2012052600100134,2012년 5월 26일 06시,토요일,충청남도 천안시 동남구 신방동,중상사고,0,2,4,0,차대차 - 추돌 - 주정차중,안전운전불이행,건조,맑음,교차로 - 교차로부근,승용,남,26세,상해없음,승용,남,29세,중상
2012052600100154,2012년 5월 26일 07시,토요일,충청남도 논산시 부적면,중상사고,0,1,0,0,차대차 - 정면충돌,안전운전불이행,건조,맑음,단일로 - 기타,화물,남,46세,상해없음,원동기,남,63세,중상
2012052600100179,2012년 5월 26일 08시,토요일,충청남도 천안시 동남구 수신면,중상사고,0,1,0,0,차대차 - 기타,교차로운행방법위반,건조,맑음,교차로 - 교차로안,화물,남,28세,상해없음,자전거,남,67세,중상
2012052600100180,2012년 5월 26일 08시,토요일,충청남도 천안시 동남구 병천면,중상사고,0,1,2,0,차대차 - 측면직각충돌,안전운전불이행,건조,맑음,교차로 - 교차로안,화물,남,31세,경상,승용,남,39세,경상
2012052600100205,2012년 5월 26일 09시,토요일,충청남도 서산시 동문동,경상사고,0,0,1,0,차대사람 - 길가장자리구역통행중,안전운전불이행,건조,맑음,단일로 - 기타,화물,남,44세,상해없음,보행자,여,54세,경상
2012052600100206,2012년 5월 26일 09시,토요일,충청남도 천안시 동남구 원성동,중상사고,0,1,1,0,차대차 - 기타,중앙선침범,건조,맑음,단일로 - 기타,승용,여,42세,중상,승용,남,32세,경상
2012052600100227,2012년 5월 26일 10시,토요일,충청남도 천안시 동남구 영성동,중상사고,0,1,0,0,차대차 - 추돌 - 진행중,안전운전불이행,건조,맑음,단일로 - 기타,승용,여,57세,상해없음,자전거,남,79세,중상
2012052600100267,2012년 5월 26일 11시,토요일,충청남도 천안시 서북구 두정동,중상사고,0,1,1,0,차대차 - 추돌 - 주정차중,안전운전불이행,건조,맑음,교차로 - 교차로부근,승용,여,48세,상해없음,승용,남,30세,경상
2012052600100268,2012년 5월 26일 11시,토요일,충청남도 천안시 동남구 구성동,중상사고,0,2,1,0,차대차 - 추돌 - 주정차중,안전운전불이행,건조,맑음,단일로 - 기타,화물,남,43세,상해없음,화물,남,49세,중상
2012052600100295,2012년 5월 26일 12시,토요일,충청남도 금산군 금산읍,경상사고,0,0,1,0,차량단독 - 전도전복,안전운전불이행,건조,맑음,단일로 - 기타,원동기,남,51세,경상,,,,
2012052600100296,2012년 5월 26일 12시,토요일,충청남도 천안시 동남구 신부동,중상사고,0,1,0,0,차대사람 - 기타,안전운전불이행,건조,맑음,단일로 - 기타,승합,남,47세,상해없음,보행자,여,82세,중상
2012052600100332,2012년 5월 26일 13시,토요일,충청남도 예산군 덕산면,중상사고,0,1,1,0,차대차 - 추돌 - 진행중,안전거리미확보,건조,맑음,단일로 - 기타,화물,남,32세,경상,건설기계,남,33세,중상
2012052600100333,2012년 5월 26일 13시,토요일,충청남도 천안시 동남구 대흥동,중상사고,0,1,1,0,차대사람 - 기타,보행자보호의무위반,건조,맑음,단일로 - 횡단보도상,승용,남,30세,상해없음,보행자,여,64세,중상
2012052600100370,2012년 5월 26일 14시,토요일,충청남도 연기군 남면,중상사고,0,1,0,0,차대차 - 측면직각충돌,신호위반,건조,맑음,교차로 - 교차로안,승용,남,46세,상해없음,승용,여,49세,중상
2012052600100470,2012년 5월 26일 17시,토요일,충청남도 천안시 서북구 입장면,중상사고,0,2,2,0,차대차 - 추돌 - 진행중,안전운전불이행,건조,맑음,단일로 - 기타,승합,남,57세,상해없음,승용,남,24세,중상
2012052600100513,2012년 5월 26일 18시,토요일,충청남도 예산군 오가면,중상사고,0,1,0,0,차대차 - 측면직각충돌,안전운전불이행,건조,맑음,단일로 - 기타,화물,남,38세,상해없음,농기계,남,70세,중상
2012052600100547,2012년 5월 26일 19시,토요일,충청남도 천안시 동남구 구성동,중상사고,0,2,0,0,차대차 - 기타,교차로운행방법위반,건조,맑음,교차로 - 교차로안,승용,여,46세,상해없음,원동기,남,19세,중상
2012052600100579,2012년 5월 26일 20시,토요일,충청남도 서산시 해미면,사망사고,1,0,0,0,차대차 - 측면직각충돌,중앙선침범,건조,맑음,교차로 - 교차로부근,자전거,남,48세,사망,승용,남,48세,상해없음
2012052600100580,2012년 5월 26일 20시,토요일,충청남도 부여군 부여읍,경상사고,0,0,1,0,차대사람 - 기타,안전운전불이행,건조,맑음,단일로 - 기타,이륜,남,65세,상해없음,보행자,남,51세,경상
2012052600100581,2012년 5월 26일 20시,토요일,충청남도 당진시 고대면,사망사고,1,0,0,0,차대사람 - 횡단중,안전운전불이행,건조,맑음,교차로 - 교차로부근,화물,남,49세,상해없음,보행자,남,78세,사망
2012052600100613,2012년 5월 26일 21시,토요일,충청남도 서산시 부석면,중상사고,0,1,0,0,차대사람 - 횡단중,안전운전불이행,건조,맑음,단일로 - 기타,승용,남,69세,상해없음,보행자,여,65세,중상
2012052600100614,2012년 5월 26일 21시,토요일,충청남도 태안군 소원면,중상사고,0,2,0,0,차대차 - 측면직각충돌,중앙선침범,건조,맑음,단일로 - 기타,승용,남,27세,상해없음,승용,남,57세,중상
2012052600100615,2012년 5월 26일 21시,토요일,충청남도 천안시 서북구 두정동,경상사고,0,0,2,0,차대차 - 추돌 - 주정차중,안전운전불이행,건조,맑음,교차로 - 교차로부근,승용,남,35세,상해없음,승용,남,30세,경상
2012052600100616,2012년 5월 26일 21시,토요일,충청남도 논산시 은진면,사망사고,1,0,0,0,차대사람 - 기타,안전운전불이행,건조,맑음,단일로 - 기타,화물,남,50세,상해없음,보행자,여,52세,사망
2012052600100617,2012년 5월 26일 21시,토요일,충청남도 논산시 연산면,경상사고,0,0,4,0,차대차 - 기타,안전운전불이행,건조,맑음,단일로 - 기타,승용,여,61세,상해없음,승용,남,47세,경상
2012052600100619,2012년 5월 26일 21시,토요일,충청남도 당진시 송악읍,사망사고,1,0,0,0,차량단독 - 공작물충돌,안전운전불이행,건조,맑음,단일로 - 기타,승합,남,48세,상해없음,,,,
2012052700100042,2012년 5월 27일 01시,일요일,충청남도 서산시 석림동,중상사고,0,2,2,0,차대차 - 추돌 - 진행중,안전운전불이행,건조,맑음,단일로 - 기타,승용,여,24세,상해없음,승용,남,50세,중상
2012052700100043,2012년 5월 27일 01시,일요일,충청남도 서산시 석림동,중상사고,0,1,0,0,차대차 - 측면직각충돌,안전운전불이행,건조,맑음,교차로 - 교차로안,화물,남,29세,상해없음,화물,남,48세,중상
2012052700100116,2012년 5월 27일 05시,일요일,충청남도 보령시 동대동,중상사고,0,1,1,0,차대차 - 측면직각충돌,신호위반,건조,맑음,교차로 - 교차로안,승용,여,70세,경상,승용,남,63세,중상
2012052700100153,2012년 5월 27일 08시,일요일,충청남도 보령시 내항동,경상사고,0,0,1,0,차대차 - 추돌 - 진행중,안전거리미확보,건조,맑음,단일로 - 기타,승용,남,50세,상해없음,승용,남,42세,경상
2012052700100165,2012년 5월 27일 09시,일요일,충청남도 서산시 수석동,중상사고,0,1,0,0,차대차 - 추돌 - 진행중,안전운전불이행,건조,맑음,교차로 - 교차로안,화물,남,43세,상해없음,승용,남,39세,중상
2012052700100181,2012년 5월 27일 10시,일요일,충청남도 당진시 읍내리,중상사고,0,1,1,0,차대차 - 측면직각충돌,교차로운행방법위반,건조,맑음,교차로 - 교차로안,승용,남,57세,상해없음,승용,여,42세,중상
2012052700100235,2012년 5월 27일 12시,일요일,충청남도 서산시 음암면,중상사고,0,3,0,0,차대차 - 측면직각충돌,직진우회전진행방해,건조,맑음,교차로 - 교차로안,승용,여,56세,중상,화물,여,64세,중상
2012052700100297,2012년 5월 27일 14시,일요일,충청남도 금산군 추부면,경상사고,0,0,1,0,차대차 - 측면직각충돌,안전거리미확보,건조,맑음,교차로 - 교차로부근,승용,여,35세,상해없음,화물,남,49세,경상
2012052700100321,2012년 5월 27일 15시,일요일,충청남도 홍성군 홍북면,중상사고,0,1,0,0,차대차 - 측면직각충돌,안전운전불이행,건조,맑음,교차로 - 교차로부근,승용,남,26세,상해없음,이륜,남,56세,중상
2012052700100322,2012년 5월 27일 15시,일요일,충청남도 청양군 청양읍,부상신고사고,0,0,0,1,차대사람 - 횡단중,안전운전불이행,건조,맑음,단일로 - 기타,이륜,남,47세,상해없음,보행자,남,7세,부상신고
2012052700100352,2012년 5월 27일 16시,일요일,충청남도 천안시 서북구 성환읍,사망사고,1,0,0,0,차량단독 - 공작물충돌,안전운전불이행,건조,맑음,단일로 - 기타,원동기,남,46세,사망,,,,
2012052700100353,2012년 5월 27일 16시,일요일,충청남도 공주시 계룡면,경상사고,0,0,1,0,차대차 - 추돌 - 진행중,안전운전불이행,건조,맑음,단일로 - 기타,화물,남,49세,상해없음,승용,남,41세,경상
2012052700100383,2012년 5월 27일 17시,일요일,충청남도 연기군 서면,경상사고,0,0,4,0,차대차 - 측면직각충돌,안전운전불이행,건조,맑음,단일로 - 횡단보도상,승용,남,69세,경상,승용,남,49세,경상
2012052700100420,2012년 5월 27일 18시,일요일,충청남도 천안시 서북구 두정동,경상사고,0,0,1,0,차대차 - 측면직각충돌,안전거리미확보,건조,맑음,단일로 - 기타,승용,여,25세,상해없음,이륜,남,24세,경상
2012052700100453,2012년 5월 27일 19시,일요일,충청남도 서산시 동문동,부상신고사고,0,0,0,1,차대차 - 측면직각충돌,직진우회전진행방해,건조,맑음,교차로 - 교차로안,승용,남,27세,상해없음,이륜,남,42세,부상신고
2012052700100454,2012년 5월 27일 19시,일요일,충청남도 공주시 장기면,중상사고,0,2,0,0,차대차 - 추돌 - 진행중,과속,건조,맑음,단일로 - 기타,화물,남,55세,기타불명,원동기,남,21세,중상
2012052700100455,2012년 5월 27일 19시,일요일,충청남도 천안시 동남구 삼룡동,경상사고,0,0,4,0,차대차 - 추돌 - 진행중,안전운전불이행,건조,흐림,단일로 - 기타,승용,남,49세,상해없음,승용,여,43세,경상
2012052700100483,2012년 5월 27일 20시,일요일,충청남도 태안군 태안읍,중상사고,0,1,0,0,차량단독 - 공작물충돌,안전운전불이행,건조,맑음,기타 - 기타,승용,남,37세,중상,,,,
2012052700100516,2012년 5월 27일 21시,일요일,충청남도 서산시 운산면,경상사고,0,0,1,0,차대차 - 추돌 - 주정차중,안전운전불이행,건조,맑음,교차로 - 교차로부근,승용,남,30세,상해없음,승용,여,48세,경상
2012052700100517,2012년 5월 27일 21시,일요일,충청남도 천안시 서북구 쌍용동,중상사고,0,1,0,0,차대사람 - 횡단중,안전운전불이행,건조,맑음,단일로 - 기타,승용,여,58세,상해없음,보행자,남,57세,중상
2012052700100518,2012년 5월 27일 21시,일요일,충청남도 공주시 신관동,경상사고,0,0,1,0,차대사람 - 기타,안전운전불이행,건조,맑음,단일로 - 기타,승용,남,39세,기타불명,보행자,남,41세,경상
2012052700100536,2012년 5월 27일 22시,일요일,충청남도 태안군 태안읍,중상사고,0,1,1,0,차대차 - 측면직각충돌,안전운전불이행,건조,맑음,교차로 - 교차로안,승용,남,44세,경상,승합,남,59세,중상
2012052700100568,2012년 5월 27일 23시,일요일,충청남도 아산시 온천동,경상사고,0,0,2,0,차대차 - 정면충돌,신호위반,건조,맑음,교차로 - 교차로안,승용,남,21세,기타불명,승용,남,42세,경상
2012052800100011,2012년 5월 28일 00시,월요일,충청남도 천안시 서북구 성정동,경상사고,0,0,2,0,차대차 - 측면직각충돌,신호위반,건조,맑음,교차로 - 교차로안,승용,남,25세,상해없음,승용,남,54세,경상
2012052800100024,2012년 5월 28일 01시,월요일,충청남도 천안시 서북구 쌍용동,중상사고,0,1,1,0,차대사람 - 횡단중,안전운전불이행,건조,맑음,교차로 - 교차로안,승용,남,31세,상해없음,보행자,여,40세,중상
2012052800100037,2012년 5월 28일 02시,월요일,충청남도 아산시 실옥동,경상사고,0,0,2,0,차대차 - 측면직각충돌,안전운전불이행,건조,맑음,교차로 - 교차로안,승용,남,22세,상해없음,승용,남,22세,경상
2012052800100039,2012년 5월 28일 02시,월요일,충청남도 서천군 서천읍,경상사고,0,0,1,0,차량단독 - 공작물충돌,안전운전불이행,건조,맑음,단일로 - 기타,승용,남,25세,상해없음,,,,
2012052800100082,2012년 5월 28일 06시,월요일,충청남도 서천군 서천읍,중상사고,0,1,0,0,차대차 - 기타,직진우회전진행방해,건조,맑음,교차로 - 교차로부근,농기계,남,54세,상해없음,이륜,남,75세,중상
2012052800100100,2012년 5월 28일 07시,월요일,충청남도 천안시 동남구 병천면,중상사고,0,1,0,0,차대차 - 측면직각충돌,안전운전불이행,건조,맑음,교차로 - 교차로안,이륜,남,71세,중상,건설기계,남,28세,상해없음
2012052800100101,2012년 5월 28일 07시,월요일,충청남도 당진시 송악읍,경상사고,0,0,1,0,차대차 - 추돌 - 주정차중,안전운전불이행,건조,맑음,기타 - 기타,승용,여,55세,상해없음,승용,남,50세,상해없음
2012052800100135,2012년 5월 28일 09시,월요일,충청남도 공주시 신관동,사망사고,1,3,0,0,차대차 - 측면직각충돌,안전운전불이행,건조,맑음,교차로 - 교차로안,승용,남,50세,상해없음,승용,여,39세,중상
2012052800100136,2012년 5월 28일 09시,월요일,충청남도 공주시 계룡면,중상사고,0,1,1,0,차량단독 - 공작물충돌,안전운전불이행,건조,맑음,단일로 - 기타,승용,여,62세,경상,,,,
2012052800100156,2012년 5월 28일 10시,월요일,충청남도 서산시 예천동,경상사고,0,0,1,0,차대차 - 측면직각충돌,안전운전불이행,건조,맑음,교차로 - 교차로안,승용,남,59세,상해없음,화물,남,47세,경상
2012052800100157,2012년 5월 28일 10시,월요일,충청남도 서천군 서면,경상사고,0,0,1,0,차대차 - 기타,안전거리미확보,건조,맑음,단일로 - 기타,승합,남,60세,상해없음,승용,남,56세,경상
2012052800100158,2012년 5월 28일 10시,월요일,충청남도 연기군 조치원읍,부상신고사고,0,0,0,1,차대차 - 정면충돌,중앙선침범,건조,맑음,단일로 - 기타,자전거,남,67세,부상신고,승용,남,45세,상해없음
2012052800100281,2012년 5월 28일 14시,월요일,충청남도 논산시 관촉동,중상사고,0,1,0,0,차대사람 - 횡단중,안전운전불이행,건조,맑음,단일로 - 기타,승용,남,28세,상해없음,보행자,여,75세,중상
2012052800100282,2012년 5월 28일 14시,월요일,충청남도 서천군 마서면,중상사고,0,1,0,0,차대차 - 기타,안전거리미확보,건조,맑음,단일로 - 기타,승용,남,55세,상해없음,승용,남,43세,중상
2012052800100283,2012년 5월 28일 14시,월요일,충청남도 공주시 정안면,경상사고,0,0,3,0,차대차 - 기타,안전운전불이행,건조,맑음,단일로 - 기타,화물,남,51세,상해없음,승용,여,49세,경상
2012052800100354,2012년 5월 28일 16시,월요일,충청남도 서산시 읍내동,경상사고,0,0,1,0,차대차 - 추돌 - 주정차중,안전운전불이행,건조,맑음,교차로 - 교차로부근,화물,남,46세,상해없음,승용,남,30세,경상
2012052800100355,2012년 5월 28일 16시,월요일,충청남도 논산시 연무읍,중상사고,0,1,2,0,차대차 - 정면충돌,신호위반,건조,맑음,교차로 - 교차로안,승용,남,27세,경상,화물,남,50세,중상
2012052800100356,2012년 5월 28일 16시,월요일,충청남도 논산시 반월동,중상사고,0,1,0,0,차대차 - 기타,안전운전불이행,건조,맑음,단일로 - 기타,자전거,남,10세,중상,화물,남,81세,상해없음
2012052800100357,2012년 5월 28일 16시,월요일,충청남도 서천군 서천읍,경상사고,0,0,2,0,차대차 - 기타,안전운전불이행,건조,흐림,교차로 - 교차로안,승용,남,30세,상해없음,승용,남,57세,경상
2012052800100358,2012년 5월 28일 16시,월요일,충청남도 공주시 금흥동,부상신고사고,0,0,0,1,차대사람 - 기타,안전운전불이행,건조,맑음,단일로 - 기타,승용,남,57세,기타불명,보행자,남,37세,부상신고
2012052800100385,2012년 5월 28일 17시,월요일,충청남도 천안시 동남구 삼룡동,경상사고,0,0,3,0,차대차 - 추돌 - 진행중,안전거리미확보,건조,맑음,단일로 - 기타,승용,남,52세,상해없음,승용,남,54세,경상
2012052800100386,2012년 5월 28일 17시,월요일,충청남도 천안시 동남구 목천읍,중상사고,0,1,8,0,차대차 - 추돌 - 주정차중,안전운전불이행,건조,맑음,단일로 - 기타,승합,남,54세,상해없음,승합,남,50세,경상
2012052800100423,2012년 5월 28일 18시,월요일,충청남도 논산시 강산동,중상사고,0,1,0,0,차대사람 - 횡단중,안전운전불이행,건조,맑음,단일로 - 기타,승용,남,31세,상해없음,보행자,남,5세,중상
2012052800100471,2012년 5월 28일 20시,월요일,충청남도 계룡시 엄사면,경상사고,0,0,1,0,차대사람 - 보도통행중,보행자보호의무위반,건조,맑음,단일로 - 횡단보도상,승용,여,46세,상해없음,보행자,남,58세,경상
2012052800100472,2012년 5월 28일 20시,월요일,충청남도 아산시 온천동,경상사고,0,0,2,0,차대차 - 정면충돌,중앙선침범,건조,맑음,교차로 - 교차로부근,승용,남,49세,상해없음,승용,남,55세,경상
2012052800100551,2012년 5월 28일 23시,월요일,충청남도 보령시 대천동,중상사고,0,3,1,0,차대차 - 측면직각충돌,신호위반,건조,맑음,교차로 - 교차로안,승용,남,21세,중상,승용,남,39세,중상
2012052900100028,2012년 5월 29일 02시,화요일,충청남도 천안시 동남구 광덕면,사망사고,1,0,1,0,차량단독 - 전도전복,안전운전불이행,건조,맑음,단일로 - 기타,승용,여,28세,경상,,,,
2012052900100078,2012년 5월 29일 07시,화요일,충청남도 예산군 삽교읍,중상사고,0,1,0,0,차대차 - 추돌 - 진행중,안전운전불이행,건조,맑음,단일로 - 기타,승용,남,52세,상해없음,농기계,남,73세,중상
2012052900100109,2012년 5월 29일 08시,화요일,충청남도 서산시 예천동,경상사고,0,0,3,0,차대차 - 측면직각충돌,안전운전불이행,건조,맑음,교차로 - 교차로안,승합,남,61세,상해없음,승용,남,40세,경상
2012052900100110,2012년 5월 29일 08시,화요일,충청남도 천안시 서북구 성정동,중상사고,0,1,0,0,차대차 - 기타,교차로운행방법위반,건조,맑음,교차로 - 교차로안,승용,남,34세,중상,승용,남,32세,상해없음
2012052900100111,2012년 5월 29일 08시,화요일,충청남도 천안시 서북구 성성동,경상사고,0,0,1,0,차대차 - 기타,교차로운행방법위반,건조,맑음,교차로 - 교차로부근,승용,여,38세,상해없음,승용,여,50세,경상
2012052900100112,2012년 5월 29일 08시,화요일,충청남도 공주시 옥룡동,경상사고,0,0,1,0,차대차 - 추돌 - 진행중,안전거리미확보,건조,맑음,교차로 - 교차로안,승용,남,43세,상해없음,승용,남,39세,경상
2012052900100181,2012년 5월 29일 10시,화요일,충청남도 천안시 서북구 성정동,경상사고,0,0,1,0,차대차 - 측면직각충돌,신호위반,건조,맑음,교차로 - 교차로안,원동기,남,51세,기타불명,승용,여,32세,경상
2012052900100182,2012년 5월 29일 10시,화요일,충청남도 부여군 구룡면,사망사고,1,0,0,0,차량단독 - 전도전복,안전운전불이행,건조,맑음,단일로 - 기타,화물,남,47세,사망,,,,
2012052900100225,2012년 5월 29일 12시,화요일,충청남도 아산시 풍기동,경상사고,0,0,1,0,차대차 - 측면직각충돌,교차로운행방법위반,건조,맑음,교차로 - 교차로안,화물,남,57세,상해없음,승용,남,46세,경상
2012052900100324,2012년 5월 29일 15시,화요일,충청남도 홍성군 홍성읍,사망사고,1,0,0,0,차대차 - 측면직각충돌,교차로운행방법위반,건조,맑음,교차로 - 교차로안,화물,남,56세,상해없음,원동기,여,72세,사망
2012052900100325,2012년 5월 29일 15시,화요일,충청남도 천안시 동남구 목천읍,경상사고,0,0,1,0,차대사람 - 횡단중,안전운전불이행,건조,맑음,교차로 - 교차로안,화물,남,52세,상해없음,보행자,남,9세,경상
2012052900100356,2012년 5월 29일 16시,화요일,충청남도 아산시 온천동,경상사고,0,0,1,0,차대차 - 측면직각충돌,안전운전불이행,건조,맑음,교차로 - 교차로안,승용,남,65세,상해없음,승용,여,26세,경상
2012052900100357,2012년 5월 29일 16시,화요일,충청남도 예산군 예산읍,중상사고,0,1,1,0,차대차 - 기타,직진우회전진행방해,건조,맑음,교차로 - 교차로안,승용,남,53세,경상,화물,남,62세,중상
2012052900100391,2012년 5월 29일 17시,화요일,충청남도 논산시 광석면,사망사고,1,1,0,0,차대차 - 측면직각충돌,교차로운행방법위반,건조,맑음,교차로 - 교차로안,화물,남,47세,중상,건설기계,남,50세,상해없음
2012052900100392,2012년 5월 29일 17시,화요일,충청남도 공주시 상왕동,경상사고,0,0,1,0,차대차 - 기타,안전운전불이행,건조,맑음,단일로 - 기타,승용,여,52세,상해없음,승용,남,56세,경상
2012052900100463,2012년 5월 29일 19시,화요일,충청남도 천안시 서북구 쌍용동,경상사고,0,0,1,0,차대사람 - 횡단중,보행자보호의무위반,건조,맑음,단일로 - 횡단보도상,승용,여,41세,상해없음,보행자,여,17세,경상
2012052900100464,2012년 5월 29일 19시,화요일,충청남도 논산시 강경읍,경상사고,0,0,1,0,차량단독 - 기타,안전운전불이행,건조,맑음,교차로 - 교차로안,이륜,남,53세,경상,,,,
2012052900100493,2012년 5월 29일 20시,화요일,충청남도 당진시 합덕읍,사망사고,1,0,0,0,차대차 - 추돌 - 진행중,안전운전불이행,건조,맑음,단일로 - 기타,승용,여,55세,상해없음,농기계,남,77세,사망
2012052900100524,2012년 5월 29일 21시,화요일,충청남도 서천군 장항읍,중상사고,0,1,2,0,차대차 - 기타,신호위반,건조,맑음,교차로 - 교차로안,승합,남,52세,상해없음,화물,남,64세,경상