사고번호,사고일시,요일,시군구,사고내용,사망자수,중상자수,경상자수,부상신고자수,사고유형,법규위반,노면상태,기상상태,도로형태,가해운전자 차종,가해운전자 성별,가해운전자 연령,가해운전자 상해정도,피해운전자 차종,피해운전자 성별,피해운전자 연령,피해운전자 상해정도
2012052900100525,2012년 5월 29일 21시,화요일,충청남도 부여군 내산면,중상사고,0,1,0,0,차대차 - 측면직각충돌,안전운전불이행,건조,맑음,단일로 - 기타,화물,남,60세,상해없음,승용,남,23세,중상
2012052900100526,2012년 5월 29일 21시,화요일,충청남도 천안시 동남구 신방동,경상사고,0,0,1,0,차대차 - 측면직각충돌,신호위반,건조,맑음,교차로 - 교차로부근,승용,남,28세,기타불명,승용,남,50세,경상
2012052900100551,2012년 5월 29일 22시,화요일,충청남도 천안시 서북구 불당동,중상사고,0,1,1,0,차대차 - 기타,안전운전불이행,건조,맑음,단일로 - 기타,화물,남,43세,기타불명,승용,남,41세,중상
2012052900100552,2012년 5월 29일 22시,화요일,충청남도 천안시 동남구 대흥동,경상사고,0,0,1,0,차량단독 - 공작물충돌,기타,건조,맑음,단일로 - 기타,화물,남,62세,경상,,,,
2012053000100023,2012년 5월 30일 01시,수요일,충청남도 천안시 동남구 신방동,중상사고,0,2,0,0,차대사람 - 횡단중,보행자보호의무위반,건조,맑음,교차로 - 교차로안,승용,남,35세,상해없음,보행자,남,40세,중상
2012053000100136,2012년 5월 30일 09시,수요일,충청남도 태안군 태안읍,중상사고,0,1,0,0,차대사람 - 차도통행중,안전운전불이행,건조,맑음,단일로 - 기타,승용,여,36세,상해없음,보행자,남,62세,중상
2012053000100162,2012년 5월 30일 10시,수요일,충청남도 서산시 지곡면,중상사고,0,1,0,0,차대사람 - 횡단중,안전운전불이행,습기,비,교차로 - 교차로안,화물,남,47세,상해없음,보행자,여,73세,중상
2012053000100163,2012년 5월 30일 10시,수요일,충청남도 태안군 남면,중상사고,0,1,0,0,차대차 - 측면직각충돌,안전운전불이행,습기,비,단일로 - 기타,화물,남,29세,상해없음,승용,남,39세,중상
2012053000100191,2012년 5월 30일 11시,수요일,충청남도 천안시 서북구 입장면,중상사고,0,2,1,0,차대차 - 기타,교차로운행방법위반,습기,흐림,교차로 - 교차로안,화물,남,51세,중상,화물,남,42세,중상
2012053000100192,2012년 5월 30일 11시,수요일,충청남도 서천군 서천읍,중상사고,0,1,0,0,차대차 - 기타,안전거리미확보,건조,맑음,교차로 - 교차로부근,승용,남,55세,상해없음,이륜,남,70세,중상
2012053000100193,2012년 5월 30일 11시,수요일,충청남도 당진시 송악읍,중상사고,0,1,0,0,차대차 - 정면충돌,안전운전불이행,건조,맑음,단일로 - 기타,화물,남,44세,상해없음,이륜,남,73세,중상
2012053000100248,2012년 5월 30일 13시,수요일,충청남도 서산시 해미면,중상사고,0,1,0,0,차대차 - 측면직각충돌,직진우회전진행방해,건조,맑음,교차로 - 교차로안,화물,남,31세,상해없음,원동기,남,71세,중상
2012053000100249,2012년 5월 30일 13시,수요일,충청남도 서천군 장항읍,중상사고,0,2,3,0,차대차 - 기타,안전운전불이행,건조,흐림,교차로 - 교차로안,화물,남,46세,상해없음,농기계,남,77세,경상
2012053000100250,2012년 5월 30일 13시,수요일,충청남도 청양군 화성면,중상사고,0,1,0,0,차대차 - 측면직각충돌,직진우회전진행방해,건조,맑음,교차로 - 교차로안,승용,남,51세,상해없음,이륜,여,43세,중상
2012053000100271,2012년 5월 30일 14시,수요일,충청남도 논산시 연산면,경상사고,0,0,2,0,차대차 - 측면직각충돌,신호위반,건조,맑음,교차로 - 교차로안,화물,남,56세,상해없음,승용,남,61세,상해없음
2012053000100272,2012년 5월 30일 14시,수요일,충청남도 연기군 전동면,중상사고,0,2,3,0,차대차 - 측면직각충돌,안전운전불이행,건조,맑음,교차로 - 교차로안,승용,남,74세,상해없음,승합,여,48세,중상
2012053000100273,2012년 5월 30일 14시,수요일,충청남도 예산군 예산읍,중상사고,0,1,2,0,차대차 - 추돌 - 주정차중,안전거리미확보,건조,맑음,교차로 - 교차로부근,승용,남,52세,상해없음,화물,남,38세,경상
2012053000100313,2012년 5월 30일 16시,수요일,충청남도 보령시 신흑동,경상사고,0,0,1,0,차량단독 - 공작물충돌,과속,건조,맑음,단일로 - 기타,승용,남,37세,경상,,,,
2012053000100314,2012년 5월 30일 16시,수요일,충청남도 당진시 송산면,중상사고,0,1,0,0,차대차 - 측면직각충돌,중앙선침범,건조,맑음,단일로 - 기타,승용,여,31세,상해없음,승용,여,33세,중상
2012053000100315,2012년 5월 30일 16시,수요일,충청남도 청양군 청양읍,중상사고,0,1,0,0,차대사람 - 횡단중,보행자보호의무위반,건조,맑음,단일로 - 횡단보도상,화물,남,24세,상해없음,보행자,남,6세,중상
2012053000100386,2012년 5월 30일 18시,수요일,충청남도 천안시 서북구 성정동,중상사고,0,1,0,0,차대차 - 기타,교차로운행방법위반,건조,맑음,교차로 - 교차로안,승용,여,42세,상해없음,승용,여,24세,중상
2012053000100387,2012년 5월 30일 18시,수요일,충청남도 천안시 서북구 두정동,경상사고,0,0,1,0,차대차 - 기타,교차로운행방법위반,건조,맑음,교차로 - 교차로안,승용,여,29세,상해없음,자전거,남,9세,경상
2012053000100388,2012년 5월 30일 18시,수요일,충청남도 천안시 서북구 불당동,경상사고,0,0,1,0,차대차 - 측면직각충돌,안전운전불이행,건조,맑음,단일로 - 기타,승용,남,27세,상해없음,승용,남,42세,경상
2012053000100389,2012년 5월 30일 18시,수요일,충청남도 서천군 장항읍,중상사고,0,1,0,0,차대사람 - 기타,안전운전불이행,건조,맑음,교차로 - 교차로안,승용,여,42세,상해없음,보행자,여,65세,중상
2012053000100390,2012년 5월 30일 18시,수요일,충청남도 천안시 동남구 대흥동,경상사고,0,0,1,0,차량단독 - 공작물충돌,안전운전불이행,건조,맑음,단일로 - 기타,승용,남,24세,경상,,,,
2012053000100426,2012년 5월 30일 19시,수요일,충청남도 천안시 서북구 성정동,중상사고,0,1,0,0,차대사람 - 기타,안전운전불이행,건조,맑음,미분류 - 미분류,승합,남,37세,상해없음,보행자,남,39세,중상
2012053000100455,2012년 5월 30일 20시,수요일,충청남도 천안시 서북구 백석동,경상사고,0,0,1,0,차대차 - 추돌 - 진행중,안전거리미확보,건조,맑음,단일로 - 기타,승용,남,29세,상해없음,승용,남,24세,경상
2012053000100456,2012년 5월 30일 20시,수요일,충청남도 보령시 요암동,중상사고,0,3,0,0,차대차 - 측면직각충돌,안전운전불이행,건조,맑음,단일로 - 기타,승용,남,25세,상해없음,이륜,남,17세,중상
2012053000100520,2012년 5월 30일 22시,수요일,충청남도 아산시 용화동,경상사고,0,0,4,0,차대차 - 측면직각충돌,중앙선침범,건조,맑음,교차로 - 교차로부근,승용,남,38세,상해없음,승용,남,23세,경상
2012053000100554,2012년 5월 30일 23시,수요일,충청남도 천안시 서북구 불당동,중상사고,0,1,0,0,차대차 - 측면직각충돌,신호위반,건조,맑음,교차로 - 교차로안,승용,남,41세,상해없음,승용,남,32세,중상
2012053100100016,2012년 5월 31일 00시,목요일,충청남도 천안시 동남구 신부동,경상사고,0,0,1,0,차대사람 - 길가장자리구역통행중,안전운전불이행,건조,맑음,단일로 - 기타,승용,남,40세,상해없음,보행자,남,23세,경상
2012053100100042,2012년 5월 31일 02시,목요일,충청남도 서산시 읍내동,중상사고,0,1,0,0,차대차 - 추돌 - 주정차중,안전운전불이행,건조,맑음,단일로 - 기타,승용,남,39세,상해없음,승용,남,32세,기타불명
2012053100100043,2012년 5월 31일 02시,목요일,충청남도 천안시 서북구 성정동,경상사고,0,0,3,0,차대차 - 기타,안전운전불이행,건조,맑음,단일로 - 기타,승용,남,51세,상해없음,승용,남,37세,경상
2012053100100044,2012년 5월 31일 02시,목요일,충청남도 천안시 서북구 성정동,경상사고,0,0,1,0,차대사람 - 횡단중,안전운전불이행,건조,맑음,교차로 - 교차로부근,승용,남,64세,상해없음,보행자,남,32세,경상
2012053100100061,2012년 5월 31일 04시,목요일,충청남도 공주시 우성면,사망사고,1,0,0,0,차대차 - 추돌 - 진행중,안전운전불이행,건조,맑음,교차로 - 교차로부근,승용,남,24세,기타불명,화물,남,54세,사망
2012053100100125,2012년 5월 31일 08시,목요일,충청남도 천안시 서북구 불당동,경상사고,0,0,1,0,차대차 - 정면충돌,신호위반,건조,맑음,교차로 - 교차로안,승용,남,36세,상해없음,승용,남,24세,경상
2012053100100152,2012년 5월 31일 09시,목요일,충청남도 천안시 서북구 성정동,경상사고,0,0,1,0,차대사람 - 횡단중,안전운전불이행,건조,맑음,교차로 - 교차로안,승용,기타불명,기타불명,기타불명,보행자,여,27세,경상
2012053100100153,2012년 5월 31일 09시,목요일,충청남도 논산시 연무읍,경상사고,0,0,1,0,차대차 - 기타,안전운전불이행,건조,맑음,단일로 - 기타,승합,남,49세,상해없음,승용,여,40세,경상
2012053100100154,2012년 5월 31일 09시,목요일,충청남도 당진시 읍내리,경상사고,0,0,1,0,차대차 - 측면직각충돌,교차로운행방법위반,건조,맑음,교차로 - 교차로안,승용,남,48세,상해없음,이륜,남,19세,경상
2012053100100180,2012년 5월 31일 10시,목요일,충청남도 서산시 예천동,중상사고,0,1,1,0,차대차 - 측면직각충돌,신호위반,건조,맑음,교차로 - 교차로부근,승용,남,51세,상해없음,승용,여,43세,경상
2012053100100181,2012년 5월 31일 10시,목요일,충청남도 서천군 장항읍,경상사고,0,0,1,0,차대차 - 기타,안전거리미확보,건조,맑음,교차로 - 교차로부근,이륜,남,75세,경상,승용,남,32세,상해없음
2012053100100182,2012년 5월 31일 10시,목요일,충청남도 금산군 금산읍,경상사고,0,0,3,0,차대차 - 측면직각충돌,직진우회전진행방해,건조,맑음,교차로 - 교차로안,승합,남,70세,상해없음,승용,남,50세,경상
2012053100100183,2012년 5월 31일 10시,목요일,충청남도 청양군 청양읍,중상사고,0,1,2,0,차대차 - 측면직각충돌,직진우회전진행방해,건조,맑음,교차로 - 교차로안,승용,남,48세,경상,승용,남,36세,중상
2012053100100184,2012년 5월 31일 10시,목요일,충청남도 천안시 동남구 광덕면,경상사고,0,0,3,0,차대차 - 추돌 - 진행중,안전운전불이행,건조,맑음,단일로 - 기타,승합,남,30세,경상,승합,남,35세,상해없음
2012053100100207,2012년 5월 31일 11시,목요일,충청남도 금산군 금산읍,중상사고,0,1,0,0,차대차 - 측면직각충돌,중앙선침범,건조,맑음,단일로 - 기타,원동기,남,62세,중상,승용,남,25세,상해없음
2012053100100274,2012년 5월 31일 13시,목요일,충청남도 예산군 봉산면,중상사고,0,1,0,0,차대사람 - 횡단중,보행자보호의무위반,건조,맑음,단일로 - 기타,승용,남,46세,상해없음,보행자,여,60세,중상
2012053100100275,2012년 5월 31일 13시,목요일,충청남도 천안시 동남구 신부동,경상사고,0,0,1,0,차대차 - 추돌 - 진행중,안전운전불이행,건조,맑음,단일로 - 기타,화물,남,37세,상해없음,승용,여,46세,경상
2012053100100298,2012년 5월 31일 14시,목요일,충청남도 서산시 인지면,중상사고,0,1,0,0,차대차 - 기타,안전운전불이행,건조,맑음,단일로 - 기타,건설기계,남,46세,상해없음,이륜,남,55세,중상
2012053100100299,2012년 5월 31일 14시,목요일,충청남도 서천군 마서면,경상사고,0,0,1,0,차대차 - 기타,안전운전불이행,건조,맑음,교차로 - 교차로부근,이륜,남,66세,경상,승용,남,38세,상해없음
2012053100100367,2012년 5월 31일 16시,목요일,충청남도 당진시 송악읍,경상사고,0,0,4,0,차대차 - 측면직각충돌,기타,건조,맑음,교차로 - 교차로안,승용,남,44세,상해없음,승합,남,47세,경상
2012053100100397,2012년 5월 31일 17시,목요일,충청남도 홍성군 금마면,중상사고,0,1,0,0,차대차 - 측면직각충돌,안전운전불이행,건조,맑음,단일로 - 기타,승용,여,25세,상해없음,원동기,남,72세,중상
2012053100100398,2012년 5월 31일 17시,목요일,충청남도 천안시 동남구 오룡동,경상사고,0,0,2,0,차대사람 - 보도통행중,기타,건조,맑음,단일로 - 기타,자전거,남,14세,경상,보행자,남,25세,경상
2012053100100446,2012년 5월 31일 18시,목요일,충청남도 논산시 강경읍,중상사고,0,1,0,0,차대차 - 정면충돌,교차로운행방법위반,건조,맑음,교차로 - 교차로안,화물,남,47세,상해없음,이륜,남,18세,중상
2012053100100447,2012년 5월 31일 18시,목요일,충청남도 홍성군 홍성읍,경상사고,0,0,1,0,차대차 - 측면직각충돌,교차로운행방법위반,건조,맑음,교차로 - 교차로안,승용,남,33세,상해없음,이륜,남,16세,경상
2012053100100482,2012년 5월 31일 19시,목요일,충청남도 금산군 부리면,경상사고,0,0,1,0,차량단독 - 공작물충돌,안전운전불이행,건조,맑음,단일로 - 기타,승용,남,27세,경상,,,,
2012053100100483,2012년 5월 31일 19시,목요일,충청남도 천안시 동남구 신부동,중상사고,0,1,0,0,차대차 - 측면직각충돌,안전운전불이행,건조,맑음,단일로 - 기타,원동기,남,26세,중상,승용,남,32세,상해없음
2012053100100515,2012년 5월 31일 20시,목요일,충청남도 홍성군 금마면,경상사고,0,0,1,0,차대차 - 측면직각충돌,신호위반,건조,맑음,교차로 - 교차로안,화물,남,46세,상해없음,농기계,남,52세,경상
2012053100100567,2012년 5월 31일 21시,목요일,충청남도 홍성군 홍성읍,중상사고,0,1,0,0,차대차 - 측면직각충돌,중앙선침범,건조,맑음,교차로 - 교차로안,승용,여,37세,상해없음,승용,여,35세,중상
2012053100100570,2012년 5월 31일 21시,목요일,충청남도 당진시 송악읍,사망사고,1,0,0,0,차대차 - 추돌 - 진행중,안전운전불이행,건조,맑음,단일로 - 기타,화물,남,55세,사망,화물,남,45세,상해없음
2012053100100607,2012년 5월 31일 22시,목요일,충청남도 예산군 예산읍,경상사고,0,0,1,0,차대차 - 측면직각충돌,중앙선침범,건조,맑음,단일로 - 기타,승용,남,27세,상해없음,승용,남,44세,경상
2012053100100608,2012년 5월 31일 22시,목요일,충청남도 당진시 수청리,경상사고,0,0,4,0,차대차 - 측면직각충돌,중앙선침범,건조,맑음,단일로 - 기타,승용,남,63세,상해없음,승용,여,27세,경상
2012053100100609,2012년 5월 31일 22시,목요일,충청남도 당진시 수청리,경상사고,0,0,3,0,차대차 - 추돌 - 주정차중,안전운전불이행,건조,맑음,단일로 - 기타,승용,남,52세,상해없음,승용,여,27세,상해없음
2012060100100013,2012년 6월 1일 00시,금요일,충청남도 서산시 인지면,중상사고,0,1,0,0,차대차 - 정면충돌,중앙선침범,건조,맑음,단일로 - 기타,승용,남,43세,상해없음,승용,남,56세,중상
2012060100100014,2012년 6월 1일 00시,금요일,충청남도 천안시 서북구 쌍용동,경상사고,0,0,2,0,차대차 - 기타,안전운전불이행,건조,맑음,교차로 - 교차로안,승용,남,37세,상해없음,승용,남,41세,경상
2012060100100015,2012년 6월 1일 00시,금요일,충청남도 아산시 온천동,경상사고,0,0,2,0,차대차 - 추돌 - 진행중,안전운전불이행,건조,맑음,교차로 - 교차로부근,승용,남,35세,상해없음,승용,여,31세,경상
2012060100100016,2012년 6월 1일 00시,금요일,충청남도 아산시 온천동,경상사고,0,0,1,0,차대차 - 정면충돌,안전운전불이행,건조,맑음,기타 - 기타,승용,남,34세,상해없음,승용,남,38세,경상
2012060100100063,2012년 6월 1일 03시,금요일,충청남도 천안시 동남구 신부동,경상사고,0,0,1,0,차대차 - 기타,신호위반,건조,맑음,교차로 - 교차로안,승용,여,20세,상해없음,승용,남,34세,경상
2012060100100097,2012년 6월 1일 06시,금요일,충청남도 서천군 장항읍,중상사고,0,1,0,0,차대차 - 측면직각충돌,직진우회전진행방해,건조,맑음,교차로 - 교차로안,승용,남,39세,상해없음,승용,여,27세,중상
2012060100100098,2012년 6월 1일 06시,금요일,충청남도 청양군 정산면,중상사고,0,1,1,0,차대차 - 측면직각충돌,중앙선침범,건조,맑음,단일로 - 기타,화물,남,49세,상해없음,화물,남,67세,중상
2012060100100118,2012년 6월 1일 07시,금요일,충청남도 논산시 채운면,경상사고,0,0,1,0,차대차 - 정면충돌,중앙선침범,건조,맑음,미분류 - 미분류,승용,남,50세,상해없음,승용,남,41세,경상
2012060100100119,2012년 6월 1일 07시,금요일,충청남도 천안시 동남구 성황동,사망사고,1,0,0,0,차대사람 - 횡단중,보행자보호의무위반,건조,맑음,단일로 - 횡단보도상,승합,남,48세,상해없음,보행자,여,70세,사망
2012060100100229,2012년 6월 1일 10시,금요일,충청남도 천안시 서북구 성환읍,사망사고,1,0,0,0,차량단독 - 기타,안전운전불이행,건조,맑음,교차로 - 교차로부근,원동기,남,74세,사망,,,,
2012060100100249,2012년 6월 1일 11시,금요일,충청남도 천안시 동남구 유량동,경상사고,0,0,1,0,차대차 - 기타,중앙선침범,건조,맑음,단일로 - 기타,승용,남,60세,상해없음,자전거,남,56세,경상
2012060100100276,2012년 6월 1일 12시,금요일,충청남도 논산시 벌곡면,중상사고,0,1,0,0,차대차 - 기타,안전운전불이행,건조,맑음,단일로 - 기타,승용,남,30세,상해없음,원동기,남,73세,중상
2012060100100277,2012년 6월 1일 12시,금요일,충청남도 당진시 고대면,중상사고,0,1,0,0,차대차 - 정면충돌,교차로운행방법위반,건조,맑음,교차로 - 교차로안,원동기,남,76세,상해없음,승용,여,38세,상해없음
2012060100100309,2012년 6월 1일 13시,금요일,충청남도 공주시 중동,경상사고,0,0,3,0,차대차 - 추돌 - 주정차중,안전운전불이행,건조,맑음,교차로 - 교차로부근,승용,여,30세,경상,화물,남,48세,상해없음
2012060100100310,2012년 6월 1일 13시,금요일,충청남도 연기군 금남면,중상사고,0,2,3,0,차대차 - 추돌 - 진행중,안전운전불이행,건조,맑음,기타 - 기타,승용,여,24세,경상,승용,남,29세,경상
2012060100100336,2012년 6월 1일 14시,금요일,충청남도 부여군 임천면,사망사고,1,3,0,0,차량단독 - 전도전복,안전운전불이행,건조,맑음,단일로 - 기타,화물,남,51세,상해없음,,,,
2012060100100338,2012년 6월 1일 14시,금요일,충청남도 보령시 주포면,중상사고,0,3,1,0,차대차 - 측면직각충돌,안전운전불이행,건조,맑음,단일로 - 기타,승용,남,18세,상해없음,화물,남,52세,상해없음
2012060100100364,2012년 6월 1일 15시,금요일,충청남도 천안시 동남구 목천읍,경상사고,0,0,1,0,차대차 - 정면충돌,안전운전불이행,건조,맑음,단일로 - 기타,승용,남,57세,상해없음,승용,남,52세,경상
2012060100100396,2012년 6월 1일 16시,금요일,충청남도 계룡시 신도안면,중상사고,0,1,0,0,차대사람 - 기타,안전운전불이행,건조,맑음,단일로 - 기타,승용,여,22세,상해없음,보행자,남,13세,중상
2012060100100397,2012년 6월 1일 16시,금요일,충청남도 금산군 금산읍,중상사고,0,1,0,0,차대사람 - 기타,안전운전불이행,건조,맑음,교차로 - 교차로안,승용,여,54세,상해없음,보행자,여,75세,중상
2012060100100398,2012년 6월 1일 16시,금요일,충청남도 금산군 금산읍,경상사고,0,0,1,0,차대차 - 측면직각충돌,안전운전불이행,건조,맑음,교차로 - 교차로부근,승합,남,71세,상해없음,자전거,남,11세,경상
2012060100100433,2012년 6월 1일 17시,금요일,충청남도 보령시 남포면,중상사고,0,1,0,0,차대사람 - 기타,안전운전불이행,건조,맑음,단일로 - 기타,화물,남,66세,상해없음,보행자,남,53세,중상
2012060100100472,2012년 6월 1일 18시,금요일,충청남도 서산시 석남동,중상사고,0,1,1,0,차대차 - 정면충돌,교차로운행방법위반,건조,맑음,교차로 - 교차로안,화물,남,70세,상해없음,승용,여,39세,중상
2012060100100473,2012년 6월 1일 18시,금요일,충청남도 논산시 내동,중상사고,0,1,0,0,차량단독 - 기타,안전운전불이행,건조,맑음,단일로 - 기타,기타불명,기타불명,기타불명,기타불명,,,,
2012060100100474,2012년 6월 1일 18시,금요일,충청남도 부여군 부여읍,중상사고,0,1,0,0,차대차 - 정면충돌,교차로운행방법위반,건조,맑음,교차로 - 교차로안,승용,여,36세,상해없음,원동기,여,50세,중상
2012060100100475,2012년 6월 1일 18시,금요일,충청남도 금산군 부리면,사망사고,1,0,0,0,차대사람 - 횡단중,안전운전불이행,건조,맑음,단일로 - 기타,승용,남,58세,상해없음,보행자,남,61세,사망
2012060100100510,2012년 6월 1일 19시,금요일,충청남도 금산군 금산읍,중상사고,0,2,0,0,차대차 - 측면직각충돌,직진우회전진행방해,건조,맑음,교차로 - 교차로안,승용,남,42세,중상,승용,남,61세,중상
2012060100100545,2012년 6월 1일 20시,금요일,충청남도 연기군 남면,중상사고,0,1,0,0,차대차 - 기타,중앙선침범,건조,맑음,기타 - 기타,승용,남,50세,상해없음,승용,남,33세,중상
2012060100100592,2012년 6월 1일 21시,금요일,충청남도 서산시 동문동,경상사고,0,0,2,0,차대차 - 추돌 - 진행중,안전운전불이행,건조,맑음,단일로 - 기타,승용,여,43세,상해없음,승용,남,30세,경상
2012060100100593,2012년 6월 1일 21시,금요일,충청남도 천안시 서북구 두정동,경상사고,0,0,1,0,차대사람 - 기타,안전운전불이행,건조,맑음,단일로 - 기타,승용,여,22세,상해없음,보행자,여,24세,경상
2012060100100594,2012년 6월 1일 21시,금요일,충청남도 부여군 홍산면,중상사고,0,1,0,0,차대차 - 추돌 - 주정차중,안전운전불이행,건조,맑음,단일로 - 기타,승용,여,49세,상해없음,승용,여,60세,중상
2012060100100662,2012년 6월 1일 23시,금요일,충청남도 서산시 대산읍,경상사고,0,0,1,0,차량단독 - 도로외이탈 - 추락,안전운전불이행,건조,맑음,단일로 - 기타,화물,남,47세,경상,,,,
2012060100100663,2012년 6월 1일 23시,금요일,충청남도 천안시 서북구 쌍용동,중상사고,0,1,1,0,차대차 - 추돌 - 주정차중,안전운전불이행,건조,맑음,교차로 - 교차로부근,승용,여,51세,상해없음,승용,여,49세,경상
2012060200100024,2012년 6월 2일 00시,토요일,충청남도 논산시 내동,경상사고,0,0,1,0,차대차 - 추돌 - 진행중,안전운전불이행,건조,맑음,단일로 - 기타,승용,남,22세,상해없음,원동기,남,19세,경상
2012060200100048,2012년 6월 2일 01시,토요일,충청남도 천안시 서북구 두정동,경상사고,0,0,1,0,차대사람 - 기타,안전운전불이행,건조,맑음,단일로 - 기타,승용,여,23세,상해없음,보행자,남,31세,경상
2012060200100064,2012년 6월 2일 02시,토요일,충청남도 서산시 인지면,중상사고,0,1,0,0,차량단독 - 공작물충돌,안전운전불이행,건조,맑음,단일로 - 기타,승용,남,46세,중상,,,,
2012060200100075,2012년 6월 2일 03시,토요일,충청남도 천안시 서북구 성성동,중상사고,0,2,0,0,차대차 - 정면충돌,중앙선침범,건조,맑음,교차로 - 교차로부근,승용,남,38세,상해없음,승용,남,35세,중상
2012060200100076,2012년 6월 2일 03시,토요일,충청남도 당진시 정미면,중상사고,0,2,0,0,차대차 - 추돌 - 진행중,안전운전불이행,건조,맑음,교차로 - 교차로부근,승용,남,42세,상해없음,이륜,남,16세,중상
2012060200100096,2012년 6월 2일 04시,토요일,충청남도 서산시 운산면,중상사고,0,4,0,0,차대차 - 정면충돌,중앙선침범,건조,맑음,단일로 - 기타,화물,남,67세,상해없음,승용,남,29세,중상
2012060200100106,2012년 6월 2일 05시,토요일,충청남도 천안시 서북구 성거읍,중상사고,0,1,0,0,차대차 - 측면직각충돌,안전운전불이행,건조,맑음,단일로 - 기타,승용,남,66세,상해없음,승용,남,33세,중상
2012060200100115,2012년 6월 2일 06시,토요일,충청남도 천안시 서북구 두정동,경상사고,0,0,1,0,차대차 - 기타,안전운전불이행,건조,맑음,단일로 - 기타,기타불명,기타불명,기타불명,기타불명,승용,남,41세,경상
2012060200100152,2012년 6월 2일 08시,토요일,충청남도 천안시 서북구 입장면,사망사고,1,0,0,0,차량단독 - 도로외이탈 - 추락,안전운전불이행,건조,맑음,기타 - 기타,원동기,남,51세,사망,,,,
2012060200100153,2012년 6월 2일 08시,토요일,충청남도 아산시 용화동,경상사고,0,0,1,0,차대사람 - 기타,안전운전불이행,건조,맑음,단일로 - 기타,승용,여,47세,상해없음,보행자,남,49세,경상
2012060200100171,2012년 6월 2일 09시,토요일,충청남도 논산시 연산면,중상사고,0,1,0,0,차대차 - 측면직각충돌,교차로운행방법위반,건조,맑음,교차로 - 교차로안,화물,남,61세,상해없음,이륜,남,76세,중상
2012060200100201,2012년 6월 2일 10시,토요일,충청남도 천안시 서북구 성거읍,중상사고,0,1,1,0,차대차 - 추돌 - 주정차중,안전운전불이행,건조,맑음,단일로 - 기타,승용,기타불명,기타불명,기타불명,승용,여,29세,경상
2012060200100303,2012년 6월 2일 13시,토요일,충청남도 논산시 반월동,중상사고,0,1,0,0,차대차 - 측면직각충돌,안전운전불이행,건조,맑음,단일로 - 기타,승용,남,59세,상해없음,자전거,여,69세,중상
2012060200100336,2012년 6월 2일 14시,토요일,충청남도 아산시 실옥동,경상사고,0,0,1,0,차대차 - 측면직각충돌,안전운전불이행,건조,맑음,단일로 - 기타,승용,여,47세,상해없음,자전거,여,9세,경상
2012060200100337,2012년 6월 2일 14시,토요일,충청남도 당진시 순성면,경상사고,0,0,1,0,차대차 - 정면충돌,중앙선침범,건조,맑음,단일로 - 기타,승용,남,58세,상해없음,건설기계,남,59세,경상
2012060200100425,2012년 6월 2일 16시,토요일,충청남도 천안시 서북구 쌍용동,중상사고,0,1,0,0,차대차 - 기타,안전운전불이행,건조,맑음,기타 - 기타,이륜,남,44세,중상,승용,남,40세,상해없음
2012060200100495,2012년 6월 2일 18시,토요일,충청남도 서천군 서천읍,경상사고,0,0,5,0,차대차 - 기타,안전거리미확보,건조,맑음,교차로 - 교차로부근,승용,여,40세,상해없음,승용,남,75세,경상
2012060200100496,2012년 6월 2일 18시,토요일,충청남도 천안시 동남구 목천읍,중상사고,0,1,1,0,차대차 - 추돌 - 진행중,안전운전불이행,건조,맑음,교차로 - 교차로부근,화물,남,72세,중상,승합,남,66세,경상
2012060200100570,2012년 6월 2일 20시,토요일,충청남도 아산시 송악면,경상사고,0,0,1,0,차대차 - 추돌 - 진행중,안전거리미확보,건조,맑음,단일로 - 기타,승용,남,27세,상해없음,승용,남,34세,경상
2012060200100645,2012년 6월 2일 23시,토요일,충청남도 당진시 읍내리,경상사고,0,0,1,0,차대차 - 측면직각충돌,교차로운행방법위반,건조,맑음,교차로 - 교차로안,승용,여,38세,상해없음,승용,여,38세,경상
2012060300100127,2012년 6월 3일 08시,일요일,충청남도 보령시 천북면,중상사고,0,4,2,0,차대차 - 기타,안전운전불이행,건조,맑음,단일로 - 기타,화물,남,42세,상해없음,승용,남,38세,중상
2012060300100146,2012년 6월 3일 09시,일요일,충청남도 천안시 서북구 신당동,중상사고,0,1,2,0,차대차 - 정면충돌,신호위반,건조,맑음,교차로 - 교차로안,화물,남,42세,상해없음,승용,남,18세,경상
2012060300100162,2012년 6월 3일 10시,일요일,충청남도 서산시 동문동,경상사고,0,0,1,0,차대사람 - 횡단중,보행자보호의무위반,건조,맑음,단일로 - 횡단보도상,승용,여,41세,상해없음,보행자,남,44세,경상
2012060300100236,2012년 6월 3일 13시,일요일,충청남도 보령시 대천동,중상사고,0,1,0,0,차대차 - 추돌 - 진행중,안전운전불이행,건조,맑음,단일로 - 기타,승용,남,49세,상해없음,승용,남,52세,상해없음
2012060300100299,2012년 6월 3일 15시,일요일,충청남도 천안시 서북구 성정동,중상사고,0,1,0,0,차대차 - 측면직각충돌,안전운전불이행,건조,맑음,교차로 - 교차로안,원동기,남,18세,상해없음,승용,여,23세,상해없음
2012060300100300,2012년 6월 3일 15시,일요일,충청남도 논산시 강경읍,경상사고,0,0,1,0,차대차 - 기타,기타,건조,맑음,단일로 - 기타,화물,남,49세,상해없음,화물,남,50세,경상
2012060300100327,2012년 6월 3일 16시,일요일,충청남도 서천군 장항읍,중상사고,0,1,0,0,차대차 - 기타,안전운전불이행,건조,맑음,단일로 - 기타,승용,남,37세,상해없음,이륜,남,45세,중상