사고번호,사고일시,요일,시군구,사고내용,사망자수,중상자수,경상자수,부상신고자수,사고유형,법규위반,노면상태,기상상태,도로형태,가해운전자 차종,가해운전자 성별,가해운전자 연령,가해운전자 상해정도,피해운전자 차종,피해운전자 성별,피해운전자 연령,피해운전자 상해정도
2012060300100360,2012년 6월 3일 17시,일요일,충청남도 논산시 벌곡면,중상사고,0,1,0,0,차대차 - 측면직각충돌,안전운전불이행,건조,맑음,단일로 - 기타,승용,여,53세,상해없음,원동기,남,42세,중상
2012060300100362,2012년 6월 3일 17시,일요일,충청남도 서천군 장항읍,중상사고,0,1,0,0,차대차 - 기타,안전운전불이행,건조,맑음,단일로 - 기타,승용,남,63세,상해없음,자전거,여,64세,중상
2012060300100393,2012년 6월 3일 18시,일요일,충청남도 태안군 근흥면,중상사고,0,3,0,0,차대차 - 측면직각충돌,안전운전불이행,건조,맑음,단일로 - 기타,승용,여,59세,상해없음,승용,여,34세,중상
2012060300100424,2012년 6월 3일 19시,일요일,충청남도 천안시 서북구 백석동,경상사고,0,0,3,0,차대차 - 추돌 - 주정차중,안전운전불이행,건조,맑음,단일로 - 기타,승용,여,43세,상해없음,승용,남,41세,경상
2012060300100425,2012년 6월 3일 19시,일요일,충청남도 천안시 서북구 성정동,사망사고,1,0,0,0,차대사람 - 횡단중,안전운전불이행,건조,맑음,교차로 - 교차로안,승용,남,53세,상해없음,보행자,여,82세,사망
2012060300100426,2012년 6월 3일 19시,일요일,충청남도 홍성군 갈산면,경상사고,0,0,1,0,차량단독 - 도로외이탈 - 기타,안전운전불이행,건조,맑음,단일로 - 기타,이륜,남,36세,경상,,,,
2012060300100427,2012년 6월 3일 19시,일요일,충청남도 금산군 복수면,중상사고,0,1,0,0,차대차 - 측면직각충돌,안전운전불이행,건조,맑음,교차로 - 교차로부근,승용,남,37세,상해없음,원동기,남,61세,중상
2012060300100428,2012년 6월 3일 19시,일요일,충청남도 천안시 서북구 성거읍,경상사고,0,0,2,0,차대차 - 측면직각충돌,안전운전불이행,건조,맑음,단일로 - 기타,화물,남,46세,상해없음,승용,남,36세,경상
2012060300100459,2012년 6월 3일 20시,일요일,충청남도 태안군 근흥면,중상사고,0,2,0,0,차대차 - 정면충돌,중앙선침범,건조,맑음,단일로 - 기타,화물,남,47세,상해없음,화물,남,48세,중상
2012060300100500,2012년 6월 3일 21시,일요일,충청남도 공주시 신관동,중상사고,0,1,0,0,차대사람 - 보도통행중,신호위반,건조,맑음,단일로 - 교량,이륜,남,17세,상해없음,보행자,여,53세,중상
2012060300100516,2012년 6월 3일 22시,일요일,충청남도 천안시 서북구 성환읍,경상사고,0,0,1,0,차대차 - 추돌 - 진행중,안전운전불이행,건조,맑음,미분류 - 미분류,승용,남,30세,상해없음,승용,여,34세,경상
2012060400100020,2012년 6월 4일 02시,월요일,충청남도 서산시 해미면,중상사고,0,2,2,0,차대차 - 정면충돌,중앙선침범,건조,맑음,교차로 - 교차로부근,승용,여,29세,상해없음,승용,여,43세,중상
2012060400100029,2012년 6월 4일 04시,월요일,충청남도 아산시 득산동,중상사고,0,2,0,0,차대차 - 추돌 - 진행중,안전운전불이행,건조,맑음,기타 - 기타,승용,남,52세,상해없음,농기계,남,71세,중상
2012060400100046,2012년 6월 4일 06시,월요일,충청남도 천안시 서북구 성정동,중상사고,0,2,2,0,차대차 - 추돌 - 진행중,안전운전불이행,건조,맑음,기타 - 기타,승용,남,26세,중상,승용,남,41세,중상
2012060400100073,2012년 6월 4일 07시,월요일,충청남도 서산시 지곡면,중상사고,0,1,0,0,차대사람 - 길가장자리구역통행중,과속,건조,맑음,단일로 - 기타,승용,남,26세,상해없음,보행자,여,15세,중상
2012060400100136,2012년 6월 4일 09시,월요일,충청남도 보령시 동대동,중상사고,0,1,3,0,차대차 - 측면직각충돌,신호위반,건조,맑음,교차로 - 교차로안,화물,남,47세,경상,승용,남,38세,경상
2012060400100167,2012년 6월 4일 10시,월요일,충청남도 예산군 예산읍,경상사고,0,0,1,0,차대차 - 추돌 - 주정차중,안전거리미확보,건조,맑음,교차로 - 교차로부근,승합,남,59세,상해없음,화물,남,63세,경상
2012060400100168,2012년 6월 4일 10시,월요일,충청남도 청양군 정산면,중상사고,0,4,1,0,차대차 - 측면직각충돌,안전운전불이행,건조,맑음,교차로 - 교차로안,승용,남,27세,상해없음,화물,남,40세,경상
2012060400100169,2012년 6월 4일 10시,월요일,충청남도 천안시 동남구 병천면,경상사고,0,0,2,0,차대차 - 기타,안전운전불이행,건조,맑음,단일로 - 기타,승용,여,44세,경상,화물,남,52세,경상
2012060400100249,2012년 6월 4일 13시,월요일,충청남도 부여군 부여읍,중상사고,0,1,0,0,차대사람 - 기타,안전운전불이행,기타,맑음,기타 - 기타,승용,남,58세,상해없음,보행자,남,52세,중상
2012060400100322,2012년 6월 4일 15시,월요일,충청남도 홍성군 홍성읍,경상사고,0,0,2,0,차대차 - 측면직각충돌,교차로운행방법위반,건조,맑음,교차로 - 교차로안,승용,남,40세,상해없음,원동기,남,73세,경상
2012060400100323,2012년 6월 4일 15시,월요일,충청남도 보령시 대천동,중상사고,0,1,0,0,차대차 - 추돌 - 진행중,교차로운행방법위반,건조,맑음,교차로 - 교차로안,화물,남,58세,상해없음,화물,남,26세,중상
2012060400100324,2012년 6월 4일 15시,월요일,충청남도 청양군 정산면,중상사고,0,1,0,0,차량단독 - 공작물충돌,안전운전불이행,건조,맑음,단일로 - 기타,화물,남,30세,중상,,,,
2012060400100325,2012년 6월 4일 15시,월요일,충청남도 천안시 동남구 원성동,중상사고,0,1,0,0,차대사람 - 기타,보행자보호의무위반,건조,맑음,단일로 - 기타,승합,남,45세,상해없음,보행자,여,7세,중상
2012060400100364,2012년 6월 4일 16시,월요일,충청남도 천안시 동남구 다가동,중상사고,0,1,0,0,차대차 - 기타,안전운전불이행,건조,맑음,단일로 - 기타,승용,남,37세,상해없음,자전거,남,25세,중상
2012060400100397,2012년 6월 4일 17시,월요일,충청남도 당진시 시곡리,경상사고,0,0,3,0,차대차 - 측면직각충돌,차로위반,건조,맑음,단일로 - 기타,화물,남,27세,상해없음,승용,여,30세,경상
2012060400100431,2012년 6월 4일 18시,월요일,충청남도 예산군 대술면,경상사고,0,0,1,0,차대차 - 기타,직진우회전진행방해,건조,맑음,교차로 - 교차로안,이륜,남,64세,경상,화물,남,40세,상해없음
2012060400100432,2012년 6월 4일 18시,월요일,충청남도 천안시 동남구 다가동,경상사고,0,0,1,0,차대차 - 추돌 - 진행중,안전운전불이행,건조,맑음,단일로 - 기타,화물,남,51세,상해없음,승용,남,22세,경상
2012060400100470,2012년 6월 4일 19시,월요일,충청남도 천안시 서북구 백석동,경상사고,0,0,1,0,차대차 - 측면직각충돌,신호위반,건조,맑음,교차로 - 교차로안,승용,여,28세,상해없음,승용,남,43세,경상
2012060400100491,2012년 6월 4일 20시,월요일,충청남도 천안시 서북구 쌍용동,경상사고,0,0,1,0,차대차 - 추돌 - 진행중,안전운전불이행,건조,맑음,교차로 - 교차로안,승용,여,31세,상해없음,화물,남,32세,경상
2012060400100555,2012년 6월 4일 22시,월요일,충청남도 아산시 둔포면,경상사고,0,0,2,0,차대차 - 측면직각충돌,중앙선침범,건조,맑음,단일로 - 기타,승용,남,52세,상해없음,승용,남,34세,경상
2012060500100054,2012년 6월 5일 04시,화요일,충청남도 금산군 금산읍,중상사고,0,1,0,0,차대차 - 측면직각충돌,안전운전불이행,건조,맑음,단일로 - 기타,승용,남,62세,상해없음,이륜,남,36세,중상
2012060500100074,2012년 6월 5일 06시,화요일,충청남도 공주시 정안면,중상사고,0,1,0,0,차대차 - 측면직각충돌,신호위반,건조,맑음,교차로 - 교차로안,화물,남,52세,상해없음,승용,남,66세,중상
2012060500100093,2012년 6월 5일 07시,화요일,충청남도 예산군 예산읍,중상사고,0,1,0,0,차대차 - 추돌 - 진행중,안전거리미확보,건조,맑음,단일로 - 기타,이륜,남,55세,상해없음,자전거,남,72세,중상
2012060500100094,2012년 6월 5일 07시,화요일,충청남도 당진시 우강면,중상사고,0,2,0,0,차대차 - 기타,교차로운행방법위반,건조,맑음,교차로 - 교차로안,승용,남,32세,상해없음,농기계,남,76세,중상
2012060500100121,2012년 6월 5일 08시,화요일,충청남도 논산시 취암동,경상사고,0,0,1,0,차대차 - 기타,교차로운행방법위반,건조,맑음,단일로 - 기타,승용,여,51세,상해없음,원동기,남,76세,경상
2012060500100163,2012년 6월 5일 09시,화요일,충청남도 청양군 정산면,경상사고,0,0,2,0,차량단독 - 도로외이탈 - 추락,안전운전불이행,건조,맑음,단일로 - 기타,화물,남,60세,경상,,,,
2012060500100164,2012년 6월 5일 09시,화요일,충청남도 천안시 동남구 신부동,경상사고,0,0,1,0,차대차 - 추돌 - 진행중,안전운전불이행,건조,맑음,단일로 - 기타,기타불명,기타불명,기타불명,기타불명,화물,남,81세,경상
2012060500100204,2012년 6월 5일 10시,화요일,충청남도 서천군 비인면,중상사고,0,1,0,0,차량단독 - 전도전복,안전운전불이행,건조,맑음,단일로 - 기타,화물,남,57세,상해없음,,,,
2012060500100225,2012년 6월 5일 11시,화요일,충청남도 서산시 음암면,중상사고,0,1,0,0,차대차 - 측면직각충돌,교차로운행방법위반,건조,맑음,교차로 - 교차로안,화물,남,45세,상해없음,화물,남,47세,중상
2012060500100226,2012년 6월 5일 11시,화요일,충청남도 서산시 지곡면,경상사고,0,0,2,0,차대차 - 추돌 - 진행중,안전운전불이행,건조,맑음,교차로 - 교차로부근,화물,남,48세,상해없음,화물,남,35세,경상
2012060500100227,2012년 6월 5일 11시,화요일,충청남도 서천군 비인면,사망사고,1,0,0,0,차량단독 - 전도전복,안전운전불이행,건조,맑음,기타 - 기타,이륜,남,65세,사망,,,,
2012060500100250,2012년 6월 5일 12시,화요일,충청남도 보령시 주포면,중상사고,0,1,1,0,차대차 - 측면직각충돌,중앙선침범,건조,맑음,단일로 - 기타,승용,여,43세,경상,화물,남,49세,중상
2012060500100251,2012년 6월 5일 12시,화요일,충청남도 천안시 동남구 청수동,중상사고,0,1,1,0,차대차 - 측면직각충돌,차로위반,건조,맑음,교차로 - 교차로부근,승용,남,48세,상해없음,승용,남,24세,중상
2012060500100273,2012년 6월 5일 13시,화요일,충청남도 예산군 예산읍,경상사고,0,0,1,0,차대차 - 측면직각충돌,안전운전불이행,건조,맑음,단일로 - 기타,이륜,남,74세,경상,승용,남,46세,상해없음
2012060500100298,2012년 6월 5일 14시,화요일,충청남도 논산시 은진면,경상사고,0,0,1,0,차대차 - 기타,신호위반,건조,맑음,교차로 - 교차로안,화물,남,77세,상해없음,승용,남,32세,경상
2012060500100299,2012년 6월 5일 14시,화요일,충청남도 천안시 동남구 안서동,경상사고,0,0,1,0,차대사람 - 횡단중,안전운전불이행,건조,맑음,교차로 - 교차로부근,화물,남,57세,상해없음,보행자,남,23세,경상
2012060500100327,2012년 6월 5일 15시,화요일,충청남도 논산시 강산동,중상사고,0,1,0,0,차대차 - 기타,교차로운행방법위반,건조,맑음,교차로 - 교차로안,승용,남,44세,상해없음,원동기,여,64세,중상
2012060500100328,2012년 6월 5일 15시,화요일,충청남도 논산시 반월동,중상사고,0,1,0,0,차대차 - 기타,교차로운행방법위반,건조,맑음,교차로 - 교차로안,승용,여,47세,상해없음,이륜,남,72세,중상
2012060500100329,2012년 6월 5일 15시,화요일,충청남도 논산시 취암동,경상사고,0,0,1,0,차대사람 - 기타,안전운전불이행,건조,맑음,단일로 - 기타,화물,남,54세,상해없음,보행자,여,40세,경상
2012060500100330,2012년 6월 5일 15시,화요일,충청남도 부여군 규암면,경상사고,0,0,1,0,차대차 - 추돌 - 진행중,안전운전불이행,건조,맑음,교차로 - 교차로안,승용,남,52세,상해없음,승용,여,31세,경상
2012060500100366,2012년 6월 5일 16시,화요일,충청남도 논산시 취암동,경상사고,0,0,3,0,차량단독 - 공작물충돌,안전운전불이행,건조,맑음,단일로 - 기타,승용,남,27세,경상,,,,
2012060500100402,2012년 6월 5일 17시,화요일,충청남도 천안시 서북구 쌍용동,경상사고,0,0,1,0,차대차 - 추돌 - 진행중,안전거리미확보,건조,맑음,교차로 - 교차로안,승용,남,66세,상해없음,자전거,남,18세,경상
2012060500100442,2012년 6월 5일 18시,화요일,충청남도 서천군 비인면,중상사고,0,1,0,0,차대차 - 기타,안전운전불이행,건조,흐림,교차로 - 교차로부근,화물,남,57세,상해없음,이륜,남,65세,중상
2012060500100443,2012년 6월 5일 18시,화요일,충청남도 서천군 장항읍,중상사고,0,1,0,0,차대차 - 기타,기타,건조,맑음,교차로 - 교차로안,승용,여,40세,상해없음,승용,여,51세,중상
2012060500100444,2012년 6월 5일 18시,화요일,충청남도 천안시 동남구 다가동,경상사고,0,0,1,0,차대차 - 측면직각충돌,신호위반,건조,맑음,교차로 - 교차로안,자전거,여,13세,경상,승용,남,58세,상해없음
2012060500100515,2012년 6월 5일 20시,화요일,충청남도 천안시 서북구 백석동,중상사고,0,2,0,0,차대차 - 측면직각충돌,안전거리미확보,건조,맑음,단일로 - 기타,승합,남,49세,상해없음,이륜,남,24세,중상
2012060500100516,2012년 6월 5일 20시,화요일,충청남도 천안시 서북구 성성동,경상사고,0,0,1,0,차대차 - 기타,중앙선침범,건조,맑음,교차로 - 교차로안,기타불명,기타불명,기타불명,기타불명,승용,여,26세,경상
2012060500100573,2012년 6월 5일 21시,화요일,충청남도 아산시 배방읍,경상사고,0,0,1,0,차대차 - 기타,안전거리미확보,건조,맑음,단일로 - 기타,화물,남,49세,상해없음,이륜,남,32세,기타불명
2012060500100574,2012년 6월 5일 21시,화요일,충청남도 아산시 배방읍,경상사고,0,0,1,0,차대차 - 측면직각충돌,신호위반,건조,맑음,교차로 - 교차로안,승용,남,32세,상해없음,승용,남,34세,경상
2012060500100575,2012년 6월 5일 21시,화요일,충청남도 아산시 온천동,중상사고,0,1,0,0,차대사람 - 횡단중,보행자보호의무위반,건조,맑음,교차로 - 교차로부근,화물,남,57세,상해없음,보행자,남,15세,중상
2012060500100576,2012년 6월 5일 21시,화요일,충청남도 천안시 동남구 신부동,경상사고,0,0,1,0,차대차 - 측면직각충돌,차로위반,건조,맑음,단일로 - 기타,기타불명,기타불명,기타불명,기타불명,승용,남,57세,경상
2012060500100614,2012년 6월 5일 22시,화요일,충청남도 천안시 서북구 성거읍,경상사고,0,0,1,0,차대차 - 측면직각충돌,안전운전불이행,건조,맑음,단일로 - 기타,기타불명,기타불명,기타불명,기타불명,화물,남,22세,경상
2012060500100615,2012년 6월 5일 22시,화요일,충청남도 공주시 반포면,경상사고,0,0,2,0,차대차 - 측면직각충돌,안전운전불이행,건조,기타,단일로 - 기타,승용,남,21세,경상,화물,남,49세,경상
2012060600100020,2012년 6월 6일 00시,수요일,충청남도 천안시 서북구 성거읍,경상사고,0,0,2,0,차대차 - 추돌 - 주정차중,안전운전불이행,건조,맑음,단일로 - 기타,승용,남,29세,상해없음,승용,남,29세,경상
2012060600100050,2012년 6월 6일 01시,수요일,충청남도 천안시 동남구 목천읍,중상사고,0,2,1,0,차대차 - 측면직각충돌,교차로운행방법위반,건조,맑음,교차로 - 교차로안,화물,남,30세,경상,승용,여,28세,중상
2012060600100077,2012년 6월 6일 03시,수요일,충청남도 논산시 취암동,부상신고사고,0,0,0,1,차대차 - 기타,신호위반,건조,맑음,교차로 - 교차로안,원동기,남,22세,부상신고,승용,남,23세,상해없음
2012060600100094,2012년 6월 6일 04시,수요일,충청남도 아산시 배방읍,경상사고,0,0,2,0,차대사람 - 기타,안전운전불이행,건조,맑음,단일로 - 기타,승용,남,36세,상해없음,보행자,남,27세,경상
2012060600100112,2012년 6월 6일 05시,수요일,충청남도 태안군 태안읍,중상사고,0,1,0,0,차대차 - 측면직각충돌,신호위반,건조,맑음,교차로 - 교차로안,승용,남,23세,기타불명,특수,남,53세,중상
2012060600100121,2012년 6월 6일 06시,수요일,충청남도 홍성군 홍동면,경상사고,0,0,1,0,차량단독 - 공작물충돌,안전운전불이행,건조,맑음,단일로 - 기타,승용,남,51세,경상,,,,
2012060600100203,2012년 6월 6일 10시,수요일,충청남도 금산군 남일면,중상사고,0,1,0,0,차대차 - 정면충돌,교차로운행방법위반,건조,맑음,교차로 - 교차로부근,이륜,남,77세,중상,건설기계,남,53세,상해없음
2012060600100271,2012년 6월 6일 13시,수요일,충청남도 천안시 서북구 직산읍,중상사고,0,1,0,0,차대사람 - 기타,안전운전불이행,건조,맑음,단일로 - 기타,화물,남,57세,상해없음,보행자,남,28세,중상
2012060600100335,2012년 6월 6일 15시,수요일,충청남도 천안시 서북구 성정동,경상사고,0,0,1,0,차대차 - 추돌 - 주정차중,안전운전불이행,건조,맑음,단일로 - 기타,승용,남,47세,기타불명,승용,남,60세,경상
2012060600100405,2012년 6월 6일 17시,수요일,충청남도 보령시 명천동,경상사고,0,0,1,0,차대차 - 기타,안전운전불이행,건조,맑음,단일로 - 기타,승용,여,34세,기타불명,자전거,남,56세,경상
2012060600100474,2012년 6월 6일 19시,수요일,충청남도 연기군 조치원읍,중상사고,0,1,0,0,차대사람 - 기타,안전운전불이행,건조,맑음,기타 - 기타,자전거,남,59세,상해없음,보행자,남,71세,중상
2012060600100508,2012년 6월 6일 20시,수요일,충청남도 아산시 배방읍,경상사고,0,0,2,0,차대차 - 추돌 - 진행중,안전운전불이행,건조,맑음,단일로 - 기타,승용,남,51세,상해없음,승용,남,49세,경상
2012060600100509,2012년 6월 6일 20시,수요일,충청남도 당진시 읍내리,중상사고,0,1,0,0,차대사람 - 기타,안전운전불이행,건조,맑음,단일로 - 기타,승용,남,62세,상해없음,보행자,남,49세,중상
2012060600100543,2012년 6월 6일 21시,수요일,충청남도 천안시 서북구 쌍용동,경상사고,0,0,1,0,차대사람 - 기타,안전운전불이행,건조,맑음,기타 - 기타,승용,남,65세,상해없음,보행자,남,50세,경상
2012060600100544,2012년 6월 6일 21시,수요일,충청남도 보령시 남포면,경상사고,0,0,4,0,차대차 - 측면직각충돌,안전운전불이행,건조,맑음,단일로 - 기타,기타불명,기타불명,기타불명,기타불명,승합,남,42세,경상
2012060600100575,2012년 6월 6일 23시,수요일,충청남도 천안시 동남구 문화동,중상사고,0,1,0,0,차대사람 - 길가장자리구역통행중,안전운전불이행,건조,맑음,단일로 - 기타,승용,남,46세,상해없음,보행자,남,63세,중상
2012060700100005,2012년 6월 7일 00시,목요일,충청남도 아산시 용화동,경상사고,0,0,1,0,차대차 - 추돌 - 진행중,안전운전불이행,건조,맑음,기타 - 기타,승용,기타불명,기타불명,기타불명,승용,남,38세,경상
2012060700100010,2012년 6월 7일 01시,목요일,충청남도 천안시 서북구 업성동,경상사고,0,0,1,0,차대차 - 추돌 - 진행중,안전운전불이행,건조,맑음,단일로 - 기타,화물,남,32세,상해없음,승용,여,52세,경상
2012060700100059,2012년 6월 7일 06시,목요일,충청남도 청양군 정산면,중상사고,0,2,0,0,차대차 - 측면직각충돌,안전운전불이행,건조,맑음,교차로 - 교차로안,화물,남,21세,중상,화물,남,46세,중상
2012060700100119,2012년 6월 7일 08시,목요일,충청남도 천안시 서북구 성거읍,경상사고,0,0,1,0,차대차 - 측면직각충돌,안전운전불이행,건조,맑음,교차로 - 교차로안,승용,여,45세,상해없음,승용,여,46세,경상
2012060700100120,2012년 6월 7일 08시,목요일,충청남도 천안시 동남구 풍세면,중상사고,0,1,0,0,차대차 - 측면직각충돌,신호위반,건조,맑음,교차로 - 교차로안,승용,남,52세,상해없음,승용,여,45세,중상
2012060700100197,2012년 6월 7일 10시,목요일,충청남도 연기군 남면,경상사고,0,0,3,0,차대차 - 추돌 - 진행중,안전거리미확보,건조,맑음,교차로 - 교차로부근,건설기계,남,31세,상해없음,화물,여,31세,경상
2012060700100227,2012년 6월 7일 11시,목요일,충청남도 홍성군 은하면,중상사고,0,1,0,0,차대차 - 측면직각충돌,안전운전불이행,건조,맑음,단일로 - 기타,화물,남,71세,상해없음,이륜,남,52세,중상
2012060700100265,2012년 6월 7일 12시,목요일,충청남도 서천군 종천면,경상사고,0,0,1,0,차량단독 - 공작물충돌,안전운전불이행,건조,맑음,단일로 - 기타,승용,남,53세,상해없음,,,,
2012060700100291,2012년 6월 7일 13시,목요일,충청남도 예산군 예산읍,중상사고,0,1,1,0,차대차 - 측면직각충돌,안전운전불이행,건조,맑음,교차로 - 교차로부근,이륜,남,44세,중상,승용,남,47세,경상
2012060700100311,2012년 6월 7일 14시,목요일,충청남도 논산시 성동면,경상사고,0,0,1,0,차대차 - 기타,교차로운행방법위반,건조,맑음,교차로 - 교차로안,원동기,남,64세,경상,승용,남,51세,상해없음
2012060700100312,2012년 6월 7일 14시,목요일,충청남도 서천군 장항읍,중상사고,0,1,0,0,차대차 - 기타,안전운전불이행,건조,맑음,단일로 - 기타,자전거,남,75세,중상,화물,남,57세,상해없음
2012060700100335,2012년 6월 7일 15시,목요일,충청남도 태안군 소원면,중상사고,0,2,0,0,차대차 - 기타,교차로운행방법위반,건조,맑음,교차로 - 교차로안,승용,남,34세,상해없음,화물,남,56세,중상
2012060700100373,2012년 6월 7일 16시,목요일,충청남도 아산시 온천동,경상사고,0,0,1,0,차대차 - 측면직각충돌,안전거리미확보,건조,맑음,단일로 - 기타,승용,남,55세,상해없음,승합,남,37세,경상
2012060700100526,2012년 6월 7일 20시,목요일,충청남도 천안시 서북구 불당동,경상사고,0,0,1,0,차대사람 - 기타,안전운전불이행,건조,맑음,교차로 - 교차로안,승용,남,26세,상해없음,보행자,남,28세,경상
2012060700100562,2012년 6월 7일 21시,목요일,충청남도 예산군 예산읍,중상사고,0,1,0,0,차대차 - 측면직각충돌,신호위반,건조,맑음,교차로 - 교차로안,승용,여,48세,상해없음,승용,남,74세,중상
2012060700100591,2012년 6월 7일 22시,목요일,충청남도 천안시 동남구 성남면,경상사고,0,0,3,0,차대차 - 추돌 - 진행중,안전운전불이행,건조,맑음,교차로 - 교차로부근,승용,남,30세,상해없음,승합,남,44세,상해없음
2012060700100623,2012년 6월 7일 23시,목요일,충청남도 천안시 서북구 쌍용동,경상사고,0,0,1,0,차대차 - 추돌 - 진행중,안전운전불이행,건조,맑음,교차로 - 교차로부근,승용,남,51세,기타불명,승용,여,44세,경상
2012060800100055,2012년 6월 8일 02시,금요일,충청남도 천안시 동남구 신부동,사망사고,1,0,1,0,차대차 - 정면충돌,안전운전불이행,건조,맑음,단일로 - 터널,승용,남,27세,경상,승용,남,66세,사망
2012060800100069,2012년 6월 8일 03시,금요일,충청남도 논산시 노성면,중상사고,0,1,1,0,차량단독 - 공작물충돌,안전운전불이행,건조,맑음,단일로 - 기타,승용,남,33세,상해없음,,,,
2012060800100070,2012년 6월 8일 03시,금요일,충청남도 보령시 신흑동,중상사고,0,1,1,0,차량단독 - 공작물충돌,안전운전불이행,건조,맑음,교차로 - 교차로안,승용,남,45세,경상,,,,
2012060800100121,2012년 6월 8일 07시,금요일,충청남도 서천군 판교면,중상사고,0,1,0,0,차대차 - 기타,직진우회전진행방해,습기,비,교차로 - 교차로안,승용,남,42세,상해없음,이륜,남,73세,중상
2012060800100154,2012년 6월 8일 08시,금요일,충청남도 홍성군 홍북면,중상사고,0,1,0,0,차대차 - 측면직각충돌,안전운전불이행,건조,맑음,단일로 - 기타,화물,남,51세,상해없음,자전거,남,91세,중상
2012060800100251,2012년 6월 8일 11시,금요일,충청남도 서천군 장항읍,중상사고,0,1,1,0,차대차 - 기타,중앙선침범,습기,비,단일로 - 기타,화물,남,45세,상해없음,승용,남,51세,경상
2012060800100252,2012년 6월 8일 11시,금요일,충청남도 예산군 삽교읍,경상사고,0,0,2,0,차량단독 - 도로외이탈 - 기타,안전운전불이행,습기,비,단일로 - 기타,원동기,여,16세,경상,,,,
2012060800100253,2012년 6월 8일 11시,금요일,충청남도 천안시 동남구 성황동,경상사고,0,0,1,0,차대차 - 측면직각충돌,교차로운행방법위반,습기,맑음,교차로 - 교차로안,승용,남,79세,상해없음,승용,남,51세,경상
2012060800100275,2012년 6월 8일 12시,금요일,충청남도 예산군 오가면,경상사고,0,0,1,0,차량단독 - 전도전복,안전운전불이행,습기,비,단일로 - 기타,이륜,남,71세,경상,,,,
2012060800100305,2012년 6월 8일 13시,금요일,충청남도 천안시 동남구 신부동,경상사고,0,0,5,0,차대차 - 추돌 - 진행중,교차로운행방법위반,건조,맑음,교차로 - 교차로안,승합,남,54세,상해없음,승용,남,44세,경상
2012060800100341,2012년 6월 8일 14시,금요일,충청남도 서산시 양대동,경상사고,0,0,1,0,차대차 - 기타,안전운전불이행,건조,맑음,단일로 - 기타,화물,남,69세,상해없음,원동기,남,54세,경상
2012060800100342,2012년 6월 8일 14시,금요일,충청남도 천안시 서북구 백석동,중상사고,0,1,0,0,차대차 - 추돌 - 주정차중,안전운전불이행,습기,비,교차로 - 교차로부근,승용,남,59세,상해없음,승용,남,51세,중상
2012060800100343,2012년 6월 8일 14시,금요일,충청남도 논산시 연무읍,중상사고,0,1,0,0,차량단독 - 기타,안전운전불이행,습기,비,단일로 - 기타,승합,남,44세,상해없음,,,,
2012060800100344,2012년 6월 8일 14시,금요일,충청남도 공주시 신관동,중상사고,0,2,0,0,차대차 - 기타,안전운전불이행,습기,비,교차로 - 교차로부근,화물,남,49세,상해없음,건설기계,여,58세,기타불명
2012060800100377,2012년 6월 8일 15시,금요일,충청남도 예산군 예산읍,중상사고,0,1,0,0,차대차 - 측면직각충돌,중앙선침범,습기,비,교차로 - 교차로부근,승용,여,34세,상해없음,자전거,남,74세,중상
2012060800100378,2012년 6월 8일 15시,금요일,충청남도 부여군 부여읍,중상사고,0,1,0,0,차대사람 - 횡단중,보행자보호의무위반,건조,맑음,단일로 - 기타,화물,남,61세,상해없음,보행자,남,73세,중상
2012060800100421,2012년 6월 8일 16시,금요일,충청남도 서산시 읍내동,중상사고,0,1,0,0,차대차 - 측면직각충돌,교차로운행방법위반,건조,맑음,교차로 - 교차로안,승용,여,41세,상해없음,자전거,남,14세,중상
2012060800100422,2012년 6월 8일 16시,금요일,충청남도 천안시 동남구 오룡동,중상사고,0,1,0,0,차대차 - 추돌 - 진행중,안전운전불이행,건조,맑음,단일로 - 기타,이륜,남,44세,중상,승용,남,39세,상해없음
2012060800100423,2012년 6월 8일 16시,금요일,충청남도 천안시 동남구 원성동,경상사고,0,0,1,0,차대사람 - 기타,안전운전불이행,건조,맑음,단일로 - 기타,승용,남,39세,기타불명,보행자,남,12세,경상
2012060800100517,2012년 6월 8일 18시,금요일,충청남도 태안군 이원면,중상사고,0,4,0,0,차대차 - 정면충돌,안전운전불이행,건조,맑음,단일로 - 기타,화물,남,59세,상해없음,승합,남,49세,상해없음
2012060800100609,2012년 6월 8일 20시,금요일,충청남도 천안시 서북구 성정동,경상사고,0,0,1,0,차대차 - 기타,안전운전불이행,건조,맑음,기타 - 기타,승용,남,59세,상해없음,승용,여,29세,경상
2012060800100610,2012년 6월 8일 20시,금요일,충청남도 아산시 염치읍,중상사고,0,1,0,0,차대차 - 정면충돌,중앙선침범,건조,맑음,단일로 - 기타,화물,남,49세,상해없음,이륜,남,20세,중상
2012060800100708,2012년 6월 8일 22시,금요일,충청남도 천안시 서북구 백석동,경상사고,0,0,1,0,차대차 - 추돌 - 주정차중,안전운전불이행,건조,맑음,기타 - 기타,승용,여,55세,상해없음,승용,여,44세,경상
2012060800100709,2012년 6월 8일 22시,금요일,충청남도 보령시 죽정동,중상사고,0,1,0,1,차대차 - 기타,직진우회전진행방해,건조,맑음,교차로 - 교차로안,승용,남,52세,부상신고,승용,여,55세,중상
2012060800100710,2012년 6월 8일 22시,금요일,충청남도 보령시 내항동,중상사고,0,1,2,0,차대차 - 기타,중앙선침범,건조,맑음,단일로 - 기타,승용,남,18세,경상,화물,남,39세,중상
2012060800100711,2012년 6월 8일 22시,금요일,충청남도 금산군 금산읍,경상사고,0,0,1,0,차대사람 - 횡단중,안전운전불이행,건조,맑음,단일로 - 횡단보도부근,승용,남,48세,상해없음,보행자,여,8세,경상
2012060800100712,2012년 6월 8일 22시,금요일,충청남도 천안시 동남구 신부동,경상사고,0,0,1,0,차대차 - 측면직각충돌,교차로운행방법위반,건조,맑음,교차로 - 교차로안,원동기,남,30세,경상,승용,여,47세,상해없음