사고번호,사고일시,요일,시군구,사고내용,사망자수,중상자수,경상자수,부상신고자수,사고유형,법규위반,노면상태,기상상태,도로형태,가해운전자 차종,가해운전자 성별,가해운전자 연령,가해운전자 상해정도,피해운전자 차종,피해운전자 성별,피해운전자 연령,피해운전자 상해정도
2012060900100065,2012년 6월 9일 03시,토요일,충청남도 서산시 대산읍,중상사고,0,1,0,0,차대차 - 기타,안전운전불이행,건조,맑음,교차로 - 교차로부근,원동기,남,43세,중상,승용,여,40세,상해없음
2012060900100144,2012년 6월 9일 08시,토요일,충청남도 공주시 정안면,중상사고,0,1,3,0,차대차 - 기타,안전운전불이행,건조,맑음,단일로 - 기타,승용,여,33세,상해없음,승용,남,47세,경상
2012060900100172,2012년 6월 9일 09시,토요일,충청남도 보령시 남포면,사망사고,1,7,10,0,차대차 - 정면충돌,중앙선침범,건조,맑음,단일로 - 기타,화물,남,56세,사망,승합,남,37세,중상
2012060900100173,2012년 6월 9일 09시,토요일,충청남도 공주시 이인면,경상사고,0,0,5,0,차대차 - 기타,안전운전불이행,건조,맑음,기타 - 기타,승용,남,49세,상해없음,승합,남,56세,경상
2012060900100240,2012년 6월 9일 11시,토요일,충청남도 부여군 부여읍,중상사고,0,1,0,0,차대사람 - 기타,신호위반,건조,맑음,단일로 - 기타,승용,남,34세,상해없음,보행자,여,32세,중상
2012060900100241,2012년 6월 9일 11시,토요일,충청남도 천안시 동남구 신부동,중상사고,0,1,0,1,차대차 - 추돌 - 진행중,안전운전불이행,건조,맑음,기타 - 기타,승용,남,53세,상해없음,이륜,남,21세,중상
2012060900100280,2012년 6월 9일 12시,토요일,충청남도 논산시 연산면,경상사고,0,0,1,0,차대차 - 측면직각충돌,중앙선침범,건조,맑음,단일로 - 기타,화물,남,54세,상해없음,화물,남,36세,경상
2012060900100281,2012년 6월 9일 12시,토요일,충청남도 금산군 진산면,중상사고,0,1,0,0,차대사람 - 횡단중,안전운전불이행,건조,맑음,교차로 - 교차로안,화물,남,51세,상해없음,보행자,남,9세,중상
2012060900100314,2012년 6월 9일 13시,토요일,충청남도 서산시 고북면,사망사고,1,1,0,0,차대차 - 측면직각충돌,신호위반,건조,맑음,교차로 - 교차로안,승용,남,47세,상해없음,원동기,남,59세,사망
2012060900100315,2012년 6월 9일 13시,토요일,충청남도 금산군 복수면,중상사고,0,1,1,0,차대차 - 측면직각충돌,직진우회전진행방해,건조,맑음,교차로 - 교차로안,화물,남,75세,상해없음,화물,남,47세,경상
2012060900100345,2012년 6월 9일 14시,토요일,충청남도 천안시 서북구 쌍용동,경상사고,0,0,1,0,차대사람 - 기타,안전운전불이행,건조,맑음,단일로 - 기타,승용,남,30세,기타불명,보행자,여,68세,경상
2012060900100383,2012년 6월 9일 15시,토요일,충청남도 천안시 서북구 성환읍,중상사고,0,1,0,0,차대차 - 측면직각충돌,교차로운행방법위반,건조,맑음,교차로 - 교차로안,화물,남,52세,상해없음,원동기,남,67세,중상
2012060900100415,2012년 6월 9일 16시,토요일,충청남도 아산시 배방읍,경상사고,0,0,1,0,차대차 - 추돌 - 진행중,안전운전불이행,건조,맑음,교차로 - 교차로부근,승용,남,33세,기타불명,화물,남,41세,경상
2012060900100416,2012년 6월 9일 16시,토요일,충청남도 금산군 금산읍,중상사고,0,1,0,0,차대차 - 측면직각충돌,안전운전불이행,건조,맑음,교차로 - 교차로안,이륜,남,21세,상해없음,이륜,남,50세,중상
2012060900100447,2012년 6월 9일 17시,토요일,충청남도 천안시 서북구 성거읍,부상신고사고,0,0,0,1,차대차 - 추돌 - 주정차중,안전운전불이행,건조,맑음,교차로 - 교차로부근,승용,남,43세,부상신고,화물,남,43세,기타불명
2012060900100448,2012년 6월 9일 17시,토요일,충청남도 논산시 연무읍,경상사고,0,0,2,0,차대차 - 측면직각충돌,중앙선침범,건조,맑음,교차로 - 교차로부근,화물,여,56세,경상,화물,남,63세,경상
2012060900100478,2012년 6월 9일 18시,토요일,충청남도 천안시 서북구 쌍용동,경상사고,0,0,1,0,차대차 - 기타,안전운전불이행,건조,맑음,교차로 - 교차로부근,승용,남,22세,상해없음,자전거,남,11세,경상
2012060900100479,2012년 6월 9일 18시,토요일,충청남도 천안시 동남구 대흥동,경상사고,0,0,1,0,차대사람 - 기타,안전운전불이행,건조,맑음,단일로 - 기타,기타불명,기타불명,기타불명,기타불명,보행자,남,55세,경상
2012060900100482,2012년 6월 9일 18시,토요일,충청남도 서천군 서면,경상사고,0,0,3,0,차대차 - 기타,안전운전불이행,건조,맑음,단일로 - 기타,승용,여,42세,상해없음,승용,여,27세,경상
2012060900100519,2012년 6월 9일 19시,토요일,충청남도 태안군 남면,중상사고,0,3,0,0,차대차 - 정면충돌,안전운전불이행,건조,맑음,단일로 - 기타,승용,남,38세,기타불명,승용,남,70세,중상
2012060900100520,2012년 6월 9일 19시,토요일,충청남도 아산시 방축동,경상사고,0,0,2,0,차대차 - 측면직각충돌,교차로운행방법위반,건조,맑음,교차로 - 교차로안,승용,남,73세,상해없음,승용,여,39세,경상
2012060900100606,2012년 6월 9일 22시,토요일,충청남도 천안시 서북구 백석동,경상사고,0,0,1,0,차대차 - 추돌 - 진행중,안전운전불이행,건조,맑음,단일로 - 기타,승용,남,46세,상해없음,승용,남,44세,상해없음
2012060900100607,2012년 6월 9일 22시,토요일,충청남도 천안시 서북구 부대동,부상신고사고,0,0,0,1,차량단독 - 기타,안전운전불이행,건조,맑음,단일로 - 기타,원동기,남,46세,부상신고,,,,
2012060900100638,2012년 6월 9일 23시,토요일,충청남도 논산시 연무읍,경상사고,0,0,1,0,차대차 - 추돌 - 진행중,안전운전불이행,건조,맑음,단일로 - 기타,화물,남,75세,상해없음,화물,남,40세,경상
2012061000100012,2012년 6월 10일 00시,일요일,충청남도 아산시 온천동,경상사고,0,0,1,0,차대차 - 추돌 - 주정차중,안전운전불이행,건조,맑음,단일로 - 기타,승용,남,40세,상해없음,승합,남,46세,경상
2012061000100013,2012년 6월 10일 00시,일요일,충청남도 보령시 동대동,경상사고,0,0,2,0,차대차 - 측면직각충돌,신호위반,건조,맑음,교차로 - 교차로안,승용,남,23세,상해없음,승용,여,29세,경상
2012061000100014,2012년 6월 10일 00시,일요일,충청남도 금산군 추부면,경상사고,0,0,1,0,차대차 - 측면직각충돌,기타,건조,맑음,단일로 - 기타,승용,남,19세,상해없음,승용,남,18세,경상
2012061000100035,2012년 6월 10일 01시,일요일,충청남도 태안군 원북면,경상사고,0,0,1,0,차량단독 - 도로외이탈 - 추락,안전운전불이행,건조,맑음,단일로 - 기타,승용,남,35세,경상,,,,
2012061000100036,2012년 6월 10일 01시,일요일,충청남도 천안시 동남구 병천면,중상사고,0,1,0,0,차량단독 - 도로외이탈 - 기타,안전운전불이행,건조,맑음,단일로 - 기타,승용,여,50세,상해없음,,,,
2012061000100057,2012년 6월 10일 02시,일요일,충청남도 당진시 송악읍,경상사고,0,0,1,0,차대사람 - 기타,안전운전불이행,건조,맑음,단일로 - 기타,승용,여,49세,상해없음,보행자,남,51세,경상
2012061000100073,2012년 6월 10일 04시,일요일,충청남도 천안시 서북구 쌍용동,경상사고,0,0,1,1,차대차 - 추돌 - 주정차중,안전운전불이행,건조,맑음,교차로 - 교차로부근,승합,여,42세,상해없음,승용,남,44세,경상
2012061000100114,2012년 6월 10일 07시,일요일,충청남도 천안시 동남구 목천읍,경상사고,0,0,1,0,차대사람 - 길가장자리구역통행중,안전운전불이행,건조,맑음,단일로 - 기타,승용,여,51세,상해없음,보행자,여,71세,경상
2012061000100165,2012년 6월 10일 10시,일요일,충청남도 논산시 연무읍,중상사고,0,1,0,0,차량단독 - 공작물충돌,안전운전불이행,건조,맑음,단일로 - 횡단보도부근,승용,남,32세,중상,,,,
2012061000100166,2012년 6월 10일 10시,일요일,충청남도 공주시 탄천면,중상사고,0,1,1,0,차대차 - 측면직각충돌,교차로운행방법위반,건조,맑음,교차로 - 교차로안,승용,여,32세,상해없음,승합,남,55세,경상
2012061000100167,2012년 6월 10일 10시,일요일,충청남도 연기군 조치원읍,경상사고,0,0,1,0,차대차 - 정면충돌,안전운전불이행,건조,맑음,단일로 - 기타,승용,여,60세,상해없음,자전거,남,29세,경상
2012061000100191,2012년 6월 10일 11시,일요일,충청남도 천안시 서북구 쌍용동,경상사고,0,0,1,0,차대차 - 추돌 - 주정차중,안전운전불이행,건조,맑음,교차로 - 교차로부근,승용,남,23세,상해없음,승용,남,24세,상해없음
2012061000100252,2012년 6월 10일 13시,일요일,충청남도 서산시 성연면,사망사고,1,0,0,0,차량단독 - 공작물충돌,안전운전불이행,건조,맑음,단일로 - 기타,승용,남,76세,사망,,,,
2012061000100279,2012년 6월 10일 14시,일요일,충청남도 서산시 팔봉면,중상사고,0,1,0,0,차대사람 - 차도통행중,안전운전불이행,건조,맑음,단일로 - 기타,승용,여,47세,상해없음,보행자,남,44세,중상
2012061000100280,2012년 6월 10일 14시,일요일,충청남도 공주시 신풍면,사망사고,1,0,0,0,차량단독 - 공작물충돌,안전운전불이행,건조,맑음,단일로 - 기타,승용,남,61세,사망,,,,
2012061000100303,2012년 6월 10일 15시,일요일,충청남도 청양군 운곡면,중상사고,0,2,0,0,차대차 - 측면직각충돌,중앙선침범,건조,맑음,단일로 - 기타,화물,남,29세,중상,승용,여,50세,중상
2012061000100338,2012년 6월 10일 16시,일요일,충청남도 서산시 동문동,경상사고,0,0,1,0,차대사람 - 차도통행중,안전운전불이행,건조,맑음,단일로 - 기타,승용,여,45세,상해없음,보행자,여,65세,경상
2012061000100381,2012년 6월 10일 17시,일요일,충청남도 천안시 서북구 성성동,경상사고,0,0,1,0,차대사람 - 기타,불법유턴,건조,맑음,단일로 - 기타,화물,남,40세,상해없음,보행자,남,49세,경상
2012061000100382,2012년 6월 10일 17시,일요일,충청남도 부여군 외산면,중상사고,0,2,0,0,차대차 - 측면직각충돌,안전운전불이행,건조,맑음,단일로 - 기타,화물,남,45세,상해없음,화물,남,64세,중상
2012061000100383,2012년 6월 10일 17시,일요일,충청남도 천안시 동남구 신부동,경상사고,0,0,2,0,차대차 - 측면직각충돌,기타,건조,맑음,교차로 - 교차로안,승용,여,45세,경상,승용,남,28세,경상
2012061000100419,2012년 6월 10일 18시,일요일,충청남도 홍성군 구항면,중상사고,0,1,1,0,차량단독 - 공작물충돌,안전운전불이행,건조,맑음,단일로 - 기타,승용,남,22세,중상,,,,
2012061000100454,2012년 6월 10일 19시,일요일,충청남도 천안시 서북구 입장면,경상사고,0,0,2,0,차대차 - 기타,안전운전불이행,건조,맑음,단일로 - 기타,승합,남,57세,상해없음,승합,남,59세,경상
2012061000100481,2012년 6월 10일 20시,일요일,충청남도 연기군 조치원읍,경상사고,0,0,2,0,차대사람 - 횡단중,안전운전불이행,건조,맑음,단일로 - 기타,이륜,남,31세,경상,보행자,남,41세,경상
2012061000100482,2012년 6월 10일 20시,일요일,충청남도 천안시 동남구 용곡동,경상사고,0,0,3,0,차대차 - 추돌 - 진행중,안전운전불이행,건조,맑음,교차로 - 교차로부근,승용,남,26세,상해없음,승용,남,31세,경상
2012061000100521,2012년 6월 10일 21시,일요일,충청남도 천안시 서북구 성거읍,경상사고,0,0,1,0,차대차 - 기타,안전운전불이행,건조,맑음,교차로 - 교차로안,기타불명,기타불명,기타불명,기타불명,원동기,남,16세,경상
2012061000100522,2012년 6월 10일 21시,일요일,충청남도 천안시 서북구 성거읍,중상사고,0,1,0,0,차대차 - 기타,신호위반,건조,맑음,교차로 - 교차로부근,화물,남,39세,상해없음,승용,남,45세,중상
2012061000100523,2012년 6월 10일 21시,일요일,충청남도 공주시 유구읍,중상사고,0,1,0,0,차대차 - 기타,안전거리미확보,건조,맑음,단일로 - 기타,승합,남,35세,상해없음,승용,여,40세,중상
2012061100100028,2012년 6월 11일 01시,월요일,충청남도 예산군 삽교읍,중상사고,0,2,0,0,차대차 - 기타,중앙선침범,건조,맑음,단일로 - 기타,기타불명,기타불명,기타불명,기타불명,승용,남,56세,중상
2012061100100038,2012년 6월 11일 02시,월요일,충청남도 서산시 읍내동,중상사고,0,1,0,0,차대차 - 측면직각충돌,안전운전불이행,건조,맑음,단일로 - 기타,승용,남,23세,상해없음,승용,남,50세,중상
2012061100100056,2012년 6월 11일 05시,월요일,충청남도 천안시 서북구 성정동,경상사고,0,0,1,0,차대차 - 측면직각충돌,차로위반,건조,맑음,단일로 - 기타,승용,남,32세,상해없음,승용,남,56세,경상
2012061100100072,2012년 6월 11일 06시,월요일,충청남도 천안시 서북구 쌍용동,경상사고,0,0,1,0,차대사람 - 기타,안전운전불이행,건조,맑음,단일로 - 기타,이륜,남,16세,상해없음,보행자,남,71세,경상
2012061100100092,2012년 6월 11일 07시,월요일,충청남도 천안시 서북구 성거읍,경상사고,0,0,1,0,차대차 - 추돌 - 주정차중,안전거리미확보,건조,맑음,교차로 - 교차로부근,승용,남,51세,상해없음,승용,남,35세,경상
2012061100100093,2012년 6월 11일 07시,월요일,충청남도 금산군 남일면,중상사고,0,2,0,0,차대차 - 측면직각충돌,직진우회전진행방해,건조,맑음,교차로 - 교차로안,승용,여,42세,중상,건설기계,남,53세,중상
2012061100100127,2012년 6월 11일 08시,월요일,충청남도 공주시 봉황동,경상사고,0,0,1,0,차대사람 - 기타,안전운전불이행,건조,맑음,단일로 - 기타,승용,남,41세,상해없음,보행자,남,30세,경상
2012061100100148,2012년 6월 11일 09시,월요일,충청남도 예산군 고덕면,중상사고,0,1,0,0,차대차 - 측면직각충돌,기타,건조,맑음,교차로 - 교차로안,화물,남,27세,상해없음,농기계,남,58세,중상
2012061100100201,2012년 6월 11일 11시,월요일,충청남도 공주시 의당면,중상사고,0,1,0,0,차대사람 - 기타,안전운전불이행,건조,맑음,단일로 - 기타,승용,기타불명,기타불명,기타불명,보행자,여,81세,중상
2012061100100202,2012년 6월 11일 11시,월요일,충청남도 예산군 대술면,경상사고,0,0,1,0,차대차 - 기타,안전거리미확보,건조,맑음,교차로 - 교차로부근,화물,남,54세,기타불명,승용,여,42세,경상
2012061100100223,2012년 6월 11일 12시,월요일,충청남도 서산시 지곡면,중상사고,0,7,2,0,차대차 - 측면직각충돌,신호위반,건조,맑음,교차로 - 교차로안,승용,남,22세,중상,승합,남,48세,중상
2012061100100247,2012년 6월 11일 13시,월요일,충청남도 서산시 읍내동,중상사고,0,1,1,0,차대차 - 측면직각충돌,안전운전불이행,건조,맑음,기타 - 기타,승용,여,53세,상해없음,승용,남,69세,경상
2012061100100248,2012년 6월 11일 13시,월요일,충청남도 보령시 대천동,중상사고,0,1,0,0,차대차 - 기타,기타,건조,흐림,교차로 - 교차로부근,승용,여,34세,상해없음,자전거,여,43세,중상
2012061100100274,2012년 6월 11일 14시,월요일,충청남도 금산군 금산읍,중상사고,0,4,0,0,차대차 - 측면직각충돌,직진우회전진행방해,건조,맑음,교차로 - 교차로안,승용,여,50세,중상,승용,남,67세,중상
2012061100100308,2012년 6월 11일 15시,월요일,충청남도 금산군 금산읍,중상사고,0,2,0,0,차대차 - 측면직각충돌,교차로운행방법위반,건조,흐림,교차로 - 교차로안,이륜,남,61세,중상,이륜,여,70세,중상
2012061100100340,2012년 6월 11일 16시,월요일,충청남도 서산시 인지면,중상사고,0,2,0,0,차대차 - 정면충돌,안전운전불이행,건조,맑음,교차로 - 교차로안,승용,여,53세,중상,승용,여,62세,중상
2012061100100341,2012년 6월 11일 16시,월요일,충청남도 천안시 동남구 용곡동,중상사고,0,1,0,0,차대사람 - 횡단중,신호위반,건조,맑음,교차로 - 교차로안,승합,남,60세,상해없음,보행자,남,11세,중상
2012061100100377,2012년 6월 11일 17시,월요일,충청남도 천안시 서북구 두정동,경상사고,0,0,1,0,차대차 - 기타,안전운전불이행,건조,맑음,교차로 - 교차로부근,기타불명,기타불명,기타불명,기타불명,승용,여,49세,경상
2012061100100378,2012년 6월 11일 17시,월요일,충청남도 천안시 서북구 백석동,경상사고,0,0,1,0,차대사람 - 기타,안전운전불이행,건조,맑음,단일로 - 기타,기타불명,기타불명,기타불명,기타불명,보행자,남,7세,경상
2012061100100379,2012년 6월 11일 17시,월요일,충청남도 금산군 금산읍,경상사고,0,0,1,0,차대차 - 측면직각충돌,안전운전불이행,건조,맑음,교차로 - 교차로안,승용,여,32세,상해없음,이륜,남,69세,경상
2012061100100423,2012년 6월 11일 18시,월요일,충청남도 논산시 내동,경상사고,0,0,3,0,차대차 - 추돌 - 주정차중,안전운전불이행,건조,흐림,교차로 - 교차로부근,화물,남,44세,상해없음,승용,여,33세,경상
2012061100100424,2012년 6월 11일 18시,월요일,충청남도 아산시 장존동,경상사고,0,0,1,0,차대차 - 기타,안전운전불이행,건조,맑음,기타 - 기타,기타불명,기타불명,기타불명,기타불명,자전거,남,13세,경상
2012061100100459,2012년 6월 11일 19시,월요일,충청남도 연기군 조치원읍,중상사고,0,1,0,0,차대차 - 측면직각충돌,직진우회전진행방해,건조,맑음,교차로 - 교차로안,승용,여,52세,상해없음,원동기,남,34세,중상
2012061100100490,2012년 6월 11일 20시,월요일,충청남도 예산군 삽교읍,중상사고,0,1,0,0,차대사람 - 기타,안전운전불이행,습기,비,단일로 - 기타,승용,남,47세,상해없음,보행자,남,79세,중상
2012061200100026,2012년 6월 12일 01시,화요일,충청남도 당진시 수청리,중상사고,0,1,0,0,차대사람 - 횡단중,안전운전불이행,건조,맑음,단일로 - 기타,승용,남,23세,상해없음,보행자,남,34세,중상
2012061200100130,2012년 6월 12일 08시,화요일,충청남도 부여군 세도면,사망사고,1,0,3,0,차대차 - 정면충돌,중앙선침범,건조,맑음,단일로 - 기타,건설기계,남,53세,사망,승용,남,64세,상해없음
2012061200100166,2012년 6월 12일 09시,화요일,충청남도 예산군 예산읍,중상사고,0,1,1,0,차대차 - 추돌 - 주정차중,안전거리미확보,건조,맑음,교차로 - 교차로부근,화물,남,29세,상해없음,승용,남,57세,경상
2012061200100167,2012년 6월 12일 09시,화요일,충청남도 부여군 부여읍,경상사고,0,0,1,0,차대사람 - 기타,안전운전불이행,건조,맑음,단일로 - 기타,이륜,남,83세,상해없음,보행자,여,82세,경상
2012061200100193,2012년 6월 12일 10시,화요일,충청남도 서천군 서천읍,중상사고,0,1,0,0,차대차 - 기타,직진우회전진행방해,건조,맑음,교차로 - 교차로안,승용,여,57세,상해없음,이륜,남,73세,중상
2012061200100220,2012년 6월 12일 11시,화요일,충청남도 천안시 서북구 성정동,경상사고,0,0,1,0,차대차 - 추돌 - 주정차중,안전운전불이행,건조,맑음,교차로 - 교차로부근,승용,남,28세,상해없음,승용,남,57세,경상
2012061200100221,2012년 6월 12일 11시,화요일,충청남도 예산군 삽교읍,중상사고,0,1,2,0,차대차 - 추돌 - 주정차중,안전운전불이행,건조,맑음,단일로 - 기타,승용,여,49세,상해없음,화물,남,35세,경상
2012061200100305,2012년 6월 12일 14시,화요일,충청남도 부여군 양화면,사망사고,1,0,0,0,차대차 - 측면직각충돌,안전운전불이행,건조,맑음,단일로 - 기타,이륜,남,68세,사망,특수,남,37세,상해없음
2012061200100306,2012년 6월 12일 14시,화요일,충청남도 청양군 청양읍,중상사고,0,1,0,0,차대사람 - 차도통행중,보행자보호의무위반,건조,맑음,단일로 - 횡단보도상,승용,남,39세,상해없음,보행자,남,8세,중상
2012061200100307,2012년 6월 12일 14시,화요일,충청남도 천안시 동남구 병천면,경상사고,0,0,1,0,차대차 - 측면직각충돌,중앙선침범,건조,맑음,단일로 - 기타,승합,남,40세,기타불명,승합,남,41세,경상
2012061200100336,2012년 6월 12일 15시,화요일,충청남도 연기군 금남면,경상사고,0,0,2,0,차량단독 - 전도전복,안전운전불이행,건조,맑음,교차로 - 교차로부근,원동기,남,66세,경상,,,,
2012061200100369,2012년 6월 12일 16시,화요일,충청남도 천안시 서북구 불당동,경상사고,0,0,1,0,차대사람 - 횡단중,안전운전불이행,건조,맑음,기타 - 기타,승용,남,41세,상해없음,보행자,남,11세,경상
2012061200100370,2012년 6월 12일 16시,화요일,충청남도 천안시 동남구 대흥동,중상사고,0,1,0,0,차대사람 - 횡단중,보행자보호의무위반,습기,흐림,단일로 - 기타,승용,여,53세,상해없음,보행자,여,62세,중상
2012061200100397,2012년 6월 12일 17시,화요일,충청남도 아산시 배방읍,경상사고,0,0,1,0,차대차 - 기타,안전운전불이행,건조,맑음,기타 - 기타,승용,남,17세,기타불명,승용,남,31세,경상
2012061200100398,2012년 6월 12일 17시,화요일,충청남도 천안시 동남구 신방동,경상사고,0,0,5,0,차대차 - 기타,안전운전불이행,건조,맑음,교차로 - 교차로안,승용,여,74세,경상,승합,남,51세,상해없음
2012061200100431,2012년 6월 12일 18시,화요일,충청남도 금산군 복수면,중상사고,0,1,0,0,차대차 - 측면직각충돌,중앙선침범,습기,비,교차로 - 교차로부근,승용,남,50세,상해없음,승용,남,49세,중상
2012061200100478,2012년 6월 12일 19시,화요일,충청남도 서산시 갈산동,중상사고,0,1,0,0,차대차 - 추돌 - 주정차중,안전운전불이행,건조,맑음,교차로 - 교차로부근,승용,남,42세,상해없음,승용,남,26세,중상
2012061200100545,2012년 6월 12일 21시,화요일,충청남도 아산시 모종동,경상사고,0,0,1,0,차대차 - 측면직각충돌,안전운전불이행,건조,맑음,교차로 - 교차로부근,승용,여,48세,상해없음,승용,여,49세,경상
2012061200100546,2012년 6월 12일 21시,화요일,충청남도 청양군 남양면,중상사고,0,1,0,0,차대차 - 측면직각충돌,직진우회전진행방해,건조,맑음,교차로 - 교차로안,승용,여,55세,상해없음,이륜,남,29세,중상
2012061200100610,2012년 6월 12일 23시,화요일,충청남도 천안시 동남구 목천읍,중상사고,0,1,1,0,차대사람 - 기타,안전운전불이행,건조,맑음,단일로 - 기타,승합,남,52세,상해없음,보행자,남,38세,중상
2012061300100007,2012년 6월 13일 00시,수요일,충청남도 천안시 동남구 병천면,중상사고,0,1,0,0,차대사람 - 길가장자리구역통행중,안전운전불이행,건조,맑음,단일로 - 기타,승용,남,46세,상해없음,보행자,남,37세,중상
2012061300100033,2012년 6월 13일 01시,수요일,충청남도 천안시 서북구 쌍용동,중상사고,0,1,2,0,차대차 - 추돌 - 진행중,안전운전불이행,건조,맑음,교차로 - 교차로안,승용,남,36세,중상,승용,여,23세,경상
2012061300100078,2012년 6월 13일 05시,수요일,충청남도 천안시 동남구 원성동,중상사고,0,2,1,0,차대차 - 측면직각충돌,안전운전불이행,건조,맑음,교차로 - 교차로부근,승용,남,25세,기타불명,승용,남,41세,경상
2012061300100079,2012년 6월 13일 05시,수요일,충청남도 천안시 동남구 원성동,경상사고,0,0,1,0,차대차 - 추돌 - 진행중,안전운전불이행,건조,맑음,단일로 - 기타,화물,남,55세,상해없음,화물,남,38세,상해없음
2012061300100105,2012년 6월 13일 07시,수요일,충청남도 서천군 서천읍,경상사고,0,0,1,0,차대차 - 기타,안전운전불이행,건조,맑음,단일로 - 기타,승용,남,27세,상해없음,자전거,남,76세,경상
2012061300100151,2012년 6월 13일 09시,수요일,충청남도 보령시 신흑동,중상사고,0,1,0,0,차대사람 - 기타,안전운전불이행,건조,맑음,단일로 - 기타,승용,남,67세,상해없음,보행자,남,26세,중상
2012061300100174,2012년 6월 13일 10시,수요일,충청남도 홍성군 구항면,경상사고,0,0,1,0,차대차 - 측면직각충돌,신호위반,건조,맑음,교차로 - 교차로안,승용,여,34세,상해없음,승용,남,46세,경상
2012061300100196,2012년 6월 13일 11시,수요일,충청남도 아산시 방축동,중상사고,0,5,1,0,차대차 - 측면직각충돌,신호위반,건조,맑음,교차로 - 교차로안,승용,남,61세,경상,승용,남,44세,중상
2012061300100197,2012년 6월 13일 11시,수요일,충청남도 연기군 조치원읍,중상사고,0,1,0,0,차대차 - 측면직각충돌,안전운전불이행,건조,맑음,기타 - 기타,화물,남,58세,상해없음,원동기,남,46세,중상
2012061300100244,2012년 6월 13일 13시,수요일,충청남도 천안시 서북구 쌍용동,중상사고,0,1,2,0,차대차 - 기타,차로위반,건조,맑음,교차로 - 교차로부근,승용,여,70세,중상,승용,여,37세,경상
2012061300100354,2012년 6월 13일 16시,수요일,충청남도 천안시 동남구 신방동,중상사고,0,1,3,0,차대차 - 추돌 - 진행중,안전거리미확보,건조,맑음,단일로 - 기타,화물,남,48세,상해없음,승용,남,42세,경상
2012061300100400,2012년 6월 13일 17시,수요일,충청남도 논산시 내동,경상사고,0,0,2,0,차대차 - 추돌 - 주정차중,안전운전불이행,건조,맑음,단일로 - 기타,승용,남,50세,상해없음,승용,남,40세,경상
2012061300100401,2012년 6월 13일 17시,수요일,충청남도 서천군 장항읍,경상사고,0,0,1,0,차대차 - 기타,안전운전불이행,건조,맑음,교차로 - 교차로부근,승합,남,40세,상해없음,자전거,남,77세,경상
2012061300100448,2012년 6월 13일 18시,수요일,충청남도 논산시 광석면,중상사고,0,1,0,0,차대차 - 측면직각충돌,교차로운행방법위반,건조,맑음,교차로 - 교차로안,승용,남,34세,상해없음,승용,남,26세,중상
2012061300100449,2012년 6월 13일 18시,수요일,충청남도 당진시 송악읍,경상사고,0,0,1,0,차대차 - 기타,안전운전불이행,건조,맑음,단일로 - 기타,화물,남,51세,상해없음,원동기,남,34세,경상
2012061300100475,2012년 6월 13일 19시,수요일,충청남도 천안시 서북구 성거읍,경상사고,0,0,1,0,차대차 - 추돌 - 주정차중,안전운전불이행,건조,맑음,단일로 - 기타,승합,남,37세,상해없음,승용,여,56세,경상
2012061300100476,2012년 6월 13일 19시,수요일,충청남도 당진시 대덕리,경상사고,0,0,2,0,차대차 - 기타,교차로운행방법위반,건조,맑음,교차로 - 교차로안,승용,남,56세,상해없음,승용,남,38세,경상
2012061300100508,2012년 6월 13일 20시,수요일,충청남도 천안시 서북구 성정동,중상사고,0,1,1,0,차대차 - 추돌 - 주정차중,안전운전불이행,건조,맑음,단일로 - 기타,승용,남,59세,상해없음,승용,남,29세,경상
2012061300100509,2012년 6월 13일 20시,수요일,충청남도 당진시 송악읍,경상사고,0,0,2,0,차대차 - 추돌 - 진행중,안전운전불이행,건조,맑음,단일로 - 기타,화물,남,60세,상해없음,승용,남,30세,경상
2012061300100550,2012년 6월 13일 21시,수요일,충청남도 예산군 예산읍,경상사고,0,0,1,0,차대차 - 측면직각충돌,신호위반,건조,맑음,교차로 - 교차로안,승용,남,69세,상해없음,승용,남,36세,경상
2012061300100551,2012년 6월 13일 21시,수요일,충청남도 예산군 봉산면,중상사고,0,1,0,0,차대차 - 기타,안전운전불이행,건조,맑음,단일로 - 기타,이륜,남,66세,중상,승용,남,28세,기타불명
2012061300100586,2012년 6월 13일 22시,수요일,충청남도 공주시 계룡면,중상사고,0,1,0,0,차대차 - 기타,안전거리미확보,건조,맑음,단일로 - 기타,승용,남,36세,중상,화물,남,47세,상해없음
2012061300100587,2012년 6월 13일 22시,수요일,충청남도 청양군 청양읍,경상사고,0,0,1,0,차량단독 - 기타,안전운전불이행,건조,맑음,단일로 - 기타,이륜,남,48세,경상,,,,
2012061300100614,2012년 6월 13일 23시,수요일,충청남도 아산시 모종동,중상사고,0,1,0,0,차대사람 - 기타,기타,건조,맑음,교차로 - 교차로안,승용,남,41세,상해없음,보행자,여,50세,중상
2012061300100615,2012년 6월 13일 23시,수요일,충청남도 공주시 신관동,중상사고,0,1,1,0,차대차 - 기타,중앙선침범,건조,맑음,교차로 - 교차로부근,자전거,남,27세,중상,이륜,남,18세,경상
2012061300100616,2012년 6월 13일 23시,수요일,충청남도 부여군 임천면,사망사고,1,0,0,0,차량단독 - 도로외이탈 - 기타,안전운전불이행,기타,맑음,기타 - 기타,이륜,남,40세,사망,,,,
2012061400100024,2012년 6월 14일 01시,목요일,충청남도 논산시 은진면,중상사고,0,1,0,0,차대사람 - 기타,안전운전불이행,건조,맑음,단일로 - 기타,화물,남,59세,상해없음,보행자,남,21세,중상