사고번호,사고일시,요일,시군구,사고내용,사망자수,중상자수,경상자수,부상신고자수,사고유형,법규위반,노면상태,기상상태,도로형태,가해운전자 차종,가해운전자 성별,가해운전자 연령,가해운전자 상해정도,피해운전자 차종,피해운전자 성별,피해운전자 연령,피해운전자 상해정도
2012061400100104,2012년 6월 14일 07시,목요일,충청남도 천안시 서북구 백석동,경상사고,0,0,1,0,차대차 - 기타,안전거리미확보,건조,맑음,기타 - 기타,승용,남,25세,경상,승용,남,48세,상해없음
2012061400100171,2012년 6월 14일 09시,목요일,충청남도 서산시 대산읍,중상사고,0,1,0,0,차대차 - 측면직각충돌,교차로운행방법위반,건조,맑음,교차로 - 교차로안,승합,남,53세,상해없음,화물,남,54세,중상
2012061400100172,2012년 6월 14일 09시,목요일,충청남도 당진시 순성면,중상사고,0,1,0,0,차대차 - 추돌 - 진행중,안전운전불이행,건조,맑음,단일로 - 기타,승용,여,56세,상해없음,자전거,남,61세,중상
2012061400100173,2012년 6월 14일 09시,목요일,충청남도 금산군 제원면,경상사고,0,0,1,0,차량단독 - 전도전복,안전운전불이행,습기,맑음,미분류 - 미분류,이륜,남,36세,경상,,,,
2012061400100224,2012년 6월 14일 11시,목요일,충청남도 서산시 고북면,중상사고,0,1,0,0,차대차 - 측면직각충돌,교차로운행방법위반,건조,맑음,교차로 - 교차로안,화물,남,42세,상해없음,원동기,여,71세,중상
2012061400100249,2012년 6월 14일 12시,목요일,충청남도 서산시 부석면,중상사고,0,3,1,0,차대차 - 측면직각충돌,중앙선침범,건조,맑음,단일로 - 기타,승용,남,58세,상해없음,승용,여,29세,중상
2012061400100276,2012년 6월 14일 13시,목요일,충청남도 아산시 배방읍,경상사고,0,0,1,0,차대차 - 기타,안전운전불이행,건조,맑음,미분류 - 미분류,승합,남,58세,상해없음,승합,남,52세,경상
2012061400100301,2012년 6월 14일 14시,목요일,충청남도 논산시 연산면,중상사고,0,1,0,0,차대차 - 추돌 - 주정차중,안전운전불이행,건조,맑음,단일로 - 교량,이륜,남,80세,상해없음,승용,여,37세,상해없음
2012061400100398,2012년 6월 14일 17시,목요일,충청남도 천안시 동남구 신부동,경상사고,0,0,1,0,차대차 - 측면직각충돌,안전운전불이행,건조,맑음,단일로 - 기타,승용,남,38세,상해없음,이륜,남,53세,경상
2012061400100445,2012년 6월 14일 18시,목요일,충청남도 천안시 동남구 구성동,경상사고,0,0,2,0,차대차 - 기타,안전운전불이행,건조,맑음,단일로 - 기타,승용,남,43세,상해없음,승용,여,51세,경상
2012061400100512,2012년 6월 14일 20시,목요일,충청남도 보령시 동대동,중상사고,0,1,0,0,차대사람 - 횡단중,안전운전불이행,건조,맑음,교차로 - 교차로부근,이륜,남,24세,상해없음,보행자,남,57세,중상
2012061400100513,2012년 6월 14일 20시,목요일,충청남도 부여군 세도면,경상사고,0,0,1,0,차대사람 - 횡단중,안전운전불이행,건조,맑음,단일로 - 기타,승용,남,42세,상해없음,보행자,남,53세,경상
2012061400100541,2012년 6월 14일 21시,목요일,충청남도 공주시 이인면,중상사고,0,4,2,0,차대차 - 추돌 - 진행중,안전운전불이행,건조,맑음,단일로 - 기타,승용,남,52세,중상,승용,남,43세,경상
2012061400100575,2012년 6월 14일 22시,목요일,충청남도 당진시 송악읍,경상사고,0,0,1,0,차대차 - 기타,안전운전불이행,건조,맑음,단일로 - 기타,승용,남,49세,상해없음,승용,남,42세,상해없음
2012061400100576,2012년 6월 14일 22시,목요일,충청남도 천안시 동남구 안서동,중상사고,0,2,1,0,차대차 - 측면직각충돌,중앙선침범,건조,맑음,단일로 - 기타,승용,남,22세,중상,승용,남,38세,경상
2012061500100035,2012년 6월 15일 01시,금요일,충청남도 연기군 조치원읍,경상사고,0,0,1,0,차대차 - 측면직각충돌,신호위반,건조,맑음,교차로 - 교차로안,화물,여,45세,상해없음,화물,남,59세,경상
2012061500100100,2012년 6월 15일 07시,금요일,충청남도 천안시 서북구 차암동,경상사고,0,0,1,0,차대차 - 기타,안전운전불이행,건조,맑음,교차로 - 교차로부근,승용,남,52세,상해없음,승용,남,29세,경상
2012061500100101,2012년 6월 15일 07시,금요일,충청남도 천안시 서북구 두정동,중상사고,0,1,0,0,차대차 - 기타,차로위반,건조,맑음,단일로 - 기타,승용,여,70세,기타불명,원동기,남,45세,중상
2012061500100141,2012년 6월 15일 08시,금요일,충청남도 부여군 규암면,중상사고,0,1,0,0,차대차 - 측면직각충돌,직진우회전진행방해,건조,맑음,교차로 - 교차로안,승용,여,28세,상해없음,화물,남,48세,중상
2012061500100142,2012년 6월 15일 08시,금요일,충청남도 금산군 금산읍,경상사고,0,0,1,0,차대차 - 측면직각충돌,교차로운행방법위반,건조,맑음,교차로 - 교차로안,승용,여,30세,상해없음,이륜,남,53세,경상
2012061500100166,2012년 6월 15일 09시,금요일,충청남도 천안시 서북구 두정동,경상사고,0,0,2,0,차대차 - 측면직각충돌,안전운전불이행,건조,맑음,교차로 - 교차로안,승용,남,61세,상해없음,승용,남,23세,경상
2012061500100167,2012년 6월 15일 09시,금요일,충청남도 논산시 부창동,중상사고,0,1,0,0,차대차 - 추돌 - 주정차중,안전운전불이행,건조,맑음,교차로 - 교차로부근,화물,남,44세,상해없음,화물,남,62세,중상
2012061500100168,2012년 6월 15일 09시,금요일,충청남도 당진시 석문면,중상사고,0,1,0,0,차대차 - 측면직각충돌,교차로운행방법위반,건조,맑음,교차로 - 교차로안,승용,남,69세,상해없음,승용,남,36세,중상
2012061500100204,2012년 6월 15일 10시,금요일,충청남도 서천군 서면,경상사고,0,0,2,0,차대차 - 기타,안전운전불이행,건조,맑음,단일로 - 기타,승합,남,46세,경상,승용,남,64세,경상
2012061500100205,2012년 6월 15일 10시,금요일,충청남도 당진시 사기소리,사망사고,1,0,0,0,차대차 - 기타,신호위반,건조,맑음,교차로 - 교차로안,자전거,남,83세,사망,승용,남,77세,상해없음
2012061500100236,2012년 6월 15일 11시,금요일,충청남도 태안군 남면,중상사고,0,1,0,0,차대차 - 기타,신호위반,건조,맑음,교차로 - 교차로안,화물,남,50세,상해없음,승합,남,51세,상해없음
2012061500100258,2012년 6월 15일 12시,금요일,충청남도 서산시 동문동,중상사고,0,1,0,0,차대차 - 측면직각충돌,직진우회전진행방해,건조,맑음,교차로 - 교차로안,원동기,남,77세,상해없음,원동기,여,54세,중상
2012061500100259,2012년 6월 15일 12시,금요일,충청남도 서산시 갈산동,중상사고,0,1,0,0,차대차 - 기타,중앙선침범,건조,맑음,단일로 - 기타,기타불명,기타불명,기타불명,기타불명,승용,남,35세,중상
2012061500100285,2012년 6월 15일 13시,금요일,충청남도 청양군 정산면,중상사고,0,1,0,0,차대사람 - 기타,안전운전불이행,건조,맑음,단일로 - 기타,승용,남,33세,상해없음,보행자,여,92세,중상
2012061500100286,2012년 6월 15일 13시,금요일,충청남도 천안시 동남구 목천읍,경상사고,0,0,1,0,차대차 - 측면직각충돌,안전운전불이행,건조,맑음,교차로 - 교차로부근,승용,남,53세,상해없음,승합,남,55세,경상
2012061500100365,2012년 6월 15일 15시,금요일,충청남도 보령시 남포면,경상사고,0,0,1,0,차량단독 - 공작물충돌,안전운전불이행,건조,맑음,교차로 - 교차로부근,화물,남,61세,경상,,,,
2012061500100366,2012년 6월 15일 15시,금요일,충청남도 보령시 성주면,경상사고,0,0,2,0,차대차 - 추돌 - 진행중,안전운전불이행,건조,맑음,교차로 - 교차로안,특수,남,32세,상해없음,승용,여,58세,경상
2012061500100402,2012년 6월 15일 16시,금요일,충청남도 금산군 금산읍,경상사고,0,0,1,0,차대차 - 측면직각충돌,직진우회전진행방해,습기,비,교차로 - 교차로안,화물,남,51세,상해없음,이륜,남,57세,경상
2012061500100498,2012년 6월 15일 18시,금요일,충청남도 홍성군 광천읍,경상사고,0,0,1,0,차대사람 - 기타,안전운전불이행,건조,맑음,단일로 - 교량,원동기,여,57세,상해없음,보행자,여,2세,경상
2012061500100499,2012년 6월 15일 18시,금요일,충청남도 보령시 주교면,중상사고,0,1,0,0,차대차 - 측면직각충돌,중앙선침범,건조,맑음,단일로 - 기타,이륜,남,61세,중상,화물,남,37세,상해없음
2012061500100587,2012년 6월 15일 20시,금요일,충청남도 천안시 동남구 목천읍,중상사고,0,1,0,0,차대사람 - 기타,중앙선침범,건조,맑음,단일로 - 기타,화물,여,58세,기타불명,보행자,남,55세,중상
2012061500100695,2012년 6월 15일 22시,금요일,충청남도 천안시 서북구 두정동,부상신고사고,0,0,0,1,차대사람 - 기타,안전운전불이행,건조,맑음,교차로 - 교차로안,승용,여,28세,상해없음,보행자,남,57세,부상신고
2012061500100696,2012년 6월 15일 22시,금요일,충청남도 천안시 서북구 백석동,중상사고,0,1,0,0,차대사람 - 횡단중,안전운전불이행,건조,맑음,교차로 - 교차로안,승용,남,32세,상해없음,보행자,남,16세,중상
2012061500100697,2012년 6월 15일 22시,금요일,충청남도 보령시 명천동,중상사고,0,1,2,0,차대차 - 기타,중앙선침범,건조,맑음,교차로 - 교차로부근,승용,남,47세,상해없음,승용,여,41세,중상
2012061500100698,2012년 6월 15일 22시,금요일,충청남도 보령시 웅천읍,경상사고,0,0,1,0,차대차 - 기타,중앙선침범,건조,맑음,교차로 - 교차로부근,승용,기타불명,기타불명,기타불명,승용,여,27세,경상
2012061500100741,2012년 6월 15일 23시,금요일,충청남도 천안시 서북구 백석동,경상사고,0,0,2,0,차대차 - 추돌 - 주정차중,안전운전불이행,건조,맑음,교차로 - 교차로부근,승용,남,23세,상해없음,승용,여,44세,경상
2012061600100021,2012년 6월 16일 00시,토요일,충청남도 천안시 서북구 백석동,경상사고,0,0,1,0,차대차 - 추돌 - 주정차중,안전운전불이행,건조,맑음,교차로 - 교차로부근,승용,남,37세,상해없음,승용,남,56세,경상
2012061600100067,2012년 6월 16일 01시,토요일,충청남도 천안시 서북구 쌍용동,경상사고,0,0,1,0,차대차 - 측면직각충돌,안전운전불이행,건조,맑음,단일로 - 기타,승용,남,38세,상해없음,승용,남,31세,경상
2012061600100096,2012년 6월 16일 02시,토요일,충청남도 아산시 배방읍,사망사고,1,0,0,0,차대사람 - 횡단중,안전운전불이행,건조,맑음,단일로 - 기타,승용,남,33세,상해없음,보행자,남,36세,사망
2012061600100128,2012년 6월 16일 04시,토요일,충청남도 천안시 동남구 원성동,중상사고,0,1,0,0,차대차 - 기타,안전운전불이행,건조,맑음,교차로 - 교차로부근,승용,남,32세,상해없음,자전거,남,54세,중상
2012061600100150,2012년 6월 16일 06시,토요일,충청남도 서산시 동문동,중상사고,0,1,0,0,차대차 - 측면직각충돌,신호위반,건조,맑음,교차로 - 교차로안,승용,남,49세,상해없음,화물,남,39세,중상
2012061600100194,2012년 6월 16일 08시,토요일,충청남도 서산시 잠홍동,중상사고,0,1,0,0,차대차 - 측면직각충돌,안전운전불이행,건조,맑음,단일로 - 기타,승용,여,32세,상해없음,이륜,여,62세,중상
2012061600100195,2012년 6월 16일 08시,토요일,충청남도 서천군 종천면,경상사고,0,0,2,0,차대차 - 기타,직진우회전진행방해,건조,맑음,교차로 - 교차로안,승용,남,57세,경상,승용,여,51세,경상
2012061600100244,2012년 6월 16일 10시,토요일,충청남도 청양군 비봉면,중상사고,0,2,0,0,차대차 - 추돌 - 주정차중,안전운전불이행,건조,맑음,단일로 - 기타,화물,남,46세,상해없음,승용,남,52세,중상
2012061600100310,2012년 6월 16일 12시,토요일,충청남도 부여군 부여읍,경상사고,0,0,2,0,차대차 - 측면직각충돌,중앙선침범,건조,맑음,단일로 - 기타,승용,남,52세,상해없음,승용,여,23세,경상
2012061600100385,2012년 6월 16일 14시,토요일,충청남도 서산시 읍내동,중상사고,0,1,0,1,차대차 - 측면직각충돌,신호위반,건조,맑음,교차로 - 교차로안,승용,남,70세,상해없음,승용,남,39세,상해없음
2012061600100386,2012년 6월 16일 14시,토요일,충청남도 계룡시 엄사면,경상사고,0,0,2,0,차대차 - 추돌 - 주정차중,안전운전불이행,건조,맑음,단일로 - 기타,승용,남,53세,상해없음,승용,여,39세,경상
2012061600100387,2012년 6월 16일 14시,토요일,충청남도 논산시 부창동,중상사고,0,1,0,0,차대차 - 측면직각충돌,교차로운행방법위반,건조,맑음,교차로 - 교차로안,승용,남,51세,상해없음,화물,여,59세,중상
2012061600100388,2012년 6월 16일 14시,토요일,충청남도 논산시 취암동,경상사고,0,0,1,0,차대사람 - 횡단중,안전운전불이행,건조,맑음,단일로 - 횡단보도상,기타불명,기타불명,기타불명,기타불명,보행자,여,12세,경상
2012061600100421,2012년 6월 16일 15시,토요일,충청남도 천안시 동남구 안서동,경상사고,0,0,2,0,차대차 - 측면직각충돌,안전운전불이행,건조,맑음,단일로 - 기타,승용,남,54세,상해없음,승용,남,37세,경상
2012061600100445,2012년 6월 16일 16시,토요일,충청남도 보령시 대천동,중상사고,0,1,0,0,차대차 - 기타,안전운전불이행,건조,맑음,단일로 - 기타,자전거,남,12세,중상,승용,여,40세,상해없음
2012061600100518,2012년 6월 16일 18시,토요일,충청남도 금산군 금산읍,중상사고,0,1,0,0,차대차 - 측면직각충돌,교차로운행방법위반,건조,맑음,교차로 - 교차로안,승용,남,50세,상해없음,이륜,남,37세,중상
2012061600100573,2012년 6월 16일 20시,토요일,충청남도 공주시 옥룡동,중상사고,0,1,0,0,차대사람 - 횡단중,신호위반,건조,맑음,단일로 - 횡단보도상,승용,여,50세,상해없음,보행자,여,49세,중상
2012061600100574,2012년 6월 16일 20시,토요일,충청남도 연기군 남면,사망사고,1,0,0,0,차대차 - 정면충돌,중앙선침범,건조,흐림,단일로 - 기타,이륜,남,52세,사망,승용,남,37세,상해없음
2012061600100605,2012년 6월 16일 21시,토요일,충청남도 논산시 강경읍,사망사고,1,2,2,0,차대차 - 정면충돌,중앙선침범,건조,맑음,미분류 - 미분류,승용,남,56세,사망,승용,남,49세,중상
2012061600100606,2012년 6월 16일 21시,토요일,충청남도 홍성군 홍동면,중상사고,0,1,0,0,차대차 - 기타,중앙선침범,건조,맑음,단일로 - 기타,승용,남,41세,상해없음,승용,남,35세,중상
2012061600100607,2012년 6월 16일 21시,토요일,충청남도 보령시 신흑동,중상사고,0,1,0,0,차대사람 - 차도통행중,안전운전불이행,건조,맑음,교차로 - 교차로안,승용,남,36세,상해없음,보행자,남,43세,중상
2012061600100608,2012년 6월 16일 21시,토요일,충청남도 부여군 은산면,중상사고,0,1,4,0,차대차 - 측면직각충돌,교차로운행방법위반,건조,맑음,교차로 - 교차로안,승용,남,48세,상해없음,승용,남,39세,경상
2012061600100609,2012년 6월 16일 21시,토요일,충청남도 천안시 동남구 신방동,경상사고,0,0,1,0,차대사람 - 보도통행중,신호위반,건조,맑음,단일로 - 기타,원동기,남,17세,상해없음,보행자,남,4세,경상
2012061700100147,2012년 6월 17일 09시,일요일,충청남도 천안시 동남구 수신면,경상사고,0,0,1,0,차대사람 - 기타,안전운전불이행,건조,맑음,기타 - 기타,승용,남,48세,상해없음,보행자,남,62세,경상
2012061700100165,2012년 6월 17일 10시,일요일,충청남도 태안군 근흥면,중상사고,0,1,0,0,차대차 - 측면직각충돌,안전운전불이행,건조,맑음,교차로 - 교차로안,승용,여,50세,상해없음,원동기,남,80세,중상
2012061700100187,2012년 6월 17일 11시,일요일,충청남도 천안시 동남구 안서동,중상사고,0,2,7,0,차대차 - 추돌 - 주정차중,안전운전불이행,건조,맑음,단일로 - 기타,승용,남,67세,상해없음,승용,남,38세,경상
2012061700100215,2012년 6월 17일 12시,일요일,충청남도 서산시 인지면,경상사고,0,0,3,0,차대차 - 측면직각충돌,직진우회전진행방해,건조,맑음,교차로 - 교차로안,승용,여,61세,경상,승용,남,39세,경상
2012061700100235,2012년 6월 17일 13시,일요일,충청남도 천안시 서북구 성거읍,중상사고,0,1,5,0,차대차 - 추돌 - 주정차중,안전운전불이행,건조,맑음,단일로 - 기타,승용,남,29세,중상,승용,남,61세,경상
2012061700100263,2012년 6월 17일 14시,일요일,충청남도 서산시 대산읍,중상사고,0,8,2,0,차대차 - 측면직각충돌,직진우회전진행방해,건조,맑음,교차로 - 교차로안,승합,남,69세,중상,건설기계,남,39세,중상
2012061700100264,2012년 6월 17일 14시,일요일,충청남도 홍성군 홍북면,경상사고,0,0,4,0,차대차 - 측면직각충돌,기타,건조,맑음,교차로 - 교차로안,승용,남,42세,상해없음,승용,여,49세,경상
2012061700100265,2012년 6월 17일 14시,일요일,충청남도 금산군 진산면,경상사고,0,0,1,0,차대사람 - 기타,안전운전불이행,건조,맑음,단일로 - 기타,승용,남,44세,상해없음,보행자,남,8세,경상
2012061700100322,2012년 6월 17일 16시,일요일,충청남도 홍성군 구항면,사망사고,1,0,0,0,차량단독 - 공작물충돌,안전운전불이행,건조,맑음,단일로 - 기타,승합,남,21세,사망,,,,
2012061700100346,2012년 6월 17일 17시,일요일,충청남도 태안군 안면읍,경상사고,0,0,1,0,차량단독 - 전도전복,안전운전불이행,건조,맑음,단일로 - 기타,이륜,여,41세,경상,,,,
2012061700100369,2012년 6월 17일 18시,일요일,충청남도 천안시 동남구 풍세면,경상사고,0,0,1,0,차대차 - 기타,안전운전불이행,건조,맑음,단일로 - 기타,기타불명,기타불명,기타불명,기타불명,승용,여,48세,경상
2012061700100404,2012년 6월 17일 19시,일요일,충청남도 홍성군 홍성읍,경상사고,0,0,1,0,차대차 - 기타,차로위반,건조,맑음,교차로 - 교차로부근,화물,남,58세,상해없음,승용,남,42세,경상
2012061700100405,2012년 6월 17일 19시,일요일,충청남도 예산군 응봉면,경상사고,0,0,1,0,차량단독 - 전도전복,안전운전불이행,건조,맑음,단일로 - 기타,이륜,남,72세,경상,,,,
2012061700100428,2012년 6월 17일 20시,일요일,충청남도 서산시 인지면,경상사고,0,0,2,0,차대차 - 측면직각충돌,안전운전불이행,건조,맑음,교차로 - 교차로안,화물,남,61세,상해없음,승용,여,40세,경상
2012061700100429,2012년 6월 17일 20시,일요일,충청남도 공주시 우성면,중상사고,0,1,0,0,차대사람 - 횡단중,신호위반,건조,맑음,단일로 - 기타,승용,남,27세,상해없음,보행자,남,58세,중상
2012061700100430,2012년 6월 17일 20시,일요일,충청남도 청양군 청양읍,경상사고,0,0,1,0,차대차 - 측면직각충돌,중앙선침범,건조,맑음,단일로 - 기타,화물,남,59세,상해없음,승용,여,27세,경상
2012061700100431,2012년 6월 17일 20시,일요일,충청남도 천안시 동남구 신부동,경상사고,0,0,1,0,차대차 - 추돌 - 진행중,안전운전불이행,건조,맑음,단일로 - 횡단보도부근,승용,여,33세,상해없음,승용,남,29세,경상
2012061700100459,2012년 6월 17일 21시,일요일,충청남도 논산시 강경읍,경상사고,0,0,1,0,차대차 - 기타,중앙선침범,건조,맑음,단일로 - 기타,화물,기타불명,기타불명,기타불명,이륜,남,54세,경상
2012061700100460,2012년 6월 17일 21시,일요일,충청남도 보령시 명천동,중상사고,0,4,0,0,차량단독 - 공작물충돌,안전운전불이행,건조,맑음,교차로 - 교차로부근,승용,여,45세,중상,,,,
2012061700100493,2012년 6월 17일 22시,일요일,충청남도 논산시 강경읍,중상사고,0,1,0,1,차대차 - 측면직각충돌,신호위반,건조,맑음,교차로 - 교차로안,승용,남,43세,부상신고,화물,남,36세,중상
2012061700100494,2012년 6월 17일 22시,일요일,충청남도 공주시 산성동,경상사고,0,0,6,0,차대차 - 추돌 - 진행중,안전운전불이행,건조,맑음,단일로 - 기타,승용,남,39세,상해없음,승용,남,51세,경상
2012061800100008,2012년 6월 18일 00시,월요일,충청남도 계룡시 엄사면,경상사고,0,0,1,0,차대사람 - 기타,안전운전불이행,건조,맑음,단일로 - 기타,승용,남,48세,상해없음,보행자,남,48세,경상
2012061800100083,2012년 6월 18일 07시,월요일,충청남도 천안시 동남구 병천면,중상사고,0,1,0,0,차량단독 - 공작물충돌,안전운전불이행,건조,맑음,교차로 - 교차로부근,승용,남,22세,상해없음,,,,
2012061800100116,2012년 6월 18일 08시,월요일,충청남도 예산군 예산읍,중상사고,0,1,2,0,차대차 - 측면직각충돌,중앙선침범,건조,맑음,단일로 - 기타,승용,여,44세,중상,화물,남,54세,경상
2012061800100153,2012년 6월 18일 09시,월요일,충청남도 서산시 동문동,중상사고,0,1,0,0,차대차 - 측면직각충돌,교차로운행방법위반,건조,맑음,교차로 - 교차로안,승용,여,43세,상해없음,이륜,남,77세,중상
2012061800100154,2012년 6월 18일 09시,월요일,충청남도 금산군 금산읍,중상사고,0,1,0,0,차대사람 - 횡단중,안전운전불이행,건조,맑음,단일로 - 기타,승용,남,64세,상해없음,보행자,여,61세,중상
2012061800100183,2012년 6월 18일 10시,월요일,충청남도 부여군 외산면,사망사고,1,0,0,0,차대차 - 정면충돌,안전운전불이행,건조,맑음,교차로 - 교차로안,이륜,남,46세,사망,건설기계,남,51세,상해없음
2012061800100184,2012년 6월 18일 10시,월요일,충청남도 천안시 동남구 신부동,사망사고,1,0,0,0,차대사람 - 횡단중,안전운전불이행,건조,맑음,단일로 - 기타,승용,남,45세,상해없음,보행자,남,74세,사망
2012061800100208,2012년 6월 18일 11시,월요일,충청남도 천안시 서북구 성정동,경상사고,0,0,3,0,차대차 - 기타,중앙선침범,건조,맑음,교차로 - 교차로안,승용,남,35세,경상,승용,남,43세,경상
2012061800100209,2012년 6월 18일 11시,월요일,충청남도 논산시 연무읍,경상사고,0,0,1,0,차대사람 - 횡단중,보행자보호의무위반,건조,맑음,단일로 - 횡단보도상,이륜,남,81세,상해없음,보행자,여,53세,경상
2012061800100249,2012년 6월 18일 13시,월요일,충청남도 청양군 운곡면,중상사고,0,1,1,0,차대사람 - 기타,안전운전불이행,건조,맑음,단일로 - 기타,화물,남,56세,상해없음,보행자,여,59세,경상
2012061800100298,2012년 6월 18일 15시,월요일,충청남도 보령시 명천동,경상사고,0,0,2,0,차대차 - 추돌 - 진행중,안전운전불이행,건조,맑음,교차로 - 교차로안,화물,남,49세,경상,건설기계,남,32세,경상
2012061800100299,2012년 6월 18일 15시,월요일,충청남도 연기군 남면,경상사고,0,0,1,0,차대차 - 측면직각충돌,신호위반,건조,맑음,교차로 - 교차로안,승용,남,39세,상해없음,승용,남,56세,경상
2012061800100300,2012년 6월 18일 15시,월요일,충청남도 천안시 동남구 구성동,중상사고,0,1,2,0,차대차 - 추돌 - 진행중,안전운전불이행,건조,흐림,단일로 - 기타,화물,남,53세,상해없음,승용,남,60세,경상
2012061800100365,2012년 6월 18일 17시,월요일,충청남도 천안시 서북구 쌍용동,경상사고,0,0,1,0,차대사람 - 기타,안전운전불이행,건조,흐림,단일로 - 기타,승용,남,38세,상해없음,보행자,여,62세,경상
2012061800100411,2012년 6월 18일 18시,월요일,충청남도 태안군 소원면,중상사고,0,1,0,0,차대차 - 측면직각충돌,직진우회전진행방해,건조,맑음,교차로 - 교차로안,승용,남,50세,상해없음,화물,남,34세,중상
2012061800100412,2012년 6월 18일 18시,월요일,충청남도 연기군 조치원읍,중상사고,0,1,0,0,차대사람 - 횡단중,보행자보호의무위반,건조,맑음,교차로 - 교차로부근,승용,여,39세,상해없음,보행자,여,10세,중상
2012061800100454,2012년 6월 18일 19시,월요일,충청남도 태안군 원북면,중상사고,0,1,0,0,차대차 - 측면직각충돌,직진우회전진행방해,건조,맑음,단일로 - 기타,농기계,남,60세,상해없음,이륜,남,52세,중상
2012061800100455,2012년 6월 18일 19시,월요일,충청남도 부여군 세도면,중상사고,0,2,0,0,차대차 - 정면충돌,안전운전불이행,건조,맑음,단일로 - 기타,승용,여,50세,중상,승용,여,47세,중상
2012061800100456,2012년 6월 18일 19시,월요일,충청남도 천안시 동남구 신부동,경상사고,0,0,1,0,차대차 - 기타,안전운전불이행,건조,맑음,교차로 - 교차로안,원동기,남,23세,경상,승용,남,49세,상해없음
2012061800100581,2012년 6월 18일 22시,월요일,충청남도 아산시 용화동,경상사고,0,0,2,0,차대차 - 추돌 - 진행중,안전운전불이행,건조,맑음,교차로 - 교차로부근,화물,남,32세,상해없음,승용,남,48세,경상
2012061900100009,2012년 6월 19일 00시,화요일,충청남도 논산시 내동,경상사고,0,0,1,0,차대차 - 정면충돌,중앙선침범,건조,맑음,단일로 - 기타,승용,남,38세,상해없음,승용,남,22세,경상
2012061900100038,2012년 6월 19일 01시,화요일,충청남도 천안시 서북구 성정동,경상사고,0,0,4,0,차대차 - 측면직각충돌,신호위반,건조,맑음,교차로 - 교차로안,승용,여,50세,상해없음,승용,여,42세,경상
2012061900100039,2012년 6월 19일 01시,화요일,충청남도 예산군 오가면,경상사고,0,0,1,0,차대사람 - 차도통행중,안전운전불이행,건조,맑음,단일로 - 기타,승용,남,18세,상해없음,보행자,여,33세,경상
2012061900100123,2012년 6월 19일 07시,화요일,충청남도 예산군 오가면,중상사고,0,1,0,0,차대차 - 측면직각충돌,직진우회전진행방해,건조,맑음,교차로 - 교차로안,승용,남,39세,상해없음,이륜,남,53세,중상
2012061900100152,2012년 6월 19일 08시,화요일,충청남도 천안시 서북구 성정동,경상사고,0,0,1,0,차대차 - 측면직각충돌,신호위반,건조,맑음,교차로 - 교차로안,승용,남,32세,상해없음,승용,여,40세,경상
2012061900100187,2012년 6월 19일 09시,화요일,충청남도 서산시 동문동,경상사고,0,0,1,0,차대사람 - 기타,안전운전불이행,건조,맑음,교차로 - 교차로부근,화물,남,69세,상해없음,보행자,남,62세,경상
2012061900100188,2012년 6월 19일 09시,화요일,충청남도 서산시 석림동,중상사고,0,1,0,0,차대사람 - 기타,안전운전불이행,건조,맑음,기타 - 기타,승용,남,53세,상해없음,보행자,여,79세,중상
2012061900100189,2012년 6월 19일 09시,화요일,충청남도 당진시 수청리,중상사고,0,1,0,0,차대차 - 추돌 - 진행중,안전거리미확보,건조,맑음,단일로 - 기타,화물,남,28세,상해없음,승용,남,58세,중상
2012061900100223,2012년 6월 19일 10시,화요일,충청남도 천안시 서북구 성정동,경상사고,0,0,1,0,차대사람 - 기타,안전운전불이행,건조,맑음,단일로 - 기타,승용,남,55세,기타불명,보행자,여,21세,경상
2012061900100253,2012년 6월 19일 11시,화요일,충청남도 서천군 장항읍,중상사고,0,2,1,0,차대차 - 기타,중앙선침범,건조,맑음,교차로 - 교차로부근,승용,여,35세,경상,승용,남,50세,중상
2012061900100350,2012년 6월 19일 15시,화요일,충청남도 공주시 산성동,부상신고사고,0,0,0,1,차대차 - 측면직각충돌,안전운전불이행,건조,맑음,교차로 - 교차로부근,승용,기타불명,기타불명,기타불명,자전거,여,22세,부상신고
2012061900100351,2012년 6월 19일 15시,화요일,충청남도 금산군 금산읍,경상사고,0,0,1,0,차량단독 - 전도전복,안전운전불이행,건조,맑음,단일로 - 기타,이륜,남,78세,경상,,,,
2012061900100371,2012년 6월 19일 16시,화요일,충청남도 예산군 예산읍,경상사고,0,0,1,0,차대차 - 측면직각충돌,신호위반,건조,맑음,교차로 - 교차로안,승용,남,82세,상해없음,승용,남,58세,경상
2012061900100411,2012년 6월 19일 17시,화요일,충청남도 예산군 덕산면,경상사고,0,0,1,0,차대차 - 측면직각충돌,교차로운행방법위반,건조,맑음,교차로 - 교차로안,화물,남,71세,상해없음,자전거,여,69세,경상
2012061900100412,2012년 6월 19일 17시,화요일,충청남도 예산군 예산읍,중상사고,0,1,1,0,차대차 - 측면직각충돌,안전운전불이행,건조,맑음,교차로 - 교차로안,승합,남,55세,경상,화물,남,32세,중상
2012061900100447,2012년 6월 19일 18시,화요일,충청남도 서산시 동문동,중상사고,0,1,0,0,차대사람 - 차도통행중,중앙선침범,건조,맑음,기타 - 기타,승용,남,34세,상해없음,보행자,여,61세,중상
2012061900100448,2012년 6월 19일 18시,화요일,충청남도 천안시 동남구 목천읍,경상사고,0,0,1,0,차대차 - 기타,안전운전불이행,건조,맑음,단일로 - 기타,원동기,남,64세,상해없음,승합,남,53세,경상