사고번호,사고일시,요일,시군구,사고내용,사망자수,중상자수,경상자수,부상신고자수,사고유형,법규위반,노면상태,기상상태,도로형태,가해운전자 차종,가해운전자 성별,가해운전자 연령,가해운전자 상해정도,피해운전자 차종,피해운전자 성별,피해운전자 연령,피해운전자 상해정도
2012070400100262,2012년 7월 4일 14시,수요일,충청남도 서산시 석림동,경상사고,0,0,1,0,차대차 - 측면직각충돌,직진우회전진행방해,건조,맑음,교차로 - 교차로안,승용,남,61세,상해없음,승용,남,20세,경상
2012070400100263,2012년 7월 4일 14시,수요일,충청남도 서산시 읍내동,중상사고,0,1,0,0,차대사람 - 횡단중,보행자보호의무위반,건조,맑음,단일로 - 횡단보도상,승용,여,39세,상해없음,보행자,미분류,8세,중상
2012070400100264,2012년 7월 4일 14시,수요일,충청남도 홍성군 결성면,중상사고,0,1,0,0,차량단독 - 전도전복,안전운전불이행,건조,맑음,단일로 - 기타,이륜,남,72세,중상,,,,
2012070400100320,2012년 7월 4일 16시,수요일,충청남도 공주시 반죽동,경상사고,0,0,1,0,차대차 - 기타,안전운전불이행,건조,맑음,단일로 - 기타,승용,남,15세,상해없음,승용,남,38세,상해없음
2012070400100321,2012년 7월 4일 16시,수요일,충청남도 공주시 탄천면,사망사고,1,0,0,0,차대차 - 측면직각충돌,교차로운행방법위반,건조,맑음,교차로 - 교차로안,원동기,남,79세,사망,화물,남,62세,상해없음
2012070400100352,2012년 7월 4일 17시,수요일,충청남도 금산군 금산읍,중상사고,0,1,1,0,차대차 - 측면직각충돌,교차로운행방법위반,건조,맑음,교차로 - 교차로안,승용,여,35세,경상,승합,남,42세,상해없음
2012070400100393,2012년 7월 4일 18시,수요일,충청남도 천안시 서북구 쌍용동,부상신고사고,0,0,0,1,차대사람 - 보도통행중,안전운전불이행,건조,맑음,교차로 - 교차로안,자전거,기타불명,기타불명,기타불명,보행자,남,5세,부상신고
2012070400100424,2012년 7월 4일 19시,수요일,충청남도 서산시 지곡면,경상사고,0,0,3,0,차대차 - 측면직각충돌,차로위반,건조,흐림,단일로 - 기타,승용,남,51세,상해없음,승용,남,54세,경상
2012070400100456,2012년 7월 4일 20시,수요일,충청남도 청양군 비봉면,중상사고,0,1,0,0,차대사람 - 기타,안전운전불이행,건조,흐림,교차로 - 교차로안,승합,남,48세,상해없음,보행자,남,51세,중상
2012070400100489,2012년 7월 4일 21시,수요일,충청남도 서산시 잠홍동,경상사고,0,0,2,0,차대차 - 추돌 - 주정차중,안전운전불이행,건조,흐림,교차로 - 교차로부근,화물,남,66세,상해없음,승용,여,47세,경상
2012070400100490,2012년 7월 4일 21시,수요일,충청남도 논산시 연산면,중상사고,0,1,0,0,차대차 - 측면직각충돌,안전운전불이행,건조,맑음,교차로 - 교차로안,승용,남,34세,상해없음,자전거,남,22세,중상
2012070400100520,2012년 7월 4일 22시,수요일,충청남도 태안군 근흥면,경상사고,0,0,1,0,차대차 - 추돌 - 주정차중,안전운전불이행,건조,맑음,단일로 - 기타,승용,남,47세,상해없음,승용,남,38세,상해없음
2012070400100521,2012년 7월 4일 22시,수요일,충청남도 서천군 서천읍,경상사고,0,0,1,0,차대사람 - 기타,안전운전불이행,건조,기타,교차로 - 교차로부근,승용,남,51세,상해없음,보행자,남,35세,경상
2012070400100522,2012년 7월 4일 22시,수요일,충청남도 서천군 장항읍,경상사고,0,0,1,0,차대차 - 기타,안전운전불이행,건조,맑음,단일로 - 기타,화물,남,45세,상해없음,자전거,남,53세,경상
2012070400100549,2012년 7월 4일 23시,수요일,충청남도 서산시 읍내동,경상사고,0,0,2,0,차대차 - 기타,안전운전불이행,습기,흐림,기타 - 기타,승용,남,44세,상해없음,승용,여,59세,경상
2012070400100550,2012년 7월 4일 23시,수요일,충청남도 보령시 웅천읍,중상사고,0,1,0,0,차대사람 - 기타,안전운전불이행,건조,맑음,단일로 - 기타,기타불명,기타불명,기타불명,기타불명,보행자,남,20세,중상
2012070400100551,2012년 7월 4일 23시,수요일,충청남도 천안시 동남구 용곡동,경상사고,0,0,1,0,차대차 - 기타,안전운전불이행,건조,맑음,교차로 - 교차로부근,승용,여,36세,경상,화물,남,49세,상해없음
2012070500100183,2012년 7월 5일 09시,목요일,충청남도 공주시 우성면,중상사고,0,1,0,0,차대사람 - 기타,안전운전불이행,습기,비,교차로 - 교차로안,승용,남,72세,상해없음,보행자,여,78세,중상
2012070500100184,2012년 7월 5일 09시,목요일,충청남도 예산군 고덕면,중상사고,0,1,0,0,차대차 - 측면직각충돌,직진우회전진행방해,습기,비,교차로 - 교차로안,승용,남,39세,상해없음,승용,여,54세,중상
2012070500100185,2012년 7월 5일 09시,목요일,충청남도 당진시 신평면,중상사고,0,1,0,0,차대사람 - 길가장자리구역통행중,안전운전불이행,건조,흐림,단일로 - 기타,화물,남,62세,상해없음,보행자,여,71세,중상
2012070500100268,2012년 7월 5일 12시,목요일,충청남도 천안시 서북구 입장면,경상사고,0,0,1,0,차대차 - 측면직각충돌,신호위반,습기,비,교차로 - 교차로안,화물,남,54세,상해없음,화물,남,54세,경상
2012070500100299,2012년 7월 5일 13시,목요일,충청남도 아산시 둔포면,경상사고,0,0,2,0,차대차 - 추돌 - 주정차중,안전운전불이행,습기,비,교차로 - 교차로부근,승용,남,63세,기타불명,화물,남,53세,경상
2012070500100326,2012년 7월 5일 14시,목요일,충청남도 태안군 남면,중상사고,0,1,0,0,차대차 - 측면직각충돌,중앙선침범,습기,비,단일로 - 기타,승합,남,61세,상해없음,승용,여,36세,중상
2012070500100361,2012년 7월 5일 15시,목요일,충청남도 논산시 부적면,중상사고,0,1,0,0,차대차 - 추돌 - 주정차중,안전운전불이행,습기,비,교차로 - 교차로부근,승용,남,46세,중상,화물,남,52세,상해없음
2012070500100362,2012년 7월 5일 15시,목요일,충청남도 논산시 취암동,경상사고,0,0,3,0,차대차 - 측면직각충돌,안전운전불이행,습기,비,단일로 - 기타,승용,여,42세,상해없음,승용,남,23세,경상
2012070500100395,2012년 7월 5일 16시,목요일,충청남도 금산군 금산읍,경상사고,0,0,1,0,차대차 - 추돌 - 주정차중,안전운전불이행,습기,비,교차로 - 교차로부근,이륜,남,23세,경상,승용,남,53세,상해없음
2012070500100396,2012년 7월 5일 16시,목요일,충청남도 청양군 청양읍,중상사고,0,2,0,0,차대차 - 측면직각충돌,직진우회전진행방해,습기,비,교차로 - 교차로안,승용,여,29세,중상,승용,여,52세,중상
2012070500100397,2012년 7월 5일 16시,목요일,충청남도 천안시 동남구 봉명동,중상사고,0,1,0,0,차대차 - 추돌 - 주정차중,안전운전불이행,건조,맑음,단일로 - 기타,승용,여,40세,상해없음,승용,남,49세,상해없음
2012070500100400,2012년 7월 5일 16시,목요일,충청남도 보령시 천북면,경상사고,0,0,1,0,차대차 - 추돌 - 진행중,안전거리미확보,습기,비,단일로 - 기타,승용,여,53세,상해없음,화물,남,55세,경상
2012070500100440,2012년 7월 5일 17시,목요일,충청남도 서산시 동문동,중상사고,0,1,0,0,차대사람 - 횡단중,보행자보호의무위반,습기,비,교차로 - 교차로안,승용,여,30세,상해없음,보행자,남,51세,중상
2012070500100441,2012년 7월 5일 17시,목요일,충청남도 서산시 잠홍동,중상사고,0,1,1,0,차대차 - 측면직각충돌,교차로운행방법위반,습기,비,교차로 - 교차로안,승용,남,39세,상해없음,승용,남,45세,중상
2012070500100442,2012년 7월 5일 17시,목요일,충청남도 보령시 주포면,사망사고,1,0,0,0,차량단독 - 공작물충돌,안전운전불이행,습기,비,단일로 - 기타,승용,남,69세,사망,,,,
2012070500100482,2012년 7월 5일 18시,목요일,충청남도 천안시 서북구 불당동,중상사고,0,1,0,0,차대사람 - 횡단중,안전운전불이행,건조,맑음,교차로 - 교차로부근,승용,여,33세,상해없음,보행자,여,26세,중상
2012070500100483,2012년 7월 5일 18시,목요일,충청남도 아산시 용화동,중상사고,0,1,0,0,차대사람 - 기타,안전운전불이행,습기,비,교차로 - 교차로부근,화물,남,42세,상해없음,보행자,여,15세,중상
2012070500100484,2012년 7월 5일 18시,목요일,충청남도 예산군 예산읍,중상사고,0,1,0,0,차대사람 - 횡단중,보행자보호의무위반,습기,비,교차로 - 교차로안,승용,남,51세,상해없음,보행자,남,74세,중상
2012070500100506,2012년 7월 5일 19시,목요일,충청남도 천안시 동남구 신부동,중상사고,0,1,0,0,차대사람 - 길가장자리구역통행중,안전운전불이행,습기,비,단일로 - 기타,승용,기타불명,기타불명,기타불명,보행자,여,19세,중상
2012070500100552,2012년 7월 5일 20시,목요일,충청남도 서산시 동문동,부상신고사고,0,0,0,1,차대차 - 측면직각충돌,직진우회전진행방해,습기,비,교차로 - 교차로안,승용,남,44세,상해없음,이륜,남,16세,부상신고
2012070500100608,2012년 7월 5일 21시,목요일,충청남도 천안시 서북구 입장면,경상사고,0,0,1,0,차대차 - 측면직각충돌,안전운전불이행,습기,비,교차로 - 교차로안,원동기,남,47세,경상,승용,남,53세,상해없음
2012070500100652,2012년 7월 5일 22시,목요일,충청남도 천안시 서북구 직산읍,경상사고,0,0,1,0,차대차 - 측면직각충돌,안전운전불이행,건조,맑음,단일로 - 기타,승용,남,34세,상해없음,승용,남,37세,경상
2012070500100653,2012년 7월 5일 22시,목요일,충청남도 아산시 영인면,중상사고,0,1,0,0,차대사람 - 길가장자리구역통행중,안전운전불이행,건조,맑음,단일로 - 기타,기타불명,기타불명,기타불명,기타불명,보행자,남,28세,중상
2012070600100067,2012년 7월 6일 01시,금요일,충청남도 서산시 대산읍,중상사고,0,1,0,0,차량단독 - 공작물충돌,안전운전불이행,습기,비,단일로 - 기타,승용,남,30세,중상,,,,
2012070600100068,2012년 7월 6일 01시,금요일,충청남도 천안시 서북구 입장면,경상사고,0,0,2,0,차대차 - 추돌 - 진행중,안전운전불이행,습기,비,단일로 - 기타,승합,남,46세,상해없음,화물,남,30세,경상
2012070600100122,2012년 7월 6일 03시,금요일,충청남도 부여군 부여읍,사망사고,1,1,0,0,차량단독 - 기타,안전운전불이행,습기,비,단일로 - 기타,승용,남,25세,사망,,,,
2012070600100199,2012년 7월 6일 08시,금요일,충청남도 보령시 청소면,중상사고,0,2,0,0,차량단독 - 공작물충돌,과속,습기,비,단일로 - 기타,승용,남,55세,중상,,,,
2012070600100200,2012년 7월 6일 08시,금요일,충청남도 보령시 대천동,중상사고,0,1,0,0,차대사람 - 횡단중,신호위반,건조,맑음,단일로 - 횡단보도상,승용,남,44세,상해없음,보행자,여,12세,중상
2012070600100252,2012년 7월 6일 10시,금요일,충청남도 보령시 남포면,중상사고,0,1,0,0,차대차 - 측면직각충돌,안전운전불이행,습기,흐림,단일로 - 기타,승용,남,42세,상해없음,이륜,남,68세,중상
2012070600100304,2012년 7월 6일 12시,금요일,충청남도 홍성군 홍성읍,경상사고,0,0,1,0,차대사람 - 횡단중,보행자보호의무위반,습기,비,단일로 - 횡단보도상,승용,여,41세,기타불명,보행자,남,3세,경상
2012070600100331,2012년 7월 6일 13시,금요일,충청남도 태안군 태안읍,경상사고,0,0,1,0,차대차 - 측면직각충돌,신호위반,습기,비,교차로 - 교차로안,승용,남,68세,상해없음,승용,여,20세,경상
2012070600100357,2012년 7월 6일 14시,금요일,충청남도 천안시 서북구 성환읍,중상사고,0,1,0,0,차대차 - 기타,신호위반,습기,비,교차로 - 교차로부근,원동기,남,16세,중상,화물,남,64세,상해없음
2012070600100429,2012년 7월 6일 16시,금요일,충청남도 천안시 동남구 목천읍,중상사고,0,1,1,0,차대차 - 추돌 - 주정차중,안전운전불이행,건조,맑음,단일로 - 기타,승용,기타불명,기타불명,기타불명,승용,남,47세,경상
2012070600100513,2012년 7월 6일 18시,금요일,충청남도 금산군 복수면,중상사고,0,1,3,0,차대차 - 측면직각충돌,직진우회전진행방해,습기,비,교차로 - 교차로안,승용,여,31세,경상,승용,남,70세,경상
2012070600100549,2012년 7월 6일 19시,금요일,충청남도 천안시 서북구 쌍용동,경상사고,0,0,1,0,차대사람 - 횡단중,신호위반,습기,비,교차로 - 교차로부근,원동기,남,41세,상해없음,보행자,남,23세,경상
2012070600100550,2012년 7월 6일 19시,금요일,충청남도 예산군 예산읍,경상사고,0,0,1,0,차대차 - 추돌 - 진행중,안전운전불이행,건조,맑음,단일로 - 기타,이륜,남,50세,경상,승합,남,20세,상해없음
2012070600100551,2012년 7월 6일 19시,금요일,충청남도 부여군 부여읍,경상사고,0,0,1,0,차대차 - 기타,중앙선침범,건조,맑음,교차로 - 교차로부근,승용,남,60세,상해없음,승용,여,65세,경상
2012070600100552,2012년 7월 6일 19시,금요일,충청남도 청양군 청양읍,중상사고,0,1,0,0,차대사람 - 기타,안전운전불이행,건조,맑음,기타 - 기타,승용,남,52세,상해없음,보행자,여,76세,중상
2012070600100618,2012년 7월 6일 21시,금요일,충청남도 서산시 석림동,경상사고,0,0,1,0,차대차 - 추돌 - 주정차중,안전운전불이행,건조,맑음,교차로 - 교차로부근,승용,남,32세,상해없음,승용,남,34세,경상
2012070600100650,2012년 7월 6일 22시,금요일,충청남도 아산시 탕정면,경상사고,0,0,1,0,차대차 - 정면충돌,중앙선침범,습기,비,단일로 - 기타,승용,남,42세,상해없음,승용,남,34세,경상
2012070600100694,2012년 7월 6일 23시,금요일,충청남도 아산시 장존동,경상사고,0,0,3,0,차대차 - 정면충돌,중앙선침범,습기,비,기타 - 기타,승용,남,45세,상해없음,승용,남,46세,경상
2012070600100695,2012년 7월 6일 23시,금요일,충청남도 보령시 신흑동,중상사고,0,3,0,0,차대차 - 정면충돌,중앙선침범,건조,흐림,단일로 - 기타,승용,남,30세,상해없음,화물,남,60세,중상
2012070700100022,2012년 7월 7일 00시,토요일,충청남도 아산시 풍기동,경상사고,0,0,4,0,차대차 - 측면직각충돌,안전운전불이행,건조,맑음,단일로 - 기타,승용,여,30세,상해없음,승용,남,19세,경상
2012070700100023,2012년 7월 7일 00시,토요일,충청남도 공주시 신관동,경상사고,0,0,3,0,차대차 - 측면직각충돌,교차로운행방법위반,습기,흐림,교차로 - 교차로안,승용,남,26세,경상,승용,남,33세,경상
2012070700100024,2012년 7월 7일 00시,토요일,충청남도 공주시 신관동,경상사고,0,0,1,0,차대차 - 측면직각충돌,교차로운행방법위반,습기,비,교차로 - 교차로안,승용,남,43세,상해없음,승용,남,52세,경상
2012070700100070,2012년 7월 7일 01시,토요일,충청남도 천안시 동남구 신부동,경상사고,0,0,1,0,차대차 - 기타,안전운전불이행,건조,맑음,단일로 - 기타,승용,남,19세,기타불명,승용,남,29세,경상
2012070700100158,2012년 7월 7일 04시,토요일,충청남도 천안시 동남구 병천면,경상사고,0,0,1,0,차대차 - 측면직각충돌,교차로운행방법위반,습기,맑음,교차로 - 교차로안,승용,남,34세,상해없음,승용,남,59세,경상
2012070700100244,2012년 7월 7일 09시,토요일,충청남도 논산시 연산면,중상사고,0,2,2,0,차대차 - 측면직각충돌,신호위반,건조,맑음,교차로 - 교차로안,화물,남,69세,경상,승용,남,64세,중상
2012070700100245,2012년 7월 7일 09시,토요일,충청남도 홍성군 금마면,경상사고,0,0,1,0,차대차 - 측면직각충돌,차로위반,건조,맑음,단일로 - 기타,화물,남,42세,상해없음,승용,남,75세,경상
2012070700100246,2012년 7월 7일 09시,토요일,충청남도 부여군 부여읍,중상사고,0,1,0,0,차대차 - 측면직각충돌,차로위반,건조,맑음,단일로 - 기타,승용,남,34세,상해없음,이륜,남,76세,중상
2012070700100247,2012년 7월 7일 09시,토요일,충청남도 천안시 동남구 신부동,경상사고,0,0,1,0,차대차 - 측면직각충돌,중앙선침범,건조,맑음,단일로 - 기타,승용,남,37세,상해없음,승용,남,32세,경상
2012070700100248,2012년 7월 7일 09시,토요일,충청남도 천안시 동남구 봉명동,중상사고,0,1,0,0,차대차 - 측면직각충돌,신호위반,건조,맑음,교차로 - 교차로부근,이륜,남,31세,중상,승용,남,37세,상해없음
2012070700100342,2012년 7월 7일 12시,토요일,충청남도 천안시 서북구 성거읍,중상사고,0,3,2,0,차대차 - 추돌 - 주정차중,안전운전불이행,건조,맑음,단일로 - 기타,승용,남,34세,상해없음,승용,남,38세,중상
2012070700100379,2012년 7월 7일 13시,토요일,충청남도 천안시 서북구 성환읍,중상사고,0,1,0,0,차대차 - 측면직각충돌,안전운전불이행,건조,맑음,단일로 - 기타,승용,남,52세,상해없음,승용,여,70세,중상
2012070700100380,2012년 7월 7일 13시,토요일,충청남도 보령시 동대동,중상사고,0,1,0,0,차대사람 - 횡단중,안전운전불이행,건조,맑음,단일로 - 기타,승용,남,56세,상해없음,보행자,여,9세,중상
2012070700100416,2012년 7월 7일 14시,토요일,충청남도 논산시 연산면,중상사고,0,1,0,0,차대차 - 측면직각충돌,직진우회전진행방해,건조,맑음,교차로 - 교차로안,원동기,남,77세,중상,화물,남,43세,상해없음
2012070700100417,2012년 7월 7일 14시,토요일,충청남도 홍성군 금마면,중상사고,0,1,0,0,차대차 - 정면충돌,교차로운행방법위반,건조,맑음,교차로 - 교차로안,화물,남,62세,상해없음,화물,남,39세,상해없음
2012070700100453,2012년 7월 7일 15시,토요일,충청남도 천안시 서북구 쌍용동,부상신고사고,0,0,0,1,차대사람 - 기타,안전운전불이행,건조,맑음,단일로 - 기타,이륜,남,16세,상해없음,보행자,여,21세,부상신고
2012070700100454,2012년 7월 7일 15시,토요일,충청남도 예산군 신양면,중상사고,0,1,0,0,차량단독 - 도로외이탈 - 기타,안전운전불이행,건조,맑음,단일로 - 기타,화물,남,66세,상해없음,,,,
2012070700100455,2012년 7월 7일 15시,토요일,충청남도 금산군 추부면,중상사고,0,2,0,0,차대차 - 기타,안전운전불이행,건조,맑음,단일로 - 기타,승용,남,50세,상해없음,승용,여,51세,중상
2012070700100498,2012년 7월 7일 16시,토요일,충청남도 당진시 읍내리,경상사고,0,0,3,0,차대차 - 측면직각충돌,직진우회전진행방해,건조,맑음,교차로 - 교차로안,승용,여,60세,상해없음,승용,남,60세,경상
2012070700100499,2012년 7월 7일 16시,토요일,충청남도 금산군 추부면,경상사고,0,0,4,0,차대차 - 측면직각충돌,안전운전불이행,건조,맑음,교차로 - 교차로안,승용,남,36세,상해없음,승용,남,34세,경상
2012070700100531,2012년 7월 7일 17시,토요일,충청남도 금산군 금산읍,경상사고,0,0,6,0,차대차 - 측면직각충돌,직진우회전진행방해,건조,맑음,교차로 - 교차로안,승용,여,48세,기타불명,승용,여,33세,경상
2012070700100563,2012년 7월 7일 18시,토요일,충청남도 논산시 취암동,경상사고,0,0,2,0,차대차 - 측면직각충돌,교차로운행방법위반,건조,맑음,교차로 - 교차로안,승용,남,36세,상해없음,승용,남,36세,경상
2012070700100590,2012년 7월 7일 19시,토요일,충청남도 보령시 신흑동,중상사고,0,1,0,0,차대사람 - 횡단중,안전운전불이행,건조,맑음,단일로 - 기타,승용,남,52세,상해없음,보행자,여,17세,중상
2012070700100614,2012년 7월 7일 20시,토요일,충청남도 천안시 서북구 쌍용동,중상사고,0,1,0,0,차대차 - 측면직각충돌,신호위반,건조,맑음,교차로 - 교차로안,승용,남,33세,상해없음,이륜,남,35세,중상
2012070700100653,2012년 7월 7일 21시,토요일,충청남도 서산시 예천동,경상사고,0,0,2,0,차대차 - 추돌 - 주정차중,안전운전불이행,건조,맑음,단일로 - 기타,화물,남,61세,상해없음,승용,남,37세,경상
2012070700100687,2012년 7월 7일 22시,토요일,충청남도 아산시 배방읍,중상사고,0,1,0,0,차대차 - 추돌 - 진행중,안전거리미확보,건조,맑음,기타 - 기타,승용,남,44세,상해없음,승용,여,35세,중상
2012070800100037,2012년 7월 8일 01시,일요일,충청남도 서산시 운산면,경상사고,0,0,1,0,차대차 - 측면직각충돌,교차로운행방법위반,건조,맑음,교차로 - 교차로부근,승합,여,42세,상해없음,화물,남,54세,경상
2012070800100038,2012년 7월 8일 01시,일요일,충청남도 공주시 우성면,중상사고,0,1,0,0,차대차 - 추돌 - 진행중,안전운전불이행,건조,맑음,교차로 - 교차로부근,승용,남,44세,상해없음,승용,남,26세,중상
2012070800100039,2012년 7월 8일 01시,일요일,충청남도 공주시 신관동,경상사고,0,0,1,1,차대차 - 기타,교차로운행방법위반,건조,맑음,교차로 - 교차로안,기타불명,기타불명,기타불명,기타불명,승용,남,36세,부상신고
2012070800100111,2012년 7월 8일 05시,일요일,충청남도 천안시 서북구 성정동,경상사고,0,0,2,0,차대차 - 기타,안전운전불이행,건조,맑음,교차로 - 교차로부근,승용,여,46세,상해없음,승용,남,59세,경상
2012070800100112,2012년 7월 8일 05시,일요일,충청남도 아산시 온천동,경상사고,0,0,1,0,차대차 - 측면직각충돌,신호위반,건조,맑음,교차로 - 교차로안,승용,남,43세,상해없음,승용,여,55세,경상
2012070800100179,2012년 7월 8일 10시,일요일,충청남도 서산시 예천동,경상사고,0,0,3,0,차대차 - 추돌 - 주정차중,안전운전불이행,건조,맑음,교차로 - 교차로부근,승용,남,40세,상해없음,승용,남,33세,경상
2012070800100180,2012년 7월 8일 10시,일요일,충청남도 서천군 화양면,경상사고,0,0,1,0,차대차 - 기타,중앙선침범,건조,맑음,단일로 - 기타,건설기계,남,49세,상해없음,승용,남,39세,경상
2012070800100200,2012년 7월 8일 11시,일요일,충청남도 서산시 읍내동,경상사고,0,0,1,0,차대차 - 측면직각충돌,안전운전불이행,건조,맑음,교차로 - 교차로안,승용,여,30세,상해없음,승용,남,51세,경상
2012070800100227,2012년 7월 8일 12시,일요일,충청남도 부여군 규암면,중상사고,0,1,0,0,차대차 - 정면충돌,안전운전불이행,건조,맑음,단일로 - 기타,화물,남,52세,상해없음,원동기,남,79세,중상
2012070800100380,2012년 7월 8일 17시,일요일,충청남도 천안시 동남구 신부동,경상사고,0,0,2,0,차대차 - 추돌 - 진행중,안전운전불이행,건조,맑음,단일로 - 기타,승용,남,43세,상해없음,승용,남,51세,경상
2012070800100405,2012년 7월 8일 18시,일요일,충청남도 서산시 석남동,중상사고,0,1,1,0,차대차 - 측면직각충돌,기타,건조,맑음,교차로 - 교차로안,원동기,남,18세,중상,원동기,남,77세,경상
2012070800100435,2012년 7월 8일 19시,일요일,충청남도 천안시 서북구 쌍용동,경상사고,0,0,1,0,차대차 - 기타,안전거리미확보,건조,맑음,기타 - 기타,이륜,남,25세,경상,승용,남,26세,상해없음
2012070800100437,2012년 7월 8일 19시,일요일,충청남도 당진시 송악읍,경상사고,0,0,3,0,차대차 - 기타,안전운전불이행,건조,맑음,기타 - 기타,승용,남,35세,기타불명,승용,여,27세,경상
2012070800100467,2012년 7월 8일 20시,일요일,충청남도 논산시 연무읍,중상사고,0,1,0,0,차대차 - 정면충돌,중앙선침범,건조,맑음,교차로 - 교차로부근,승용,남,43세,상해없음,이륜,남,59세,중상
2012070800100468,2012년 7월 8일 20시,일요일,충청남도 천안시 동남구 성황동,중상사고,0,1,0,0,차대차 - 측면직각충돌,안전운전불이행,건조,맑음,교차로 - 교차로안,승용,남,43세,상해없음,원동기,남,44세,중상
2012070800100534,2012년 7월 8일 22시,일요일,충청남도 천안시 동남구 신방동,중상사고,0,1,0,0,차대차 - 추돌 - 주정차중,안전운전불이행,건조,맑음,단일로 - 기타,승용,남,22세,상해없음,승용,남,46세,중상
2012070800100553,2012년 7월 8일 23시,일요일,충청남도 천안시 서북구 성거읍,경상사고,0,0,2,0,차대차 - 기타,신호위반,건조,맑음,교차로 - 교차로안,승용,남,31세,상해없음,승용,남,29세,경상
2012070800100554,2012년 7월 8일 23시,일요일,충청남도 아산시 온천동,경상사고,0,0,1,0,차대차 - 추돌 - 주정차중,안전운전불이행,건조,맑음,교차로 - 교차로부근,승용,남,38세,상해없음,승용,여,45세,경상
2012070900100016,2012년 7월 9일 01시,월요일,충청남도 서천군 서면,경상사고,0,0,1,0,차량단독 - 전도전복,안전운전불이행,건조,맑음,단일로 - 기타,이륜,남,17세,상해없음,,,,
2012070900100072,2012년 7월 9일 07시,월요일,충청남도 천안시 서북구 성환읍,경상사고,0,0,1,0,차대사람 - 기타,안전운전불이행,건조,맑음,단일로 - 기타,기타불명,기타불명,기타불명,기타불명,보행자,남,14세,경상
2012070900100098,2012년 7월 9일 08시,월요일,충청남도 태안군 안면읍,중상사고,0,1,0,0,차대사람 - 횡단중,안전운전불이행,건조,맑음,교차로 - 교차로부근,승용,여,43세,상해없음,보행자,남,80세,중상
2012070900100136,2012년 7월 9일 09시,월요일,충청남도 천안시 서북구 직산읍,사망사고,1,0,0,0,차대사람 - 횡단중,안전운전불이행,건조,맑음,교차로 - 교차로부근,승합,남,52세,상해없음,보행자,여,67세,사망
2012070900100137,2012년 7월 9일 09시,월요일,충청남도 보령시 청소면,중상사고,0,1,0,0,차대차 - 측면직각충돌,안전운전불이행,건조,맑음,교차로 - 교차로부근,승용,여,62세,상해없음,농기계,남,68세,중상
2012070900100158,2012년 7월 9일 10시,월요일,충청남도 서천군 장항읍,중상사고,0,1,0,0,차대차 - 기타,안전운전불이행,건조,맑음,단일로 - 기타,승용,남,37세,상해없음,이륜,남,73세,중상
2012070900100300,2012년 7월 9일 15시,월요일,충청남도 천안시 서북구 입장면,경상사고,0,0,1,0,차대차 - 추돌 - 주정차중,안전거리미확보,건조,맑음,교차로 - 교차로부근,승용,남,26세,경상,화물,남,32세,상해없음
2012070900100462,2012년 7월 9일 19시,월요일,충청남도 천안시 서북구 두정동,사망사고,1,0,0,0,차대차 - 기타,중앙선침범,건조,맑음,미분류 - 미분류,원동기,남,74세,사망,승용,남,47세,상해없음
2012070900100497,2012년 7월 9일 20시,월요일,충청남도 아산시 배방읍,중상사고,0,1,0,0,차대사람 - 보도통행중,안전운전불이행,건조,맑음,단일로 - 횡단보도상,승용,남,62세,상해없음,보행자,남,65세,중상
2012070900100526,2012년 7월 9일 21시,월요일,충청남도 보령시 요암동,중상사고,0,1,0,0,차대사람 - 차도통행중,안전운전불이행,건조,맑음,단일로 - 기타,승용,남,27세,상해없음,보행자,남,46세,중상
2012070900100527,2012년 7월 9일 21시,월요일,충청남도 금산군 금산읍,경상사고,0,0,1,0,차대사람 - 길가장자리구역통행중,안전운전불이행,건조,맑음,단일로 - 기타,승용,여,31세,상해없음,보행자,여,42세,경상
2012070900100528,2012년 7월 9일 21시,월요일,충청남도 천안시 동남구 신방동,경상사고,0,0,1,0,차대사람 - 기타,안전운전불이행,건조,맑음,단일로 - 기타,승용,남,38세,상해없음,보행자,남,39세,경상
2012070900100560,2012년 7월 9일 22시,월요일,충청남도 천안시 동남구 청수동,경상사고,0,0,1,0,차대사람 - 보도통행중,안전운전불이행,건조,맑음,기타 - 기타,자전거,남,29세,상해없음,보행자,남,39세,경상
2012071000100011,2012년 7월 10일 00시,화요일,충청남도 공주시 옥룡동,경상사고,0,0,2,0,차대차 - 정면충돌,안전운전불이행,건조,흐림,교차로 - 교차로안,승용,남,52세,상해없음,승용,남,41세,경상
2012071000100039,2012년 7월 10일 02시,화요일,충청남도 서산시 해미면,경상사고,0,0,1,0,차대차 - 측면직각충돌,안전운전불이행,건조,맑음,교차로 - 교차로부근,승용,여,46세,상해없음,승용,남,25세,경상
2012071000100050,2012년 7월 10일 04시,화요일,충청남도 아산시 음봉면,중상사고,0,1,0,0,차대사람 - 보도통행중,신호위반,건조,맑음,교차로 - 교차로안,승용,남,58세,상해없음,보행자,남,79세,중상
2012071000100063,2012년 7월 10일 06시,화요일,충청남도 천안시 동남구 신부동,사망사고,1,0,0,0,차대차 - 추돌 - 주정차중,안전운전불이행,건조,맑음,단일로 - 터널,승용,남,54세,사망,건설기계,남,37세,상해없음
2012071000100085,2012년 7월 10일 07시,화요일,충청남도 논산시 취암동,경상사고,0,0,1,0,차대차 - 기타,안전운전불이행,건조,맑음,교차로 - 교차로안,승용,남,32세,상해없음,화물,남,56세,경상
2012071000100086,2012년 7월 10일 07시,화요일,충청남도 보령시 대천동,경상사고,0,0,6,0,차대차 - 측면직각충돌,직진우회전진행방해,건조,흐림,교차로 - 교차로안,화물,남,41세,경상,승용,여,37세,경상
2012071000100087,2012년 7월 10일 07시,화요일,충청남도 천안시 동남구 신부동,경상사고,0,0,1,0,차대차 - 측면직각충돌,안전운전불이행,건조,맑음,단일로 - 기타,승용,여,45세,상해없음,승용,여,42세,경상