사고번호,사고일시,요일,시군구,사고내용,사망자수,중상자수,경상자수,부상신고자수,사고유형,법규위반,노면상태,기상상태,도로형태,가해운전자 차종,가해운전자 성별,가해운전자 연령,가해운전자 상해정도,피해운전자 차종,피해운전자 성별,피해운전자 연령,피해운전자 상해정도
2012071500100312,2012년 7월 15일 13시,일요일,충청남도 천안시 서북구 성환읍,중상사고,0,1,0,0,차대사람 - 기타,안전운전불이행,건조,맑음,단일로 - 기타,승용,남,59세,상해없음,보행자,여,2세,중상
2012071500100341,2012년 7월 15일 14시,일요일,충청남도 당진시 수청리,경상사고,0,0,4,0,차대차 - 측면직각충돌,중앙선침범,습기,비,교차로 - 교차로부근,승용,남,30세,상해없음,승용,남,32세,경상
2012071500100398,2012년 7월 15일 16시,일요일,충청남도 청양군 청남면,경상사고,0,0,1,0,차대차 - 추돌 - 진행중,안전거리미확보,건조,흐림,교차로 - 교차로부근,승용,남,50세,상해없음,승용,여,49세,경상
2012071500100426,2012년 7월 15일 17시,일요일,충청남도 보령시 청라면,경상사고,0,0,1,0,차량단독 - 전도전복,안전운전불이행,건조,흐림,교차로 - 교차로부근,이륜,남,64세,경상,,,,
2012071500100485,2012년 7월 15일 19시,일요일,충청남도 홍성군 광천읍,중상사고,0,1,0,0,차대차 - 추돌 - 진행중,안전운전불이행,건조,맑음,단일로 - 기타,승용,남,36세,상해없음,승합,남,38세,중상
2012071500100486,2012년 7월 15일 19시,일요일,충청남도 보령시 동대동,중상사고,0,1,0,0,차대차 - 측면직각충돌,안전운전불이행,건조,흐림,단일로 - 기타,승용,남,50세,상해없음,자전거,남,55세,중상
2012071500100487,2012년 7월 15일 19시,일요일,충청남도 예산군 덕산면,중상사고,0,1,0,0,차대차 - 측면직각충돌,기타,건조,맑음,교차로 - 교차로안,승용,남,47세,상해없음,원동기,남,60세,중상
2012071500100488,2012년 7월 15일 19시,일요일,충청남도 당진시 신평면,중상사고,0,1,1,0,차대차 - 측면직각충돌,안전운전불이행,습기,비,단일로 - 기타,화물,남,46세,상해없음,승용,여,29세,경상
2012071500100523,2012년 7월 15일 20시,일요일,충청남도 서산시 석남동,중상사고,0,1,2,0,차대차 - 추돌 - 주정차중,안전운전불이행,건조,맑음,교차로 - 교차로부근,승용,남,55세,상해없음,승용,여,40세,중상
2012071500100525,2012년 7월 15일 20시,일요일,충청남도 예산군 예산읍,경상사고,0,0,1,0,차량단독 - 전도전복,안전운전불이행,건조,흐림,교차로 - 교차로부근,승용,남,40세,경상,,,,
2012071500100575,2012년 7월 15일 22시,일요일,충청남도 천안시 서북구 쌍용동,경상사고,0,0,1,0,차대사람 - 길가장자리구역통행중,안전운전불이행,건조,맑음,단일로 - 기타,승용,남,58세,상해없음,보행자,여,39세,경상
2012071500100576,2012년 7월 15일 22시,일요일,충청남도 천안시 서북구 성환읍,경상사고,0,0,1,0,차대차 - 추돌 - 주정차중,안전운전불이행,건조,맑음,교차로 - 교차로부근,승용,남,40세,상해없음,승용,남,30세,경상
2012071500100577,2012년 7월 15일 22시,일요일,충청남도 당진시 송악읍,경상사고,0,0,1,0,차대차 - 기타,안전운전불이행,건조,맑음,단일로 - 기타,승용,남,51세,상해없음,승용,남,30세,경상
2012071500100603,2012년 7월 15일 23시,일요일,충청남도 아산시 권곡동,중상사고,0,2,0,0,차대차 - 측면직각충돌,안전운전불이행,건조,맑음,교차로 - 교차로부근,승용,남,39세,상해없음,승용,여,47세,중상
2012071600100011,2012년 7월 16일 00시,월요일,충청남도 서산시 성연면,중상사고,0,1,0,0,차량단독 - 전도전복,안전운전불이행,습기,비,단일로 - 교량,화물,남,43세,중상,,,,
2012071600100068,2012년 7월 16일 06시,월요일,충청남도 서천군 종천면,중상사고,0,1,0,0,차대사람 - 기타,안전운전불이행,건조,맑음,단일로 - 기타,승용,여,64세,상해없음,보행자,남,69세,중상
2012071600100084,2012년 7월 16일 07시,월요일,충청남도 천안시 서북구 입장면,중상사고,0,1,0,0,차대차 - 기타,안전운전불이행,건조,맑음,단일로 - 기타,화물,남,47세,상해없음,이륜,남,69세,중상
2012071600100085,2012년 7월 16일 07시,월요일,충청남도 논산시 강경읍,중상사고,0,1,0,0,차대사람 - 기타,안전운전불이행,건조,맑음,교차로 - 교차로안,화물,남,46세,상해없음,보행자,남,78세,중상
2012071600100086,2012년 7월 16일 07시,월요일,충청남도 천안시 서북구 입장면,경상사고,0,0,1,1,차대차 - 측면직각충돌,안전운전불이행,건조,맑음,단일로 - 기타,승용,남,53세,부상신고,승용,여,41세,경상
2012071600100124,2012년 7월 16일 08시,월요일,충청남도 천안시 서북구 성정동,경상사고,0,0,1,0,차대차 - 추돌 - 주정차중,안전운전불이행,건조,맑음,교차로 - 교차로부근,기타불명,기타불명,기타불명,기타불명,승용,여,49세,경상
2012071600100158,2012년 7월 16일 09시,월요일,충청남도 보령시 궁촌동,중상사고,0,1,0,0,차대차 - 측면직각충돌,교차로운행방법위반,건조,맑음,교차로 - 교차로안,승용,남,49세,상해없음,승용,여,45세,중상
2012071600100185,2012년 7월 16일 10시,월요일,충청남도 당진시 고대면,중상사고,0,1,0,0,차대사람 - 횡단중,안전운전불이행,건조,흐림,단일로 - 기타,화물,남,44세,상해없음,보행자,여,80세,중상
2012071600100186,2012년 7월 16일 10시,월요일,충청남도 천안시 동남구 목천읍,부상신고사고,0,0,0,1,차대차 - 기타,안전운전불이행,건조,맑음,단일로 - 기타,기타불명,기타불명,기타불명,기타불명,승용,여,39세,부상신고
2012071600100215,2012년 7월 16일 11시,월요일,충청남도 태안군 남면,경상사고,0,0,3,0,차대차 - 추돌 - 진행중,안전거리미확보,건조,맑음,단일로 - 기타,화물,남,48세,상해없음,승용,여,64세,경상
2012071600100314,2012년 7월 16일 15시,월요일,충청남도 예산군 예산읍,경상사고,0,0,3,0,차대차 - 추돌 - 진행중,안전거리미확보,건조,맑음,단일로 - 기타,화물,남,58세,경상,승용,남,28세,경상
2012071600100341,2012년 7월 16일 16시,월요일,충청남도 서산시 읍내동,중상사고,0,1,0,0,차대차 - 측면직각충돌,신호위반,건조,맑음,교차로 - 교차로안,원동기,남,73세,중상,화물,남,35세,상해없음
2012071600100411,2012년 7월 16일 18시,월요일,충청남도 서산시 고북면,경상사고,0,0,2,0,차대차 - 추돌 - 진행중,안전운전불이행,건조,맑음,교차로 - 교차로부근,원동기,남,57세,경상,원동기,여,67세,경상
2012071600100483,2012년 7월 16일 20시,월요일,충청남도 부여군 석성면,중상사고,0,1,0,0,차대차 - 정면충돌,안전운전불이행,건조,맑음,단일로 - 기타,승용,남,39세,상해없음,승용,여,41세,중상
2012071600100510,2012년 7월 16일 21시,월요일,충청남도 청양군 정산면,경상사고,0,0,1,0,차량단독 - 공작물충돌,안전운전불이행,건조,맑음,단일로 - 기타,승용,여,44세,경상,,,,
2012071600100511,2012년 7월 16일 21시,월요일,충청남도 천안시 동남구 청당동,경상사고,0,0,1,0,차대사람 - 횡단중,안전운전불이행,건조,맑음,단일로 - 기타,승용,남,30세,상해없음,보행자,여,31세,경상
2012071600100544,2012년 7월 16일 22시,월요일,충청남도 홍성군 홍성읍,경상사고,0,0,1,0,차대차 - 기타,안전운전불이행,건조,맑음,교차로 - 교차로안,승용,여,55세,상해없음,승용,남,45세,경상
2012071600100545,2012년 7월 16일 22시,월요일,충청남도 당진시 읍내리,경상사고,0,0,1,0,차대차 - 측면직각충돌,교차로운행방법위반,건조,맑음,교차로 - 교차로안,이륜,남,16세,상해없음,승합,남,57세,상해없음
2012071700100036,2012년 7월 17일 01시,화요일,충청남도 천안시 서북구 불당동,경상사고,0,0,3,0,차량단독 - 공작물충돌,안전운전불이행,건조,맑음,단일로 - 기타,승용,남,19세,상해없음,,,,
2012071700100145,2012년 7월 17일 09시,화요일,충청남도 청양군 청양읍,중상사고,0,2,0,0,차량단독 - 도로외이탈 - 기타,안전운전불이행,건조,흐림,단일로 - 기타,화물,남,68세,중상,,,,
2012071700100185,2012년 7월 17일 11시,화요일,충청남도 아산시 탕정면,중상사고,0,1,1,0,차대차 - 정면충돌,중앙선침범,건조,맑음,단일로 - 기타,승용,남,24세,중상,화물,남,45세,경상
2012071700100186,2012년 7월 17일 11시,화요일,충청남도 부여군 부여읍,중상사고,0,1,2,0,차대차 - 측면직각충돌,안전운전불이행,건조,맑음,교차로 - 교차로안,승합,남,53세,상해없음,승용,남,30세,중상
2012071700100187,2012년 7월 17일 11시,화요일,충청남도 금산군 남이면,경상사고,0,0,1,0,차대사람 - 길가장자리구역통행중,안전운전불이행,습기,맑음,단일로 - 기타,기타불명,기타불명,기타불명,기타불명,보행자,남,41세,경상
2012071700100228,2012년 7월 17일 13시,화요일,충청남도 홍성군 홍성읍,중상사고,0,1,0,0,차대차 - 기타,교차로운행방법위반,습기,비,교차로 - 교차로안,이륜,여,58세,중상,승용,남,51세,상해없음
2012071700100229,2012년 7월 17일 13시,화요일,충청남도 부여군 부여읍,경상사고,0,0,1,0,차대차 - 측면직각충돌,안전운전불이행,건조,맑음,단일로 - 기타,승용,여,54세,상해없음,원동기,남,50세,경상
2012071700100289,2012년 7월 17일 15시,화요일,충청남도 서산시 읍내동,중상사고,0,1,0,0,차대차 - 측면직각충돌,신호위반,습기,비,교차로 - 교차로안,원동기,남,71세,상해없음,원동기,남,72세,중상
2012071700100290,2012년 7월 17일 15시,화요일,충청남도 태안군 소원면,중상사고,0,1,2,0,차대차 - 추돌 - 주정차중,안전운전불이행,습기,흐림,단일로 - 기타,승용,여,52세,상해없음,승용,여,41세,경상
2012071700100291,2012년 7월 17일 15시,화요일,충청남도 천안시 서북구 쌍용동,중상사고,0,1,0,0,차대차 - 기타,안전운전불이행,건조,맑음,단일로 - 기타,승용,여,45세,상해없음,이륜,남,75세,중상
2012071700100292,2012년 7월 17일 15시,화요일,충청남도 천안시 서북구 쌍용동,중상사고,0,2,0,1,차대사람 - 기타,안전운전불이행,건조,맑음,단일로 - 기타,승용,남,21세,상해없음,보행자,남,32세,중상
2012071700100293,2012년 7월 17일 15시,화요일,충청남도 보령시 명천동,중상사고,0,1,0,0,차대차 - 추돌 - 진행중,안전운전불이행,습기,비,교차로 - 교차로부근,화물,남,39세,상해없음,승용,여,57세,중상
2012071700100320,2012년 7월 17일 16시,화요일,충청남도 천안시 서북구 부대동,경상사고,0,0,1,0,차대차 - 추돌 - 주정차중,안전운전불이행,건조,맑음,단일로 - 기타,승용,남,20세,상해없음,승용,여,44세,경상
2012071700100395,2012년 7월 17일 18시,화요일,충청남도 천안시 동남구 목천읍,중상사고,0,1,1,0,차대차 - 정면충돌,중앙선침범,습기,흐림,단일로 - 기타,승용,남,28세,경상,승용,여,50세,중상
2012071700100427,2012년 7월 17일 19시,화요일,충청남도 부여군 부여읍,경상사고,0,0,1,0,차대차 - 측면직각충돌,직진우회전진행방해,건조,맑음,교차로 - 교차로안,승용,남,43세,상해없음,원동기,남,58세,경상
2012071700100452,2012년 7월 17일 20시,화요일,충청남도 보령시 대천동,중상사고,0,1,0,0,차대차 - 추돌 - 진행중,교차로운행방법위반,습기,흐림,교차로 - 교차로안,원동기,남,17세,중상,승합,여,37세,상해없음
2012071700100454,2012년 7월 17일 20시,화요일,충청남도 금산군 금산읍,경상사고,0,0,1,0,차대차 - 추돌 - 진행중,안전거리미확보,건조,맑음,교차로 - 교차로부근,승용,남,76세,상해없음,승용,여,44세,경상
2012071700100484,2012년 7월 17일 21시,화요일,충청남도 서산시 석림동,중상사고,0,2,1,0,차대사람 - 차도통행중,안전운전불이행,습기,흐림,단일로 - 기타,원동기,남,29세,중상,보행자,남,36세,경상
2012071700100509,2012년 7월 17일 22시,화요일,충청남도 아산시 인주면,중상사고,0,1,3,0,차대차 - 추돌 - 주정차중,기타,건조,맑음,교차로 - 교차로부근,승용,여,25세,상해없음,승용,남,53세,중상
2012071700100510,2012년 7월 17일 22시,화요일,충청남도 보령시 죽정동,경상사고,0,0,1,0,차대차 - 추돌 - 주정차중,안전운전불이행,습기,흐림,교차로 - 교차로부근,승용,여,46세,경상,승용,남,61세,기타불명
2012071700100511,2012년 7월 17일 22시,화요일,충청남도 천안시 동남구 다가동,경상사고,0,0,1,0,차대차 - 기타,안전운전불이행,건조,맑음,단일로 - 기타,승용,남,57세,경상,승용,남,35세,상해없음
2012071800100010,2012년 7월 18일 00시,수요일,충청남도 천안시 서북구 두정동,경상사고,0,0,1,0,차대사람 - 길가장자리구역통행중,안전운전불이행,습기,흐림,단일로 - 기타,승용,남,23세,상해없음,보행자,여,36세,경상
2012071800100031,2012년 7월 18일 01시,수요일,충청남도 아산시 온천동,경상사고,0,0,4,0,차대차 - 측면직각충돌,안전거리미확보,건조,맑음,단일로 - 기타,승용,남,32세,상해없음,승용,남,22세,경상
2012071800100072,2012년 7월 18일 05시,수요일,충청남도 보령시 명천동,경상사고,0,0,1,0,차대차 - 추돌 - 진행중,교차로운행방법위반,습기,비,교차로 - 교차로안,원동기,남,40세,경상,승용,남,54세,상해없음
2012071800100073,2012년 7월 18일 05시,수요일,충청남도 부여군 부여읍,경상사고,0,0,1,0,차대차 - 측면직각충돌,중앙선침범,습기,맑음,단일로 - 기타,승용,남,69세,상해없음,원동기,남,32세,경상
2012071800100100,2012년 7월 18일 07시,수요일,충청남도 서산시 동문동,경상사고,0,0,1,0,차대사람 - 횡단중,보행자보호의무위반,건조,맑음,단일로 - 기타,기타불명,기타불명,기타불명,기타불명,보행자,남,16세,경상
2012071800100128,2012년 7월 18일 08시,수요일,충청남도 아산시 신창면,사망사고,1,0,0,0,차대사람 - 횡단중,안전운전불이행,건조,맑음,교차로 - 교차로부근,화물,남,59세,상해없음,보행자,남,77세,사망
2012071800100129,2012년 7월 18일 08시,수요일,충청남도 금산군 추부면,경상사고,0,0,2,0,차대차 - 측면직각충돌,교차로운행방법위반,건조,맑음,교차로 - 교차로안,승용,남,70세,상해없음,승용,남,24세,경상
2012071800100224,2012년 7월 18일 11시,수요일,충청남도 보령시 궁촌동,중상사고,0,1,0,0,차대차 - 기타,안전운전불이행,건조,맑음,교차로 - 교차로부근,승용,남,46세,상해없음,이륜,남,55세,중상
2012071800100225,2012년 7월 18일 11시,수요일,충청남도 부여군 남면,사망사고,1,0,0,0,차대차 - 기타,안전운전불이행,건조,맑음,단일로 - 기타,화물,남,56세,기타불명,이륜,남,77세,사망
2012071800100257,2012년 7월 18일 12시,수요일,충청남도 보령시 청소면,중상사고,0,1,0,0,차대차 - 기타,안전거리미확보,건조,맑음,단일로 - 기타,이륜,남,81세,중상,승용,여,56세,상해없음
2012071800100283,2012년 7월 18일 13시,수요일,충청남도 천안시 서북구 쌍용동,경상사고,0,0,1,0,차대차 - 기타,안전운전불이행,건조,맑음,단일로 - 기타,승용,남,45세,상해없음,승용,여,30세,경상
2012071800100284,2012년 7월 18일 13시,수요일,충청남도 서천군 마서면,중상사고,0,1,0,0,차대사람 - 기타,안전운전불이행,건조,맑음,단일로 - 기타,승용,여,51세,상해없음,보행자,여,73세,중상
2012071800100285,2012년 7월 18일 13시,수요일,충청남도 예산군 응봉면,중상사고,0,1,2,0,차대차 - 기타,안전운전불이행,건조,맑음,단일로 - 기타,승용,기타불명,기타불명,기타불명,승용,여,52세,중상
2012071800100324,2012년 7월 18일 14시,수요일,충청남도 보령시 내항동,중상사고,0,2,0,0,차대차 - 정면충돌,중앙선침범,습기,비,단일로 - 기타,화물,남,53세,중상,승합,여,52세,중상
2012071800100325,2012년 7월 18일 14시,수요일,충청남도 청양군 비봉면,중상사고,0,1,3,0,차대차 - 측면직각충돌,교차로운행방법위반,건조,맑음,교차로 - 교차로안,건설기계,남,51세,상해없음,승용,여,48세,경상
2012071800100355,2012년 7월 18일 15시,수요일,충청남도 서산시 동문동,경상사고,0,0,1,0,차대차 - 측면직각충돌,교차로운행방법위반,건조,맑음,교차로 - 교차로안,화물,남,40세,상해없음,이륜,남,39세,경상
2012071800100356,2012년 7월 18일 15시,수요일,충청남도 천안시 서북구 성정동,중상사고,0,1,3,0,차대차 - 추돌 - 주정차중,안전운전불이행,건조,맑음,교차로 - 교차로부근,승용,남,51세,상해없음,승용,남,33세,중상
2012071800100358,2012년 7월 18일 15시,수요일,충청남도 천안시 동남구 대흥동,경상사고,0,0,1,0,차대사람 - 횡단중,안전운전불이행,건조,맑음,단일로 - 기타,이륜,남,38세,상해없음,보행자,남,79세,경상
2012071800100395,2012년 7월 18일 16시,수요일,충청남도 예산군 광시면,경상사고,0,0,1,0,차대차 - 기타,안전운전불이행,건조,맑음,단일로 - 기타,승용,여,55세,상해없음,자전거,남,10세,경상
2012071800100431,2012년 7월 18일 17시,수요일,충청남도 논산시 강경읍,경상사고,0,0,1,1,차대차 - 기타,교차로운행방법위반,건조,흐림,교차로 - 교차로안,승용,남,34세,부상신고,이륜,남,65세,경상
2012071800100503,2012년 7월 18일 19시,수요일,충청남도 보령시 웅천읍,경상사고,0,0,1,0,차대차 - 측면직각충돌,직진우회전진행방해,건조,맑음,교차로 - 교차로안,승합,남,41세,상해없음,승용,남,63세,상해없음
2012071800100504,2012년 7월 18일 19시,수요일,충청남도 천안시 동남구 신부동,중상사고,0,1,0,0,차대사람 - 횡단중,안전운전불이행,습기,비,단일로 - 기타,원동기,여,17세,상해없음,보행자,여,38세,중상
2012071800100535,2012년 7월 18일 20시,수요일,충청남도 천안시 서북구 성환읍,중상사고,0,1,0,0,차대차 - 측면직각충돌,신호위반,건조,맑음,교차로 - 교차로안,이륜,남,76세,중상,화물,남,54세,상해없음
2012071800100594,2012년 7월 18일 21시,수요일,충청남도 공주시 반포면,경상사고,0,0,1,0,차대차 - 추돌 - 진행중,안전운전불이행,습기,비,교차로 - 교차로부근,이륜,남,48세,상해없음,자전거,남,46세,경상
2012071800100595,2012년 7월 18일 21시,수요일,충청남도 부여군 규암면,경상사고,0,0,1,0,차량단독 - 전도전복,안전운전불이행,습기,비,단일로 - 기타,승용,남,55세,경상,,,,
2012071800100680,2012년 7월 18일 23시,수요일,충청남도 논산시 강산동,경상사고,0,0,1,0,차대차 - 추돌 - 주정차중,안전운전불이행,습기,비,교차로 - 교차로부근,승용,남,30세,상해없음,이륜,남,19세,경상
2012071800100681,2012년 7월 18일 23시,수요일,충청남도 금산군 추부면,경상사고,0,0,2,0,차량단독 - 전도전복,안전운전불이행,습기,흐림,단일로 - 기타,승용,여,33세,경상,,,,
2012071900100080,2012년 7월 19일 04시,목요일,충청남도 천안시 동남구 성황동,경상사고,0,0,1,0,차대차 - 측면직각충돌,안전운전불이행,습기,비,교차로 - 교차로안,승용,남,22세,상해없음,승용,남,48세,경상
2012071900100094,2012년 7월 19일 05시,목요일,충청남도 천안시 서북구 성정동,부상신고사고,0,0,0,1,차대사람 - 보도통행중,보행자보호의무위반,습기,비,교차로 - 교차로부근,기타불명,기타불명,기타불명,기타불명,보행자,남,25세,부상신고
2012071900100095,2012년 7월 19일 05시,목요일,충청남도 천안시 서북구 성정동,경상사고,0,0,1,0,차대차 - 추돌 - 진행중,안전운전불이행,습기,비,교차로 - 교차로부근,승용,남,25세,상해없음,승용,남,44세,경상
2012071900100132,2012년 7월 19일 07시,목요일,충청남도 천안시 동남구 신부동,중상사고,0,1,3,0,차대차 - 측면직각충돌,차로위반,습기,비,단일로 - 교량,승용,남,28세,상해없음,승합,남,42세,경상
2012071900100166,2012년 7월 19일 08시,목요일,충청남도 천안시 동남구 수신면,사망사고,1,1,0,0,차량단독 - 공작물충돌,안전운전불이행,습기,비,단일로 - 기타,승용,남,37세,중상,,,,
2012071900100216,2012년 7월 19일 10시,목요일,충청남도 논산시 광석면,중상사고,0,1,0,0,차대차 - 추돌 - 진행중,안전운전불이행,습기,비,단일로 - 기타,화물,남,41세,상해없음,이륜,남,59세,중상
2012071900100237,2012년 7월 19일 11시,목요일,충청남도 서천군 서천읍,중상사고,0,1,0,0,차대차 - 기타,직진우회전진행방해,습기,비,교차로 - 교차로안,화물,남,60세,상해없음,이륜,남,77세,중상
2012071900100238,2012년 7월 19일 11시,목요일,충청남도 예산군 예산읍,경상사고,0,0,1,0,차대차 - 기타,차로위반,습기,흐림,교차로 - 교차로부근,원동기,남,75세,경상,화물,남,50세,상해없음
2012071900100286,2012년 7월 19일 13시,목요일,충청남도 천안시 동남구 원성동,경상사고,0,0,1,0,차대차 - 측면직각충돌,안전운전불이행,건조,맑음,교차로 - 교차로부근,승용,남,23세,상해없음,자전거,남,65세,경상
2012071900100311,2012년 7월 19일 14시,목요일,충청남도 천안시 서북구 업성동,중상사고,0,1,0,0,차대사람 - 기타,안전운전불이행,건조,맑음,단일로 - 기타,화물,남,42세,상해없음,보행자,남,36세,중상
2012071900100340,2012년 7월 19일 15시,목요일,충청남도 천안시 서북구 백석동,중상사고,0,1,0,0,차대차 - 측면직각충돌,교차로운행방법위반,건조,맑음,교차로 - 교차로안,승합,남,51세,상해없음,승용,여,60세,중상
2012071900100372,2012년 7월 19일 16시,목요일,충청남도 서천군 마서면,경상사고,0,0,2,0,차대차 - 기타,중앙선침범,건조,맑음,단일로 - 기타,승용,여,56세,경상,승용,남,66세,경상
2012071900100403,2012년 7월 19일 17시,목요일,충청남도 보령시 대천동,중상사고,0,1,0,0,차대차 - 기타,교차로운행방법위반,건조,맑음,교차로 - 교차로안,승용,여,39세,상해없음,자전거,남,82세,중상
2012071900100439,2012년 7월 19일 18시,목요일,충청남도 홍성군 광천읍,경상사고,0,0,1,0,차대사람 - 기타,안전운전불이행,건조,맑음,교차로 - 교차로안,이륜,남,71세,상해없음,보행자,남,36세,경상
2012071900100440,2012년 7월 19일 18시,목요일,충청남도 천안시 동남구 동면,사망사고,1,0,0,0,차량단독 - 공작물충돌,안전운전불이행,습기,맑음,단일로 - 기타,승합,남,71세,사망,,,,
2012071900100473,2012년 7월 19일 19시,목요일,충청남도 천안시 서북구 성환읍,중상사고,0,1,2,0,차대차 - 측면직각충돌,중앙선침범,건조,맑음,미분류 - 미분류,승용,남,53세,상해없음,승용,여,32세,경상
2012071900100501,2012년 7월 19일 20시,목요일,충청남도 아산시 온천동,경상사고,0,0,1,0,차대차 - 측면직각충돌,교차로운행방법위반,건조,맑음,교차로 - 교차로안,승용,남,59세,상해없음,화물,남,29세,경상
2012071900100529,2012년 7월 19일 21시,목요일,충청남도 부여군 구룡면,경상사고,0,0,1,0,차대사람 - 기타,안전운전불이행,기타,맑음,기타 - 기타,승용,남,29세,상해없음,보행자,남,26세,경상
2012071900100530,2012년 7월 19일 21시,목요일,충청남도 천안시 동남구 대흥동,중상사고,0,2,0,0,차대차 - 정면충돌,안전운전불이행,건조,맑음,교차로 - 교차로안,승용,남,50세,상해없음,승용,남,60세,중상
2012071900100552,2012년 7월 19일 22시,목요일,충청남도 논산시 취암동,경상사고,0,0,2,0,차대차 - 추돌 - 주정차중,안전운전불이행,건조,맑음,단일로 - 기타,승용,여,37세,상해없음,승용,남,33세,경상
2012071900100553,2012년 7월 19일 22시,목요일,충청남도 논산시 강산동,경상사고,0,0,1,0,차대차 - 측면직각충돌,안전운전불이행,건조,맑음,교차로 - 교차로부근,승용,여,37세,상해없음,화물,남,62세,경상
2012071900100554,2012년 7월 19일 22시,목요일,충청남도 천안시 동남구 신부동,경상사고,0,0,3,0,차대차 - 추돌 - 진행중,안전운전불이행,건조,맑음,교차로 - 교차로부근,승용,남,25세,상해없음,승용,남,31세,경상
2012071900100581,2012년 7월 19일 23시,목요일,충청남도 천안시 서북구 성정동,중상사고,0,1,0,0,차대사람 - 횡단중,안전운전불이행,건조,맑음,단일로 - 기타,승용,남,53세,상해없음,보행자,남,42세,중상
2012071900100582,2012년 7월 19일 23시,목요일,충청남도 천안시 서북구 백석동,경상사고,0,0,2,0,차대차 - 기타,안전운전불이행,건조,맑음,단일로 - 기타,승용,남,32세,상해없음,승용,여,38세,경상
2012072000100047,2012년 7월 20일 01시,금요일,충청남도 공주시 신관동,중상사고,0,1,0,0,차대사람 - 기타,안전운전불이행,건조,맑음,단일로 - 기타,화물,남,41세,상해없음,보행자,남,36세,중상
2012072000100120,2012년 7월 20일 06시,금요일,충청남도 논산시 은진면,중상사고,0,1,0,0,차대사람 - 기타,안전운전불이행,건조,맑음,단일로 - 기타,기타불명,기타불명,기타불명,기타불명,보행자,여,68세,중상
2012072000100121,2012년 7월 20일 06시,금요일,충청남도 청양군 정산면,중상사고,0,1,1,0,차대차 - 측면직각충돌,중앙선침범,건조,맑음,단일로 - 기타,화물,남,75세,경상,승용,남,22세,중상
2012072000100139,2012년 7월 20일 07시,금요일,충청남도 천안시 서북구 성정동,경상사고,0,0,2,0,차대차 - 추돌 - 진행중,안전운전불이행,건조,맑음,교차로 - 교차로부근,승용,남,32세,상해없음,승용,여,25세,경상
2012072000100251,2012년 7월 20일 11시,금요일,충청남도 태안군 안면읍,중상사고,0,1,0,0,차대차 - 측면직각충돌,교차로운행방법위반,건조,맑음,교차로 - 교차로안,승용,남,39세,상해없음,원동기,남,46세,중상
2012072000100311,2012년 7월 20일 13시,금요일,충청남도 서산시 동문동,경상사고,0,0,1,0,차대사람 - 횡단중,보행자보호의무위반,건조,맑음,교차로 - 교차로부근,승용,남,68세,상해없음,보행자,여,7세,경상
2012072000100382,2012년 7월 20일 15시,금요일,충청남도 논산시 광석면,중상사고,0,1,0,0,차대차 - 추돌 - 주정차중,안전운전불이행,건조,맑음,단일로 - 기타,화물,남,34세,중상,화물,남,38세,기타불명
2012072000100383,2012년 7월 20일 15시,금요일,충청남도 보령시 동대동,경상사고,0,0,1,0,차대차 - 측면직각충돌,불법유턴,건조,맑음,교차로 - 교차로부근,승용,남,47세,상해없음,승용,남,36세,경상
2012072000100465,2012년 7월 20일 17시,금요일,충청남도 금산군 군북면,경상사고,0,0,2,0,차대차 - 추돌 - 주정차중,안전운전불이행,건조,맑음,교차로 - 교차로부근,승용,남,22세,상해없음,승용,남,26세,경상
2012072000100466,2012년 7월 20일 17시,금요일,충청남도 천안시 동남구 대흥동,경상사고,0,0,1,0,차대차 - 기타,기타,건조,맑음,단일로 - 기타,승용,남,45세,상해없음,원동기,남,59세,경상
2012072000100503,2012년 7월 20일 18시,금요일,충청남도 부여군 석성면,사망사고,1,0,0,0,차대사람 - 기타,안전운전불이행,건조,맑음,단일로 - 기타,승용,남,52세,상해없음,보행자,남,77세,사망
2012072000100504,2012년 7월 20일 18시,금요일,충청남도 부여군 부여읍,중상사고,0,1,0,0,차대차 - 측면직각충돌,직진우회전진행방해,건조,맑음,교차로 - 교차로안,승합,남,45세,상해없음,이륜,남,20세,중상
2012072000100505,2012년 7월 20일 18시,금요일,충청남도 당진시 송악읍,중상사고,0,1,0,0,차대사람 - 기타,중앙선침범,건조,맑음,단일로 - 기타,승용,남,67세,상해없음,보행자,남,12세,중상
2012072000100578,2012년 7월 20일 20시,금요일,충청남도 홍성군 광천읍,중상사고,0,1,0,0,차대차 - 정면충돌,중앙선침범,건조,맑음,단일로 - 기타,승용,여,59세,상해없음,승용,남,58세,중상
2012072000100579,2012년 7월 20일 20시,금요일,충청남도 공주시 신관동,중상사고,0,1,0,0,차대차 - 측면직각충돌,신호위반,건조,기타,교차로 - 교차로안,승용,남,21세,상해없음,이륜,남,18세,중상
2012072000100580,2012년 7월 20일 20시,금요일,충청남도 예산군 봉산면,중상사고,0,1,0,0,차대사람 - 횡단중,보행자보호의무위반,건조,맑음,교차로 - 교차로안,승용,남,67세,상해없음,보행자,남,76세,중상
2012072000100622,2012년 7월 20일 21시,금요일,충청남도 예산군 예산읍,중상사고,0,1,0,0,차대사람 - 횡단중,안전운전불이행,건조,맑음,교차로 - 교차로부근,승용,남,54세,상해없음,보행자,여,51세,중상
2012072000100650,2012년 7월 20일 22시,금요일,충청남도 천안시 서북구 쌍용동,경상사고,0,0,3,0,차대차 - 기타,신호위반,건조,맑음,교차로 - 교차로안,승용,여,44세,경상,승용,남,32세,경상