사고번호,사고일시,요일,시군구,사고내용,사망자수,중상자수,경상자수,부상신고자수,사고유형,법규위반,노면상태,기상상태,도로형태,가해운전자 차종,가해운전자 성별,가해운전자 연령,가해운전자 상해정도,피해운전자 차종,피해운전자 성별,피해운전자 연령,피해운전자 상해정도
2012072700100009,2012년 7월 27일 00시,금요일,충청남도 보령시 신흑동,경상사고,0,0,1,0,차대사람 - 보도통행중,보행자보호의무위반,건조,맑음,단일로 - 기타,승용,남,27세,상해없음,보행자,여,42세,경상
2012072700100029,2012년 7월 27일 01시,금요일,충청남도 천안시 동남구 다가동,중상사고,0,1,0,0,차대차 - 측면직각충돌,교차로운행방법위반,건조,맑음,교차로 - 교차로안,승용,남,35세,상해없음,승용,여,22세,중상
2012072700100094,2012년 7월 27일 06시,금요일,충청남도 계룡시 엄사면,경상사고,0,0,2,0,차대차 - 측면직각충돌,신호위반,건조,맑음,교차로 - 교차로안,승용,남,37세,상해없음,승용,남,58세,경상
2012072700100095,2012년 7월 27일 06시,금요일,충청남도 공주시 신관동,경상사고,0,0,1,0,차대차 - 측면직각충돌,신호위반,건조,기타,교차로 - 교차로안,건설기계,남,37세,상해없음,화물,남,29세,경상
2012072700100110,2012년 7월 27일 07시,금요일,충청남도 아산시 신창면,경상사고,0,0,1,0,차대차 - 추돌 - 진행중,안전운전불이행,건조,맑음,교차로 - 교차로부근,승용,남,30세,상해없음,승용,남,24세,경상
2012072700100173,2012년 7월 27일 09시,금요일,충청남도 천안시 서북구 성정동,경상사고,0,0,1,0,차대차 - 기타,안전운전불이행,건조,맑음,교차로 - 교차로안,승용,남,52세,상해없음,승용,남,32세,경상
2012072700100208,2012년 7월 27일 10시,금요일,충청남도 보령시 신흑동,중상사고,0,1,0,0,차대차 - 측면직각충돌,신호위반,건조,맑음,교차로 - 교차로안,승용,여,44세,상해없음,이륜,남,75세,중상
2012072700100209,2012년 7월 27일 10시,금요일,충청남도 금산군 금성면,중상사고,0,1,0,0,차량단독 - 전도전복,안전운전불이행,건조,맑음,교차로 - 교차로부근,승용,여,58세,기타불명,,,,
2012072700100253,2012년 7월 27일 11시,금요일,충청남도 아산시 온천동,중상사고,0,1,0,0,차대사람 - 기타,안전운전불이행,건조,맑음,기타 - 기타,승용,남,41세,상해없음,보행자,남,75세,중상
2012072700100341,2012년 7월 27일 14시,금요일,충청남도 논산시 연무읍,중상사고,0,2,0,0,차대차 - 정면충돌,중앙선침범,건조,맑음,단일로 - 기타,화물,남,40세,중상,화물,남,48세,중상
2012072700100342,2012년 7월 27일 14시,금요일,충청남도 천안시 서북구 성거읍,중상사고,0,5,3,0,차대차 - 추돌 - 주정차중,안전거리미확보,건조,맑음,단일로 - 기타,승합,남,45세,상해없음,승용,남,35세,중상
2012072700100413,2012년 7월 27일 16시,금요일,충청남도 서산시 석림동,경상사고,0,0,1,0,차대차 - 측면직각충돌,차로위반,건조,맑음,교차로 - 교차로부근,화물,남,67세,상해없음,승용,여,37세,경상
2012072700100456,2012년 7월 27일 17시,금요일,충청남도 천안시 서북구 불당동,경상사고,0,0,2,0,차대차 - 측면직각충돌,안전운전불이행,건조,맑음,단일로 - 기타,이륜,남,17세,경상,화물,남,54세,상해없음
2012072700100457,2012년 7월 27일 17시,금요일,충청남도 보령시 주교면,중상사고,0,1,2,0,차대차 - 정면충돌,중앙선침범,건조,맑음,단일로 - 기타,화물,여,51세,상해없음,화물,남,68세,경상
2012072700100458,2012년 7월 27일 17시,금요일,충청남도 청양군 남양면,경상사고,0,0,1,0,차대차 - 측면직각충돌,직진우회전진행방해,건조,맑음,교차로 - 교차로안,이륜,남,69세,경상,승합,남,70세,상해없음
2012072700100501,2012년 7월 27일 18시,금요일,충청남도 천안시 서북구 쌍용동,경상사고,0,0,5,0,차대차 - 추돌 - 진행중,안전운전불이행,건조,맑음,단일로 - 기타,승합,남,41세,상해없음,승용,남,39세,경상
2012072700100502,2012년 7월 27일 18시,금요일,충청남도 천안시 동남구 신부동,경상사고,0,0,1,0,차대차 - 추돌 - 진행중,교차로운행방법위반,건조,맑음,교차로 - 교차로안,승용,남,37세,상해없음,이륜,남,26세,상해없음
2012072700100614,2012년 7월 27일 21시,금요일,충청남도 천안시 서북구 성환읍,중상사고,0,1,0,0,차대차 - 기타,안전운전불이행,건조,맑음,교차로 - 교차로부근,화물,남,46세,상해없음,자전거,남,62세,중상
2012072700100615,2012년 7월 27일 21시,금요일,충청남도 공주시 신관동,중상사고,0,1,2,0,차대차 - 측면직각충돌,신호위반,건조,맑음,교차로 - 교차로안,승용,여,37세,상해없음,승용,남,63세,경상
2012072700100616,2012년 7월 27일 21시,금요일,충청남도 천안시 동남구 병천면,경상사고,0,0,4,1,차대차 - 추돌 - 주정차중,안전거리미확보,건조,맑음,교차로 - 교차로부근,승용,여,38세,상해없음,승용,남,51세,경상
2012072700100658,2012년 7월 27일 22시,금요일,충청남도 천안시 동남구 신부동,경상사고,0,0,2,0,차대차 - 측면직각충돌,안전운전불이행,건조,맑음,단일로 - 기타,승용,남,21세,상해없음,승용,남,22세,경상
2012072700100690,2012년 7월 27일 23시,금요일,충청남도 논산시 은진면,중상사고,0,1,0,0,차대차 - 추돌 - 진행중,안전거리미확보,건조,맑음,단일로 - 기타,승합,남,28세,상해없음,이륜,남,31세,중상
2012072700100691,2012년 7월 27일 23시,금요일,충청남도 금산군 금산읍,중상사고,0,1,2,0,차대차 - 측면직각충돌,교차로운행방법위반,건조,맑음,교차로 - 교차로안,이륜,남,38세,경상,승용,남,20세,상해없음
2012072800100012,2012년 7월 28일 00시,토요일,충청남도 천안시 서북구 두정동,중상사고,0,1,0,0,차대차 - 측면직각충돌,중앙선침범,건조,맑음,교차로 - 교차로부근,승용,남,29세,상해없음,이륜,남,42세,중상
2012072800100013,2012년 7월 28일 00시,토요일,충청남도 공주시 금학동,경상사고,0,0,2,0,차대차 - 기타,안전거리미확보,건조,맑음,단일로 - 기타,승용,남,39세,상해없음,승용,남,39세,경상
2012072800100037,2012년 7월 28일 01시,토요일,충청남도 홍성군 구항면,사망사고,1,0,0,0,차대사람 - 기타,안전운전불이행,건조,맑음,단일로 - 기타,승용,남,31세,상해없음,보행자,남,23세,사망
2012072800100052,2012년 7월 28일 02시,토요일,충청남도 보령시 신흑동,중상사고,0,2,0,0,차량단독 - 공작물충돌,안전운전불이행,건조,맑음,교차로 - 교차로안,이륜,남,28세,중상,,,,
2012072800100101,2012년 7월 28일 05시,토요일,충청남도 서산시 동문동,경상사고,0,0,3,0,차대차 - 추돌 - 주정차중,안전운전불이행,건조,맑음,교차로 - 교차로부근,승용,남,42세,상해없음,승용,남,29세,경상
2012072800100132,2012년 7월 28일 07시,토요일,충청남도 부여군 규암면,중상사고,0,1,0,0,차대차 - 추돌 - 진행중,안전운전불이행,건조,맑음,교차로 - 교차로부근,승용,남,35세,상해없음,이륜,여,57세,중상
2012072800100179,2012년 7월 28일 09시,토요일,충청남도 아산시 인주면,중상사고,0,1,1,0,차대차 - 측면직각충돌,기타,건조,맑음,교차로 - 교차로안,화물,남,55세,경상,승합,남,47세,중상
2012072800100180,2012년 7월 28일 09시,토요일,충청남도 서천군 비인면,중상사고,0,2,2,0,차대차 - 기타,직진우회전진행방해,건조,맑음,교차로 - 교차로안,승용,여,39세,중상,건설기계,남,38세,경상
2012072800100204,2012년 7월 28일 10시,토요일,충청남도 당진시 송악읍,중상사고,0,2,0,0,차대차 - 측면직각충돌,교차로운행방법위반,건조,맑음,교차로 - 교차로부근,화물,남,36세,상해없음,승용,여,48세,중상
2012072800100228,2012년 7월 28일 11시,토요일,충청남도 태안군 태안읍,경상사고,0,0,1,0,차대차 - 측면직각충돌,중앙선침범,건조,맑음,단일로 - 기타,승용,남,70세,상해없음,화물,남,56세,경상
2012072800100293,2012년 7월 28일 13시,토요일,충청남도 보령시 대천동,경상사고,0,0,1,0,차대차 - 측면직각충돌,교차로운행방법위반,건조,맑음,교차로 - 교차로안,승용,여,46세,상해없음,이륜,남,60세,경상
2012072800100294,2012년 7월 28일 13시,토요일,충청남도 천안시 동남구 구성동,경상사고,0,0,2,0,차대차 - 측면직각충돌,안전운전불이행,건조,맑음,단일로 - 기타,승합,남,28세,상해없음,승용,남,63세,경상
2012072800100331,2012년 7월 28일 14시,토요일,충청남도 천안시 동남구 성황동,경상사고,0,0,2,0,차대차 - 추돌 - 주정차중,안전운전불이행,건조,맑음,교차로 - 교차로부근,승용,남,63세,상해없음,승용,남,53세,경상
2012072800100362,2012년 7월 28일 15시,토요일,충청남도 태안군 태안읍,중상사고,0,1,0,0,차대차 - 측면직각충돌,직진우회전진행방해,건조,맑음,교차로 - 교차로안,화물,남,30세,상해없음,원동기,남,51세,중상
2012072800100363,2012년 7월 28일 15시,토요일,충청남도 서천군 서면,중상사고,0,2,1,0,철길건널목 - 기타,기타,건조,맑음,단일로 - 철길건널목,승용,남,51세,중상,기타불명,남,48세,상해없음
2012072800100394,2012년 7월 28일 16시,토요일,충청남도 천안시 서북구 쌍용동,경상사고,0,0,1,0,차대차 - 측면직각충돌,기타,건조,맑음,교차로 - 교차로안,자전거,남,14세,경상,기타불명,미분류,기타불명,기타불명
2012072800100500,2012년 7월 28일 19시,토요일,충청남도 서산시 동문동,중상사고,0,1,0,0,차대차 - 측면직각충돌,교차로운행방법위반,건조,맑음,교차로 - 교차로안,승용,여,51세,상해없음,이륜,남,16세,중상
2012072800100501,2012년 7월 28일 19시,토요일,충청남도 논산시 광석면,중상사고,0,1,2,0,차대차 - 기타,안전운전불이행,건조,맑음,단일로 - 기타,승용,여,45세,경상,승합,남,42세,상해없음
2012072800100538,2012년 7월 28일 20시,토요일,충청남도 서산시 운산면,사망사고,1,0,0,0,차대차 - 기타,안전운전불이행,건조,맑음,교차로 - 교차로안,화물,남,76세,상해없음,자전거,남,73세,사망
2012072800100539,2012년 7월 28일 20시,토요일,충청남도 서천군 서천읍,중상사고,0,1,0,0,차대차 - 기타,중앙선침범,건조,맑음,단일로 - 기타,승용,여,60세,상해없음,이륜,남,58세,중상
2012072800100582,2012년 7월 28일 21시,토요일,충청남도 서산시 성연면,경상사고,0,0,1,0,차량단독 - 기타,안전운전불이행,건조,맑음,교차로 - 교차로부근,승용,남,39세,경상,,,,
2012072800100583,2012년 7월 28일 21시,토요일,충청남도 천안시 서북구 성거읍,경상사고,0,0,2,0,차대차 - 추돌 - 주정차중,안전운전불이행,건조,맑음,기타 - 기타,승합,남,30세,상해없음,승용,남,49세,경상
2012072800100584,2012년 7월 28일 21시,토요일,충청남도 서천군 장항읍,중상사고,0,1,0,0,차대차 - 기타,안전운전불이행,건조,맑음,단일로 - 기타,자전거,남,58세,중상,승용,남,29세,상해없음
2012072800100627,2012년 7월 28일 22시,토요일,충청남도 논산시 양촌면,사망사고,1,0,0,0,차대차 - 정면충돌,직진우회전진행방해,건조,맑음,교차로 - 교차로안,이륜,남,71세,사망,승합,여,54세,상해없음
2012072800100648,2012년 7월 28일 23시,토요일,충청남도 청양군 장평면,중상사고,0,1,2,0,차대차 - 기타,안전운전불이행,건조,맑음,단일로 - 기타,승합,남,21세,상해없음,승용,여,30세,중상
2012072900100032,2012년 7월 29일 01시,일요일,충청남도 보령시 내항동,경상사고,0,0,1,0,차량단독 - 공작물충돌,안전운전불이행,건조,맑음,단일로 - 기타,승용,남,42세,상해없음,,,,
2012072900100050,2012년 7월 29일 02시,일요일,충청남도 천안시 동남구 병천면,부상신고사고,0,0,0,1,차대사람 - 차도통행중,안전운전불이행,건조,기타,단일로 - 기타,승용,남,34세,상해없음,보행자,남,29세,부상신고
2012072900100088,2012년 7월 29일 05시,일요일,충청남도 서산시 동문동,경상사고,0,0,1,0,차대차 - 측면직각충돌,교차로운행방법위반,건조,맑음,교차로 - 교차로안,원동기,남,75세,경상,승용,여,49세,상해없음
2012072900100185,2012년 7월 29일 11시,일요일,충청남도 태안군 안면읍,경상사고,0,0,3,0,차대차 - 추돌 - 진행중,안전운전불이행,건조,맑음,단일로 - 기타,승용,남,18세,상해없음,승용,여,41세,경상
2012072900100210,2012년 7월 29일 12시,일요일,충청남도 논산시 양촌면,중상사고,0,2,3,0,차대차 - 측면직각충돌,교차로운행방법위반,건조,맑음,교차로 - 교차로안,승용,남,50세,상해없음,승용,남,34세,경상
2012072900100258,2012년 7월 29일 14시,일요일,충청남도 천안시 동남구 북면,중상사고,0,1,3,0,차대차 - 기타,안전운전불이행,건조,맑음,단일로 - 기타,화물,남,61세,상해없음,승용,남,46세,중상
2012072900100286,2012년 7월 29일 15시,일요일,충청남도 보령시 성주면,경상사고,0,0,1,0,차대사람 - 기타,안전운전불이행,건조,맑음,단일로 - 기타,승용,남,46세,상해없음,보행자,여,59세,경상
2012072900100287,2012년 7월 29일 15시,일요일,충청남도 공주시 반포면,중상사고,0,1,0,0,차대사람 - 기타,안전운전불이행,건조,맑음,단일로 - 기타,건설기계,남,50세,상해없음,보행자,남,57세,중상
2012072900100288,2012년 7월 29일 15시,일요일,충청남도 예산군 예산읍,경상사고,0,0,1,0,차대차 - 기타,안전운전불이행,건조,맑음,단일로 - 기타,기타불명,기타불명,기타불명,기타불명,자전거,남,60세,경상
2012072900100323,2012년 7월 29일 16시,일요일,충청남도 서산시 동문동,중상사고,0,1,0,0,차대사람 - 횡단중,보행자보호의무위반,건조,맑음,단일로 - 기타,승용,여,48세,상해없음,보행자,여,23세,중상
2012072900100363,2012년 7월 29일 17시,일요일,충청남도 태안군 태안읍,중상사고,0,2,0,0,차대차 - 정면충돌,중앙선침범,건조,맑음,단일로 - 기타,승용,남,53세,상해없음,승용,남,30세,중상
2012072900100364,2012년 7월 29일 17시,일요일,충청남도 논산시 내동,경상사고,0,0,1,0,차대차 - 측면직각충돌,안전운전불이행,건조,맑음,단일로 - 기타,승용,남,25세,상해없음,이륜,남,18세,경상
2012072900100399,2012년 7월 29일 18시,일요일,충청남도 보령시 신흑동,경상사고,0,0,1,0,차대차 - 측면직각충돌,중앙선침범,건조,맑음,단일로 - 기타,승용,남,24세,상해없음,이륜,남,41세,경상
2012072900100400,2012년 7월 29일 18시,일요일,충청남도 천안시 동남구 풍세면,중상사고,0,1,0,0,차량단독 - 기타,안전운전불이행,건조,맑음,단일로 - 기타,원동기,여,30세,중상,,,,
2012072900100459,2012년 7월 29일 20시,일요일,충청남도 보령시 동대동,경상사고,0,0,12,0,차대차 - 추돌 - 진행중,신호위반,건조,맑음,교차로 - 교차로안,특수,남,33세,경상,승용,남,51세,경상
2012072900100460,2012년 7월 29일 20시,일요일,충청남도 보령시 동대동,경상사고,0,0,1,0,차대차 - 기타,중앙선침범,건조,맑음,교차로 - 교차로안,기타불명,기타불명,기타불명,기타불명,승용,남,59세,경상
2012072900100461,2012년 7월 29일 20시,일요일,충청남도 천안시 동남구 용곡동,경상사고,0,0,1,0,차대차 - 추돌 - 주정차중,안전운전불이행,건조,맑음,교차로 - 교차로부근,승용,남,50세,상해없음,승용,남,31세,경상
2012073000100012,2012년 7월 30일 00시,월요일,충청남도 천안시 서북구 성거읍,중상사고,0,1,2,0,차량단독 - 도로외이탈 - 추락,안전운전불이행,건조,맑음,단일로 - 기타,승용,여,47세,경상,,,,
2012073000100013,2012년 7월 30일 00시,월요일,충청남도 천안시 서북구 성정동,중상사고,0,1,0,0,차대사람 - 횡단중,안전운전불이행,건조,맑음,단일로 - 기타,승용,남,28세,상해없음,보행자,남,28세,중상
2012073000100042,2012년 7월 30일 04시,월요일,충청남도 공주시 정안면,중상사고,0,2,2,0,차대차 - 기타,안전운전불이행,건조,맑음,단일로 - 기타,승합,남,53세,상해없음,승용,남,18세,상해없음
2012073000100081,2012년 7월 30일 07시,월요일,충청남도 천안시 동남구 목천읍,경상사고,0,0,1,0,차대차 - 측면직각충돌,안전운전불이행,건조,맑음,단일로 - 기타,승용,남,23세,상해없음,승용,남,24세,경상
2012073000100107,2012년 7월 30일 08시,월요일,충청남도 서천군 마서면,중상사고,0,1,0,0,차대차 - 기타,교차로운행방법위반,건조,맑음,교차로 - 교차로안,화물,남,46세,상해없음,이륜,남,71세,중상
2012073000100144,2012년 7월 30일 09시,월요일,충청남도 태안군 태안읍,중상사고,0,1,0,0,차대사람 - 횡단중,보행자보호의무위반,건조,맑음,교차로 - 교차로안,화물,남,46세,상해없음,보행자,여,13세,중상
2012073000100177,2012년 7월 30일 10시,월요일,충청남도 천안시 서북구 두정동,경상사고,0,0,1,0,차대사람 - 횡단중,안전운전불이행,건조,맑음,교차로 - 교차로부근,승용,여,61세,상해없음,보행자,남,4세,경상
2012073000100178,2012년 7월 30일 10시,월요일,충청남도 금산군 금성면,경상사고,0,0,3,0,차대차 - 기타,안전운전불이행,건조,맑음,단일로 - 기타,승합,남,66세,상해없음,승용,남,53세,경상
2012073000100314,2012년 7월 30일 14시,월요일,충청남도 보령시 신흑동,경상사고,0,0,2,0,차대차 - 추돌 - 주정차중,안전운전불이행,건조,맑음,교차로 - 교차로부근,승용,여,51세,상해없음,승용,남,32세,경상
2012073000100315,2012년 7월 30일 14시,월요일,충청남도 공주시 이인면,경상사고,0,0,1,0,차량단독 - 전도전복,안전운전불이행,건조,맑음,단일로 - 기타,이륜,남,14세,상해없음,,,,
2012073000100394,2012년 7월 30일 16시,월요일,충청남도 천안시 서북구 두정동,중상사고,0,1,0,0,차대차 - 측면직각충돌,신호위반,건조,맑음,단일로 - 기타,승용,여,54세,상해없음,이륜,남,32세,중상
2012073000100395,2012년 7월 30일 16시,월요일,충청남도 천안시 동남구 원성동,경상사고,0,0,1,0,차대차 - 기타,안전운전불이행,건조,맑음,단일로 - 기타,승용,여,56세,상해없음,승용,남,43세,경상
2012073000100430,2012년 7월 30일 17시,월요일,충청남도 금산군 남일면,중상사고,0,1,0,0,차대차 - 측면직각충돌,안전운전불이행,건조,맑음,단일로 - 기타,농기계,남,57세,상해없음,이륜,남,66세,중상
2012073000100508,2012년 7월 30일 19시,월요일,충청남도 서산시 석림동,경상사고,0,0,2,0,차대차 - 기타,차로위반,건조,맑음,교차로 - 교차로부근,승용,여,26세,상해없음,승용,남,47세,경상
2012073000100509,2012년 7월 30일 19시,월요일,충청남도 천안시 동남구 사직동,경상사고,0,0,2,0,차대차 - 기타,안전운전불이행,건조,맑음,단일로 - 기타,승용,남,61세,상해없음,승용,여,30세,상해없음
2012073000100543,2012년 7월 30일 20시,월요일,충청남도 천안시 서북구 쌍용동,경상사고,0,0,2,0,차대차 - 기타,신호위반,건조,맑음,단일로 - 기타,승용,남,38세,상해없음,승용,여,37세,경상
2012073000100544,2012년 7월 30일 20시,월요일,충청남도 부여군 은산면,사망사고,1,0,0,0,차량단독 - 전도전복,안전운전불이행,건조,맑음,교차로 - 교차로부근,이륜,남,70세,사망,,,,
2012073000100545,2012년 7월 30일 20시,월요일,충청남도 천안시 동남구 병천면,경상사고,0,0,1,0,차대차 - 기타,안전운전불이행,건조,맑음,단일로 - 기타,자전거,남,15세,경상,화물,남,28세,상해없음
2012073100100014,2012년 7월 31일 00시,화요일,충청남도 보령시 신흑동,중상사고,0,1,0,0,차대차 - 측면직각충돌,신호위반,건조,맑음,교차로 - 교차로안,승용,남,29세,상해없음,승용,남,44세,중상
2012073100100032,2012년 7월 31일 01시,화요일,충청남도 천안시 서북구 입장면,중상사고,0,3,1,0,차대차 - 측면직각충돌,안전거리미확보,건조,맑음,교차로 - 교차로부근,특수,남,49세,상해없음,승용,남,51세,경상
2012073100100047,2012년 7월 31일 03시,화요일,충청남도 보령시 신흑동,경상사고,0,0,1,0,차대차 - 기타,중앙선침범,건조,맑음,단일로 - 기타,승용,남,20세,상해없음,원동기,여,44세,경상
2012073100100083,2012년 7월 31일 07시,화요일,충청남도 보령시 신흑동,경상사고,0,0,1,0,차대차 - 기타,직진우회전진행방해,건조,맑음,교차로 - 교차로안,기타불명,기타불명,기타불명,기타불명,승용,남,55세,경상
2012073100100110,2012년 7월 31일 08시,화요일,충청남도 천안시 동남구 구성동,경상사고,0,0,1,0,차대사람 - 횡단중,신호위반,건조,맑음,단일로 - 기타,승용,남,54세,상해없음,보행자,여,11세,경상
2012073100100141,2012년 7월 31일 09시,화요일,충청남도 보령시 성주면,경상사고,0,0,1,0,차대차 - 기타,중앙선침범,건조,맑음,교차로 - 교차로부근,건설기계,남,50세,상해없음,승합,남,32세,경상
2012073100100163,2012년 7월 31일 10시,화요일,충청남도 당진시 송악읍,경상사고,0,0,2,0,차대차 - 추돌 - 진행중,안전운전불이행,건조,맑음,단일로 - 기타,화물,남,54세,상해없음,승용,여,46세,경상
2012073100100189,2012년 7월 31일 11시,화요일,충청남도 부여군 부여읍,중상사고,0,1,0,0,차대사람 - 보도통행중,보행자보호의무위반,건조,맑음,단일로 - 횡단보도상,화물,남,52세,기타불명,보행자,여,86세,중상
2012073100100190,2012년 7월 31일 11시,화요일,충청남도 천안시 동남구 목천읍,중상사고,0,1,4,0,차대차 - 추돌 - 진행중,안전거리미확보,건조,맑음,단일로 - 기타,화물,남,36세,상해없음,승합,남,52세,경상
2012073100100191,2012년 7월 31일 11시,화요일,충청남도 천안시 동남구 신부동,경상사고,0,0,1,0,차대차 - 추돌 - 진행중,안전운전불이행,건조,맑음,단일로 - 기타,특수,남,51세,상해없음,승용,남,60세,경상
2012073100100227,2012년 7월 31일 12시,화요일,충청남도 홍성군 금마면,중상사고,0,3,7,0,차대차 - 측면직각충돌,차로위반,건조,맑음,단일로 - 기타,화물,남,53세,상해없음,승용,남,32세,중상
2012073100100253,2012년 7월 31일 13시,화요일,충청남도 보령시 주포면,경상사고,0,0,1,0,차대차 - 기타,직진우회전진행방해,건조,맑음,교차로 - 교차로안,화물,남,49세,상해없음,화물,남,52세,경상
2012073100100281,2012년 7월 31일 14시,화요일,충청남도 천안시 서북구 쌍용동,중상사고,0,1,0,0,차대차 - 측면직각충돌,안전운전불이행,건조,맑음,단일로 - 기타,승용,남,51세,상해없음,원동기,남,49세,중상
2012073100100315,2012년 7월 31일 15시,화요일,충청남도 서산시 동문동,중상사고,0,1,0,0,차대사람 - 보도통행중,안전운전불이행,건조,맑음,교차로 - 교차로부근,승용,남,70세,상해없음,보행자,여,55세,중상
2012073100100316,2012년 7월 31일 15시,화요일,충청남도 논산시 강경읍,경상사고,0,0,1,0,차대차 - 측면직각충돌,안전운전불이행,건조,맑음,단일로 - 기타,승용,여,53세,상해없음,자전거,여,64세,경상
2012073100100344,2012년 7월 31일 16시,화요일,충청남도 천안시 동남구 목천읍,경상사고,0,0,5,0,차대차 - 측면직각충돌,교차로운행방법위반,건조,맑음,교차로 - 교차로안,승용,여,57세,경상,승용,남,33세,경상
2012073100100377,2012년 7월 31일 17시,화요일,충청남도 천안시 서북구 직산읍,부상신고사고,0,0,0,1,차대차 - 측면직각충돌,신호위반,건조,맑음,교차로 - 교차로안,승용,남,50세,상해없음,승용,남,31세,부상신고
2012073100100378,2012년 7월 31일 17시,화요일,충청남도 보령시 신흑동,중상사고,0,1,0,0,차대사람 - 횡단중,안전운전불이행,건조,맑음,교차로 - 교차로부근,승용,남,53세,상해없음,보행자,여,77세,중상
2012073100100379,2012년 7월 31일 17시,화요일,충청남도 공주시 봉정동,중상사고,0,1,0,0,차대차 - 기타,안전운전불이행,건조,맑음,단일로 - 기타,화물,기타불명,기타불명,기타불명,원동기,남,70세,중상
2012073100100380,2012년 7월 31일 17시,화요일,충청남도 부여군 외산면,경상사고,0,0,3,0,차대차 - 추돌 - 진행중,안전거리미확보,건조,맑음,단일로 - 기타,화물,남,47세,상해없음,승용,여,39세,경상
2012073100100381,2012년 7월 31일 17시,화요일,충청남도 부여군 구룡면,중상사고,0,1,0,0,차대차 - 측면직각충돌,교차로운행방법위반,건조,맑음,교차로 - 교차로안,화물,남,69세,상해없음,이륜,남,77세,중상
2012073100100382,2012년 7월 31일 17시,화요일,충청남도 부여군 은산면,중상사고,0,1,0,0,차대차 - 기타,교차로운행방법위반,건조,맑음,교차로 - 교차로안,이륜,남,60세,상해없음,이륜,남,65세,중상
2012073100100555,2012년 7월 31일 22시,화요일,충청남도 천안시 동남구 풍세면,경상사고,0,0,1,0,차대사람 - 길가장자리구역통행중,안전거리미확보,건조,맑음,단일로 - 기타,승용,남,44세,상해없음,보행자,남,47세,경상
2012080100100004,2012년 8월 1일 00시,수요일,충청남도 공주시 금성동,중상사고,0,1,0,0,차대차 - 측면직각충돌,교차로운행방법위반,건조,기타,교차로 - 교차로안,승용,남,62세,기타불명,이륜,남,17세,중상
2012080100100046,2012년 8월 1일 03시,수요일,충청남도 서천군 서면,중상사고,0,1,0,0,차대차 - 기타,안전운전불이행,건조,맑음,단일로 - 기타,승용,여,48세,중상,승용,남,47세,상해없음
2012080100100114,2012년 8월 1일 08시,수요일,충청남도 천안시 서북구 두정동,경상사고,0,0,1,0,차대차 - 측면직각충돌,안전운전불이행,건조,맑음,단일로 - 기타,화물,남,32세,상해없음,이륜,남,33세,경상
2012080100100116,2012년 8월 1일 08시,수요일,충청남도 금산군 금산읍,경상사고,0,0,3,0,차대차 - 측면직각충돌,교차로운행방법위반,건조,맑음,교차로 - 교차로안,승용,여,48세,경상,승용,남,75세,경상
2012080100100117,2012년 8월 1일 08시,수요일,충청남도 청양군 화성면,중상사고,0,2,0,0,차대차 - 측면직각충돌,기타,건조,맑음,단일로 - 기타,화물,남,70세,상해없음,이륜,남,73세,중상
2012080100100198,2012년 8월 1일 11시,수요일,충청남도 당진시 수청리,경상사고,0,0,1,1,차대차 - 측면직각충돌,안전운전불이행,건조,맑음,단일로 - 기타,승용,여,38세,부상신고,승용,남,29세,경상
2012080100100199,2012년 8월 1일 11시,수요일,충청남도 논산시 연무읍,중상사고,0,2,5,0,차대차 - 추돌 - 주정차중,안전거리미확보,건조,맑음,단일로 - 기타,승용,여,54세,경상,승용,남,26세,중상
2012080100100220,2012년 8월 1일 12시,수요일,충청남도 서천군 종천면,중상사고,0,7,0,0,차대차 - 기타,직진우회전진행방해,건조,맑음,교차로 - 교차로안,승용,남,55세,상해없음,승용,남,33세,중상
2012080100100221,2012년 8월 1일 12시,수요일,충청남도 보령시 성주면,중상사고,0,1,2,0,차대차 - 측면직각충돌,중앙선침범,건조,맑음,단일로 - 기타,승용,여,44세,중상,승합,남,53세,경상
2012080100100252,2012년 8월 1일 13시,수요일,충청남도 태안군 안면읍,경상사고,0,0,3,0,차대차 - 측면직각충돌,안전운전불이행,건조,맑음,교차로 - 교차로안,승합,남,23세,상해없음,승용,여,53세,경상
2012080100100317,2012년 8월 1일 15시,수요일,충청남도 홍성군 홍성읍,중상사고,0,1,0,0,차대차 - 추돌 - 진행중,안전거리미확보,건조,맑음,교차로 - 교차로부근,승용,여,40세,상해없음,승용,여,36세,중상
2012080100100318,2012년 8월 1일 15시,수요일,충청남도 천안시 동남구 북면,경상사고,0,0,1,0,차대차 - 추돌 - 주정차중,안전거리미확보,건조,맑음,단일로 - 기타,원동기,남,57세,경상,승용,여,38세,상해없음
2012080100100376,2012년 8월 1일 17시,수요일,충청남도 천안시 동남구 신부동,경상사고,0,0,1,0,차대차 - 추돌 - 주정차중,안전거리미확보,건조,맑음,교차로 - 교차로부근,승용,남,59세,상해없음,화물,남,49세,상해없음
2012080100100451,2012년 8월 1일 19시,수요일,충청남도 홍성군 홍성읍,경상사고,0,0,1,0,차대차 - 기타,교차로운행방법위반,건조,맑음,교차로 - 교차로안,기타불명,기타불명,기타불명,기타불명,자전거,남,13세,경상
2012080100100512,2012년 8월 1일 21시,수요일,충청남도 논산시 연무읍,중상사고,0,1,0,0,차대사람 - 기타,안전운전불이행,건조,맑음,단일로 - 기타,승용,남,53세,상해없음,보행자,남,35세,중상
2012080100100541,2012년 8월 1일 22시,수요일,충청남도 아산시 도고면,경상사고,0,0,2,0,차대차 - 추돌 - 주정차중,안전운전불이행,건조,맑음,교차로 - 교차로부근,승용,남,20세,상해없음,승용,남,30세,경상