사고번호,사고일시,요일,시군구,사고내용,사망자수,중상자수,경상자수,부상신고자수,사고유형,법규위반,노면상태,기상상태,도로형태,가해운전자 차종,가해운전자 성별,가해운전자 연령,가해운전자 상해정도,피해운전자 차종,피해운전자 성별,피해운전자 연령,피해운전자 상해정도
2012080100100542,2012년 8월 1일 22시,수요일,충청남도 청양군 청양읍,중상사고,0,1,0,0,차대차 - 측면직각충돌,직진우회전진행방해,건조,맑음,교차로 - 교차로안,승용,남,37세,상해없음,이륜,남,17세,중상
2012080200100080,2012년 8월 2일 07시,목요일,충청남도 논산시 취암동,중상사고,0,2,0,0,차대차 - 측면직각충돌,신호위반,건조,맑음,교차로 - 교차로안,승용,여,37세,상해없음,승용,남,42세,중상
2012080200100081,2012년 8월 2일 07시,목요일,충청남도 보령시 대천동,경상사고,0,0,1,0,차대차 - 추돌 - 진행중,안전운전불이행,건조,맑음,교차로 - 교차로부근,화물,남,52세,상해없음,승용,남,38세,경상
2012080200100082,2012년 8월 2일 07시,목요일,충청남도 천안시 동남구 신부동,중상사고,0,1,0,0,차대차 - 측면직각충돌,안전운전불이행,건조,맑음,단일로 - 기타,화물,남,53세,상해없음,승합,남,40세,중상
2012080200100105,2012년 8월 2일 08시,목요일,충청남도 천안시 서북구 쌍용동,경상사고,0,0,4,0,차대차 - 측면직각충돌,신호위반,건조,맑음,교차로 - 교차로안,화물,남,50세,상해없음,승합,남,62세,경상
2012080200100106,2012년 8월 2일 08시,목요일,충청남도 서천군 서천읍,중상사고,0,1,0,0,차대사람 - 기타,보행자보호의무위반,건조,맑음,단일로 - 횡단보도상,화물,남,65세,상해없음,보행자,남,80세,중상
2012080200100185,2012년 8월 2일 11시,목요일,충청남도 예산군 신암면,중상사고,0,1,1,0,차대차 - 정면충돌,중앙선침범,건조,맑음,단일로 - 기타,화물,남,37세,경상,승용,남,35세,중상
2012080200100186,2012년 8월 2일 11시,목요일,충청남도 당진시 읍내리,경상사고,0,0,1,0,차대차 - 측면직각충돌,신호위반,건조,맑음,교차로 - 교차로안,승용,여,56세,기타불명,승용,남,45세,경상
2012080200100187,2012년 8월 2일 11시,목요일,충청남도 청양군 화성면,경상사고,0,0,1,0,차대차 - 기타,안전운전불이행,건조,맑음,교차로 - 교차로안,승용,여,55세,상해없음,자전거,남,49세,경상
2012080200100218,2012년 8월 2일 12시,목요일,충청남도 서천군 서천읍,중상사고,0,1,0,0,차대차 - 기타,안전운전불이행,건조,맑음,단일로 - 기타,승용,남,62세,상해없음,이륜,남,79세,중상
2012080200100246,2012년 8월 2일 13시,목요일,충청남도 당진시 합덕읍,경상사고,0,0,1,0,차대차 - 측면직각충돌,교차로운행방법위반,건조,맑음,교차로 - 교차로안,승용,여,18세,상해없음,화물,남,46세,경상
2012080200100247,2012년 8월 2일 13시,목요일,충청남도 금산군 복수면,중상사고,0,3,0,0,차대차 - 정면충돌,중앙선침범,건조,맑음,단일로 - 기타,승용,남,72세,중상,승용,남,54세,중상
2012080200100276,2012년 8월 2일 14시,목요일,충청남도 천안시 서북구 두정동,경상사고,0,0,1,0,차대사람 - 보도통행중,안전운전불이행,건조,맑음,교차로 - 교차로부근,승용,여,50세,상해없음,보행자,여,42세,경상
2012080200100277,2012년 8월 2일 14시,목요일,충청남도 보령시 오천면,경상사고,0,0,1,0,차대사람 - 기타,안전운전불이행,건조,맑음,단일로 - 기타,화물,남,33세,상해없음,보행자,남,3세,경상
2012080200100338,2012년 8월 2일 16시,목요일,충청남도 논산시 노성면,경상사고,0,0,1,0,차대차 - 측면직각충돌,교차로운행방법위반,건조,맑음,교차로 - 교차로안,화물,남,59세,상해없음,승합,남,50세,경상
2012080200100377,2012년 8월 2일 17시,목요일,충청남도 서산시 대산읍,중상사고,0,1,1,0,차대차 - 측면직각충돌,신호위반,건조,맑음,교차로 - 교차로안,승용,여,49세,상해없음,승용,남,50세,경상
2012080200100378,2012년 8월 2일 17시,목요일,충청남도 홍성군 홍북면,중상사고,0,2,0,0,차대차 - 정면충돌,중앙선침범,건조,맑음,단일로 - 기타,승용,남,44세,상해없음,화물,여,52세,중상
2012080200100379,2012년 8월 2일 17시,목요일,충청남도 보령시 동대동,경상사고,0,0,1,0,차대차 - 측면직각충돌,신호위반,습기,비,교차로 - 교차로안,자전거,남,75세,경상,승용,남,63세,상해없음
2012080200100380,2012년 8월 2일 17시,목요일,충청남도 보령시 신흑동,경상사고,0,0,4,0,차대차 - 측면직각충돌,직진우회전진행방해,건조,맑음,교차로 - 교차로안,승용,남,21세,상해없음,승용,남,19세,경상
2012080200100408,2012년 8월 2일 18시,목요일,충청남도 논산시 성동면,경상사고,0,0,1,0,차대차 - 측면직각충돌,중앙선침범,건조,맑음,단일로 - 기타,농기계,남,30세,상해없음,승용,여,44세,경상
2012080200100410,2012년 8월 2일 18시,목요일,충청남도 청양군 정산면,중상사고,0,1,0,0,차대차 - 측면직각충돌,중앙선침범,건조,맑음,단일로 - 기타,원동기,남,57세,중상,승용,여,41세,상해없음
2012080200100487,2012년 8월 2일 20시,목요일,충청남도 천안시 서북구 성정동,경상사고,0,0,1,0,차대사람 - 기타,안전운전불이행,건조,맑음,기타 - 기타,승용,여,42세,상해없음,보행자,남,56세,경상
2012080200100488,2012년 8월 2일 20시,목요일,충청남도 예산군 덕산면,경상사고,0,0,2,0,차대차 - 측면직각충돌,직진우회전진행방해,건조,맑음,교차로 - 교차로안,승용,남,53세,상해없음,승용,남,40세,경상
2012080200100489,2012년 8월 2일 20시,목요일,충청남도 천안시 동남구 목천읍,경상사고,0,0,1,0,차대차 - 정면충돌,중앙선침범,건조,맑음,단일로 - 기타,승용,남,47세,상해없음,승용,여,46세,경상
2012080200100547,2012년 8월 2일 22시,목요일,충청남도 천안시 서북구 업성동,중상사고,0,1,0,0,차대차 - 추돌 - 주정차중,안전운전불이행,건조,맑음,교차로 - 교차로부근,승용,남,38세,상해없음,승용,여,28세,중상
2012080200100548,2012년 8월 2일 22시,목요일,충청남도 아산시 용화동,경상사고,0,0,3,0,차대차 - 추돌 - 진행중,안전운전불이행,건조,맑음,단일로 - 기타,승용,남,37세,상해없음,승용,남,59세,경상
2012080300100028,2012년 8월 3일 01시,금요일,충청남도 태안군 남면,경상사고,0,0,5,0,차대차 - 정면충돌,중앙선침범,건조,맑음,단일로 - 기타,승합,남,39세,상해없음,화물,남,40세,경상
2012080300100029,2012년 8월 3일 01시,금요일,충청남도 보령시 신흑동,경상사고,0,0,1,0,차대사람 - 횡단중,보행자보호의무위반,건조,맑음,교차로 - 교차로안,승용,남,18세,상해없음,보행자,남,23세,경상
2012080300100042,2012년 8월 3일 02시,금요일,충청남도 천안시 서북구 두정동,경상사고,0,0,1,0,차대사람 - 기타,안전운전불이행,건조,맑음,기타 - 기타,승용,남,28세,상해없음,보행자,남,29세,경상
2012080300100055,2012년 8월 3일 04시,금요일,충청남도 보령시 신흑동,중상사고,0,1,0,0,차대차 - 측면직각충돌,안전운전불이행,건조,맑음,단일로 - 기타,승용,남,30세,상해없음,이륜,남,47세,중상
2012080300100077,2012년 8월 3일 06시,금요일,충청남도 청양군 청양읍,중상사고,0,4,0,0,차대차 - 측면직각충돌,안전운전불이행,건조,맑음,교차로 - 교차로안,화물,여,54세,중상,승용,남,57세,중상
2012080300100099,2012년 8월 3일 07시,금요일,충청남도 천안시 서북구 두정동,중상사고,0,1,0,0,차대차 - 기타,신호위반,건조,맑음,교차로 - 교차로안,원동기,남,30세,중상,승용,남,46세,상해없음
2012080300100172,2012년 8월 3일 10시,금요일,충청남도 부여군 규암면,중상사고,0,1,0,0,차대차 - 측면직각충돌,신호위반,건조,맑음,교차로 - 교차로안,승용,남,39세,상해없음,이륜,남,81세,중상
2012080300100260,2012년 8월 3일 13시,금요일,충청남도 천안시 서북구 쌍용동,중상사고,0,1,0,0,차대차 - 기타,안전운전불이행,건조,맑음,교차로 - 교차로안,승용,남,44세,상해없음,원동기,남,55세,중상
2012080300100261,2012년 8월 3일 13시,금요일,충청남도 아산시 배방읍,중상사고,0,1,0,0,차대사람 - 기타,안전운전불이행,건조,맑음,기타 - 기타,승용,남,60세,상해없음,보행자,남,5세,중상
2012080300100262,2012년 8월 3일 13시,금요일,충청남도 천안시 동남구 신부동,경상사고,0,0,2,0,차대차 - 측면직각충돌,신호위반,건조,맑음,교차로 - 교차로안,화물,남,61세,경상,건설기계,남,40세,상해없음
2012080300100283,2012년 8월 3일 14시,금요일,충청남도 금산군 제원면,경상사고,0,0,1,0,차대사람 - 횡단중,안전운전불이행,건조,맑음,단일로 - 기타,승용,여,27세,상해없음,보행자,남,51세,경상
2012080300100284,2012년 8월 3일 14시,금요일,충청남도 천안시 동남구 원성동,중상사고,0,1,5,0,차대차 - 측면직각충돌,교차로운행방법위반,건조,맑음,교차로 - 교차로안,승용,남,57세,상해없음,승용,남,59세,경상
2012080300100312,2012년 8월 3일 15시,금요일,충청남도 태안군 원북면,중상사고,0,1,0,0,차대차 - 추돌 - 진행중,안전운전불이행,건조,맑음,교차로 - 교차로부근,승합,남,32세,상해없음,승용,남,65세,상해없음
2012080300100351,2012년 8월 3일 16시,금요일,충청남도 천안시 서북구 두정동,중상사고,0,1,0,0,차량단독 - 공작물충돌,안전운전불이행,건조,맑음,단일로 - 기타,이륜,남,73세,상해없음,,,,
2012080300100352,2012년 8월 3일 16시,금요일,충청남도 논산시 취암동,경상사고,0,0,1,0,차대차 - 기타,교차로운행방법위반,건조,맑음,교차로 - 교차로안,원동기,여,52세,경상,화물,남,47세,상해없음
2012080300100353,2012년 8월 3일 16시,금요일,충청남도 당진시 읍내리,경상사고,0,0,1,0,차대차 - 측면직각충돌,안전거리미확보,건조,맑음,교차로 - 교차로부근,승용,남,71세,상해없음,화물,남,26세,경상
2012080300100386,2012년 8월 3일 17시,금요일,충청남도 논산시 은진면,중상사고,0,2,1,0,차대차 - 추돌 - 주정차중,안전운전불이행,건조,맑음,교차로 - 교차로부근,승용,남,52세,상해없음,화물,남,57세,경상
2012080300100435,2012년 8월 3일 18시,금요일,충청남도 보령시 동대동,중상사고,0,1,0,0,차대사람 - 횡단중,안전운전불이행,건조,맑음,단일로 - 기타,승용,남,37세,상해없음,보행자,남,6세,중상
2012080300100436,2012년 8월 3일 18시,금요일,충청남도 당진시 송악읍,경상사고,0,0,6,0,차대차 - 측면직각충돌,신호위반,건조,맑음,교차로 - 교차로안,승용,남,51세,상해없음,승용,남,25세,경상
2012080300100437,2012년 8월 3일 18시,금요일,충청남도 당진시 원당리,경상사고,0,0,1,0,차대차 - 추돌 - 진행중,안전거리미확보,건조,맑음,단일로 - 기타,승용,남,29세,상해없음,승용,여,33세,상해없음
2012080300100481,2012년 8월 3일 19시,금요일,충청남도 아산시 음봉면,중상사고,0,1,0,0,차대사람 - 기타,안전운전불이행,건조,맑음,기타 - 기타,승용,남,52세,상해없음,보행자,여,47세,중상
2012080300100482,2012년 8월 3일 19시,금요일,충청남도 예산군 오가면,경상사고,0,0,2,0,차대차 - 정면충돌,중앙선침범,건조,맑음,단일로 - 기타,승용,여,27세,상해없음,승용,남,60세,경상
2012080300100512,2012년 8월 3일 20시,금요일,충청남도 논산시 연무읍,중상사고,0,1,0,0,차대사람 - 기타,안전운전불이행,건조,맑음,단일로 - 기타,자전거,남,26세,상해없음,보행자,남,60세,중상
2012080300100549,2012년 8월 3일 21시,금요일,충청남도 아산시 둔포면,경상사고,0,0,1,0,차대차 - 기타,안전운전불이행,건조,맑음,단일로 - 기타,승용,남,29세,상해없음,원동기,남,39세,경상
2012080300100584,2012년 8월 3일 22시,금요일,충청남도 천안시 서북구 두정동,경상사고,0,0,2,0,차대차 - 기타,안전운전불이행,건조,맑음,교차로 - 교차로부근,승용,남,33세,기타불명,승용,남,48세,경상
2012080400100062,2012년 8월 4일 04시,토요일,충청남도 당진시 송악읍,사망사고,1,0,0,0,차대차 - 측면직각충돌,중앙선침범,건조,맑음,단일로 - 기타,화물,남,60세,상해없음,승합,남,51세,사망
2012080400100078,2012년 8월 4일 05시,토요일,충청남도 보령시 신흑동,중상사고,0,1,0,0,차대차 - 측면직각충돌,안전운전불이행,건조,맑음,교차로 - 교차로안,원동기,남,21세,중상,승용,남,18세,상해없음
2012080400100095,2012년 8월 4일 07시,토요일,충청남도 예산군 예산읍,중상사고,0,1,0,0,차대사람 - 기타,안전운전불이행,건조,맑음,기타 - 기타,승용,남,28세,상해없음,보행자,여,51세,중상
2012080400100096,2012년 8월 4일 07시,토요일,충청남도 예산군 예산읍,중상사고,0,1,0,0,차대차 - 기타,안전운전불이행,건조,맑음,단일로 - 기타,원동기,남,62세,중상,승용,남,76세,상해없음
2012080400100097,2012년 8월 4일 07시,토요일,충청남도 천안시 동남구 원성동,중상사고,0,1,1,0,차대차 - 측면직각충돌,교차로운행방법위반,건조,맑음,교차로 - 교차로안,승용,남,48세,상해없음,승용,여,52세,경상
2012080400100154,2012년 8월 4일 10시,토요일,충청남도 천안시 서북구 성환읍,중상사고,0,1,0,0,차대차 - 기타,안전운전불이행,건조,맑음,교차로 - 교차로안,승용,여,49세,상해없음,원동기,남,74세,중상
2012080400100185,2012년 8월 4일 11시,토요일,충청남도 당진시 송악읍,중상사고,0,1,0,0,차대차 - 추돌 - 진행중,안전운전불이행,건조,맑음,단일로 - 기타,승용,남,47세,상해없음,화물,남,55세,중상
2012080400100213,2012년 8월 4일 12시,토요일,충청남도 태안군 소원면,사망사고,1,0,0,0,차대차 - 정면충돌,중앙선침범,건조,맑음,단일로 - 기타,이륜,남,34세,사망,승용,남,50세,상해없음
2012080400100214,2012년 8월 4일 12시,토요일,충청남도 보령시 신흑동,경상사고,0,0,1,0,차대사람 - 횡단중,보행자보호의무위반,건조,맑음,단일로 - 횡단보도상,승용,남,43세,상해없음,보행자,여,40세,경상
2012080400100215,2012년 8월 4일 12시,토요일,충청남도 천안시 동남구 성남면,경상사고,0,0,2,0,차대차 - 추돌 - 주정차중,안전운전불이행,건조,맑음,단일로 - 기타,화물,남,46세,상해없음,승용,여,56세,경상
2012080400100246,2012년 8월 4일 13시,토요일,충청남도 천안시 서북구 두정동,경상사고,0,0,1,0,차대차 - 기타,안전운전불이행,건조,맑음,단일로 - 기타,승합,남,35세,상해없음,승용,남,36세,경상
2012080400100278,2012년 8월 4일 14시,토요일,충청남도 금산군 부리면,경상사고,0,0,1,0,차대사람 - 횡단중,안전운전불이행,건조,맑음,단일로 - 기타,승용,남,24세,상해없음,보행자,남,14세,경상
2012080400100279,2012년 8월 4일 14시,토요일,충청남도 청양군 청양읍,중상사고,0,1,0,0,차대사람 - 기타,안전운전불이행,건조,맑음,단일로 - 기타,승용,남,70세,상해없음,보행자,여,68세,중상
2012080400100280,2012년 8월 4일 14시,토요일,충청남도 천안시 동남구 광덕면,경상사고,0,0,1,0,차대사람 - 길가장자리구역통행중,안전운전불이행,건조,맑음,단일로 - 기타,승용,여,27세,상해없음,보행자,여,79세,경상
2012080400100281,2012년 8월 4일 14시,토요일,충청남도 부여군 은산면,중상사고,0,2,0,0,차대차 - 기타,안전운전불이행,건조,맑음,단일로 - 기타,승용,남,33세,중상,승용,남,59세,중상
2012080400100345,2012년 8월 4일 16시,토요일,충청남도 부여군 내산면,사망사고,1,1,0,0,차대차 - 측면직각충돌,직진우회전진행방해,건조,맑음,교차로 - 교차로안,승용,남,61세,중상,이륜,남,42세,사망
2012080400100377,2012년 8월 4일 17시,토요일,충청남도 부여군 부여읍,중상사고,0,1,0,0,차대차 - 측면직각충돌,신호위반,건조,맑음,교차로 - 교차로안,승용,남,60세,상해없음,승용,여,41세,중상
2012080400100378,2012년 8월 4일 17시,토요일,충청남도 청양군 청양읍,중상사고,0,1,0,0,차량단독 - 공작물충돌,안전운전불이행,건조,맑음,단일로 - 기타,승용,남,61세,중상,,,,
2012080400100403,2012년 8월 4일 18시,토요일,충청남도 서산시 운산면,중상사고,0,2,4,0,차대차 - 측면직각충돌,교차로운행방법위반,건조,맑음,교차로 - 교차로안,승용,남,31세,상해없음,승용,남,42세,상해없음
2012080400100407,2012년 8월 4일 18시,토요일,충청남도 당진시 송악읍,경상사고,0,0,8,0,차대차 - 추돌 - 주정차중,안전운전불이행,건조,맑음,단일로 - 기타,승용,남,43세,상해없음,승용,남,52세,상해없음
2012080400100436,2012년 8월 4일 19시,토요일,충청남도 아산시 둔포면,중상사고,0,1,0,0,차대차 - 측면직각충돌,직진우회전진행방해,건조,맑음,교차로 - 교차로안,승용,남,51세,상해없음,원동기,남,16세,중상
2012080400100437,2012년 8월 4일 19시,토요일,충청남도 천안시 동남구 영성동,경상사고,0,0,2,0,차대차 - 추돌 - 주정차중,안전운전불이행,건조,맑음,교차로 - 교차로안,승용,여,52세,상해없음,승합,남,53세,경상
2012080400100471,2012년 8월 4일 20시,토요일,충청남도 태안군 태안읍,중상사고,0,1,0,0,차대차 - 측면직각충돌,중앙선침범,건조,맑음,교차로 - 교차로부근,승용,남,62세,중상,승용,남,51세,상해없음
2012080400100518,2012년 8월 4일 22시,토요일,충청남도 천안시 서북구 성정동,경상사고,0,0,1,1,차대차 - 측면직각충돌,교차로운행방법위반,건조,맑음,교차로 - 교차로안,원동기,남,15세,부상신고,승용,여,29세,상해없음
2012080500100026,2012년 8월 5일 01시,일요일,충청남도 보령시 신흑동,경상사고,0,0,1,0,차대차 - 기타,안전운전불이행,건조,맑음,단일로 - 기타,기타불명,기타불명,기타불명,기타불명,승용,남,18세,상해없음
2012080500100037,2012년 8월 5일 02시,일요일,충청남도 천안시 서북구 성정동,중상사고,0,2,1,0,차량단독 - 전도전복,안전운전불이행,건조,맑음,단일로 - 기타,이륜,남,19세,상해없음,,,,
2012080500100038,2012년 8월 5일 02시,일요일,충청남도 보령시 신흑동,경상사고,0,0,1,0,차대사람 - 기타,안전운전불이행,건조,맑음,교차로 - 교차로안,승용,여,44세,상해없음,보행자,남,17세,경상
2012080500100039,2012년 8월 5일 02시,일요일,충청남도 보령시 동대동,중상사고,0,1,0,0,차대사람 - 기타,안전운전불이행,건조,맑음,교차로 - 교차로안,승용,남,62세,상해없음,보행자,남,20세,중상
2012080500100085,2012년 8월 5일 06시,일요일,충청남도 천안시 동남구 신부동,경상사고,0,0,3,0,차대차 - 추돌 - 진행중,안전운전불이행,건조,맑음,교차로 - 교차로부근,승용,남,20세,상해없음,승용,남,49세,경상
2012080500100086,2012년 8월 5일 06시,일요일,충청남도 천안시 동남구 삼룡동,경상사고,0,0,1,0,차대차 - 추돌 - 진행중,안전운전불이행,건조,맑음,단일로 - 터널,화물,남,70세,상해없음,승용,남,27세,상해없음
2012080500100103,2012년 8월 5일 08시,일요일,충청남도 아산시 신창면,경상사고,0,0,2,0,차대차 - 정면충돌,안전운전불이행,건조,맑음,기타 - 기타,승용,남,64세,상해없음,승용,남,38세,경상
2012080500100104,2012년 8월 5일 08시,일요일,충청남도 보령시 동대동,경상사고,0,0,2,0,차대차 - 측면직각충돌,교차로운행방법위반,건조,맑음,교차로 - 교차로안,승용,남,27세,상해없음,승용,남,47세,경상
2012080500100105,2012년 8월 5일 08시,일요일,충청남도 청양군 대치면,사망사고,2,1,0,0,차대차 - 정면충돌,중앙선침범,건조,맑음,단일로 - 기타,승용,남,20세,사망,화물,남,49세,상해없음
2012080500100115,2012년 8월 5일 09시,일요일,충청남도 당진시 석문면,경상사고,0,0,2,0,차대차 - 측면직각충돌,교차로운행방법위반,건조,맑음,교차로 - 교차로안,승용,남,27세,상해없음,승용,남,48세,경상
2012080500100137,2012년 8월 5일 10시,일요일,충청남도 논산시 가야곡면,중상사고,0,3,0,0,차대차 - 측면직각충돌,신호위반,건조,맑음,교차로 - 교차로안,승용,여,44세,상해없음,승용,남,35세,중상
2012080500100138,2012년 8월 5일 10시,일요일,충청남도 홍성군 홍성읍,중상사고,0,1,0,0,차대차 - 정면충돌,중앙선침범,건조,맑음,단일로 - 기타,승합,남,62세,상해없음,화물,남,47세,상해없음
2012080500100158,2012년 8월 5일 11시,일요일,충청남도 아산시 실옥동,중상사고,0,1,4,0,차대차 - 추돌 - 주정차중,안전운전불이행,건조,맑음,교차로 - 교차로부근,화물,남,47세,상해없음,승용,남,37세,경상
2012080500100159,2012년 8월 5일 11시,일요일,충청남도 보령시 명천동,중상사고,0,1,0,0,차대차 - 측면직각충돌,직진우회전진행방해,건조,맑음,교차로 - 교차로안,화물,남,49세,상해없음,승용,여,47세,중상
2012080500100160,2012년 8월 5일 11시,일요일,충청남도 예산군 덕산면,경상사고,0,0,1,0,차대차 - 기타,과속,건조,맑음,교차로 - 교차로안,승용,남,18세,경상,승용,남,53세,상해없음
2012080500100211,2012년 8월 5일 13시,일요일,충청남도 천안시 서북구 성정동,중상사고,0,3,2,0,차대차 - 기타,신호위반,건조,맑음,교차로 - 교차로안,승용,여,42세,상해없음,승용,남,38세,중상
2012080500100238,2012년 8월 5일 14시,일요일,충청남도 천안시 서북구 입장면,중상사고,0,1,0,0,차대차 - 기타,안전운전불이행,건조,맑음,단일로 - 기타,승용,남,50세,상해없음,승용,여,40세,중상
2012080500100305,2012년 8월 5일 16시,일요일,충청남도 아산시 모종동,경상사고,0,0,2,0,차대차 - 추돌 - 주정차중,안전운전불이행,건조,맑음,기타 - 기타,화물,남,51세,상해없음,승용,남,47세,경상
2012080500100306,2012년 8월 5일 16시,일요일,충청남도 당진시 읍내리,경상사고,0,0,2,0,차대차 - 기타,안전운전불이행,건조,맑음,교차로 - 교차로부근,승용,남,57세,상해없음,승용,남,31세,경상
2012080500100340,2012년 8월 5일 17시,일요일,충청남도 공주시 탄천면,부상신고사고,0,0,0,1,차량단독 - 기타,안전운전불이행,건조,맑음,단일로 - 기타,이륜,남,53세,부상신고,,,,
2012080500100382,2012년 8월 5일 18시,일요일,충청남도 천안시 동남구 대흥동,경상사고,0,0,1,0,차대차 - 기타,신호위반,건조,맑음,교차로 - 교차로안,승용,남,37세,상해없음,원동기,남,20세,경상
2012080500100420,2012년 8월 5일 19시,일요일,충청남도 서산시 대산읍,중상사고,0,1,0,0,차대차 - 측면직각충돌,신호위반,건조,맑음,교차로 - 교차로안,화물,남,64세,상해없음,승용,남,30세,중상
2012080500100485,2012년 8월 5일 21시,일요일,충청남도 아산시 모종동,중상사고,0,2,1,0,차대차 - 추돌 - 주정차중,안전운전불이행,건조,맑음,기타 - 기타,승용,여,49세,상해없음,승용,남,34세,중상
2012080500100526,2012년 8월 5일 23시,일요일,충청남도 천안시 동남구 수신면,경상사고,0,0,1,0,차대차 - 기타,안전운전불이행,건조,맑음,교차로 - 교차로안,승용,여,33세,상해없음,승용,남,47세,경상
2012080600100013,2012년 8월 6일 01시,월요일,충청남도 논산시 취암동,중상사고,0,2,0,0,차대차 - 측면직각충돌,신호위반,건조,맑음,교차로 - 교차로안,승용,남,30세,상해없음,승용,여,22세,중상
2012080600100014,2012년 8월 6일 01시,월요일,충청남도 부여군 세도면,중상사고,0,1,0,0,차량단독 - 공작물충돌,안전운전불이행,건조,맑음,단일로 - 기타,승용,남,22세,상해없음,,,,
2012080600100027,2012년 8월 6일 03시,월요일,충청남도 보령시 신흑동,경상사고,0,0,1,0,차대사람 - 기타,안전운전불이행,건조,맑음,단일로 - 기타,승용,남,18세,상해없음,보행자,남,22세,경상
2012080600100032,2012년 8월 6일 04시,월요일,충청남도 천안시 서북구 성정동,경상사고,0,0,1,0,차대차 - 추돌 - 주정차중,안전운전불이행,건조,맑음,단일로 - 기타,승용,남,23세,상해없음,승용,남,29세,경상
2012080600100066,2012년 8월 6일 07시,월요일,충청남도 아산시 읍내동,중상사고,0,1,0,0,차대차 - 기타,안전운전불이행,건조,맑음,교차로 - 교차로안,승용,남,22세,상해없음,자전거,남,81세,중상
2012080600100096,2012년 8월 6일 08시,월요일,충청남도 예산군 고덕면,중상사고,0,1,0,0,차대사람 - 횡단중,안전운전불이행,건조,맑음,교차로 - 교차로안,승용,남,22세,상해없음,보행자,여,80세,중상
2012080600100132,2012년 8월 6일 09시,월요일,충청남도 서산시 대산읍,중상사고,0,1,0,0,차대차 - 측면직각충돌,안전거리미확보,건조,맑음,단일로 - 기타,이륜,남,81세,중상,특수,남,26세,상해없음
2012080600100133,2012년 8월 6일 09시,월요일,충청남도 예산군 오가면,경상사고,0,0,2,0,차대차 - 측면직각충돌,직진우회전진행방해,건조,맑음,교차로 - 교차로안,승용,여,47세,경상,화물,남,50세,경상
2012080600100153,2012년 8월 6일 10시,월요일,충청남도 서산시 동문동,경상사고,0,0,1,0,차대차 - 측면직각충돌,교차로운행방법위반,건조,맑음,교차로 - 교차로안,기타불명,기타불명,기타불명,기타불명,승용,남,59세,경상
2012080600100154,2012년 8월 6일 10시,월요일,충청남도 서산시 동문동,경상사고,0,0,1,0,차대사람 - 횡단중,보행자보호의무위반,건조,맑음,단일로 - 횡단보도상,승용,남,26세,상해없음,보행자,남,54세,경상
2012080600100156,2012년 8월 6일 10시,월요일,충청남도 금산군 금산읍,중상사고,0,2,0,0,차대차 - 측면직각충돌,교차로운행방법위반,건조,맑음,교차로 - 교차로안,승용,여,51세,상해없음,이륜,남,74세,중상
2012080600100194,2012년 8월 6일 11시,월요일,충청남도 천안시 서북구 성정동,중상사고,0,1,0,0,차대사람 - 횡단중,신호위반,건조,맑음,단일로 - 횡단보도상,승용,여,44세,상해없음,보행자,여,38세,중상
2012080600100219,2012년 8월 6일 12시,월요일,충청남도 보령시 신흑동,경상사고,0,0,1,0,차대차 - 측면직각충돌,신호위반,건조,맑음,교차로 - 교차로안,화물,남,38세,상해없음,승용,여,57세,경상
2012080600100220,2012년 8월 6일 12시,월요일,충청남도 보령시 내항동,중상사고,0,1,0,0,차대차 - 측면직각충돌,안전운전불이행,건조,맑음,단일로 - 기타,승용,남,21세,상해없음,이륜,남,26세,중상
2012080600100279,2012년 8월 6일 14시,월요일,충청남도 논산시 가야곡면,경상사고,0,0,1,0,차대차 - 측면직각충돌,교차로운행방법위반,건조,맑음,교차로 - 교차로안,승용,남,62세,상해없음,승용,남,55세,경상
2012080600100280,2012년 8월 6일 14시,월요일,충청남도 예산군 대흥면,경상사고,0,0,1,0,차대차 - 측면직각충돌,직진우회전진행방해,건조,맑음,교차로 - 교차로안,승합,남,46세,상해없음,이륜,남,57세,경상
2012080600100305,2012년 8월 6일 15시,월요일,충청남도 천안시 동남구 병천면,중상사고,0,1,0,0,차대사람 - 기타,교차로운행방법위반,건조,맑음,교차로 - 교차로안,원동기,남,60세,상해없음,보행자,여,74세,중상
2012080600100337,2012년 8월 6일 16시,월요일,충청남도 천안시 서북구 두정동,경상사고,0,0,1,0,차대차 - 추돌 - 진행중,안전운전불이행,건조,맑음,단일로 - 기타,승용,남,39세,상해없음,승용,여,55세,경상
2012080600100338,2012년 8월 6일 16시,월요일,충청남도 예산군 예산읍,경상사고,0,0,1,0,차대차 - 측면직각충돌,안전운전불이행,건조,맑음,단일로 - 기타,이륜,남,64세,경상,승용,여,53세,상해없음
2012080600100339,2012년 8월 6일 16시,월요일,충청남도 공주시 정안면,경상사고,0,0,2,0,차대차 - 추돌 - 진행중,안전운전불이행,건조,맑음,단일로 - 기타,승용,남,20세,상해없음,승용,남,38세,경상
2012080600100460,2012년 8월 6일 19시,월요일,충청남도 천안시 서북구 성환읍,경상사고,0,0,1,0,차대차 - 측면직각충돌,중앙선침범,건조,맑음,단일로 - 기타,승용,남,28세,상해없음,승용,여,38세,경상
2012080600100461,2012년 8월 6일 19시,월요일,충청남도 당진시 고대면,사망사고,1,0,0,0,차량단독 - 도로외이탈 - 추락,안전운전불이행,건조,맑음,단일로 - 기타,농기계,남,58세,사망,,,,
2012080600100489,2012년 8월 6일 20시,월요일,충청남도 천안시 서북구 두정동,경상사고,0,0,1,0,차대차 - 추돌 - 진행중,안전운전불이행,건조,맑음,단일로 - 기타,원동기,남,17세,상해없음,승용,여,44세,상해없음
2012080600100522,2012년 8월 6일 21시,월요일,충청남도 서산시 동문동,경상사고,0,0,1,0,차대사람 - 횡단중,보행자보호의무위반,건조,맑음,교차로 - 교차로부근,승용,남,54세,상해없음,보행자,남,37세,경상