사고번호,사고일시,요일,시군구,사고내용,사망자수,중상자수,경상자수,부상신고자수,사고유형,법규위반,노면상태,기상상태,도로형태,가해운전자 차종,가해운전자 성별,가해운전자 연령,가해운전자 상해정도,피해운전자 차종,피해운전자 성별,피해운전자 연령,피해운전자 상해정도
2012081300100583,2012년 8월 13일 22시,월요일,충청남도 아산시 둔포면,사망사고,1,0,1,0,차대사람 - 기타,안전운전불이행,건조,흐림,단일로 - 기타,승용,남,31세,상해없음,보행자,남,41세,사망
2012081400100025,2012년 8월 14일 01시,화요일,충청남도 천안시 서북구 두정동,경상사고,0,0,3,0,차대차 - 측면직각충돌,교차로운행방법위반,건조,맑음,교차로 - 교차로안,승용,남,36세,상해없음,승합,남,64세,경상
2012081400100026,2012년 8월 14일 01시,화요일,충청남도 서천군 서면,경상사고,0,0,1,0,차량단독 - 전도전복,안전운전불이행,습기,맑음,단일로 - 기타,화물,남,47세,경상,,,,
2012081400100045,2012년 8월 14일 02시,화요일,충청남도 천안시 서북구 성정동,경상사고,0,0,1,0,차대차 - 기타,교차로운행방법위반,건조,맑음,교차로 - 교차로안,원동기,남,20세,상해없음,원동기,남,67세,경상
2012081400100089,2012년 8월 14일 06시,화요일,충청남도 공주시 의당면,경상사고,0,0,1,0,차대차 - 측면직각충돌,안전운전불이행,건조,맑음,단일로 - 기타,승용,남,21세,상해없음,화물,남,31세,경상
2012081400100109,2012년 8월 14일 07시,화요일,충청남도 천안시 서북구 성환읍,중상사고,0,1,0,0,차대차 - 측면직각충돌,안전운전불이행,건조,맑음,교차로 - 교차로부근,원동기,남,31세,중상,승합,남,67세,상해없음
2012081400100110,2012년 8월 14일 07시,화요일,충청남도 부여군 장암면,경상사고,0,0,1,0,차대차 - 측면직각충돌,안전운전불이행,건조,맑음,단일로 - 기타,승용,남,44세,상해없음,자전거,여,62세,경상
2012081400100157,2012년 8월 14일 09시,화요일,충청남도 천안시 동남구 신부동,경상사고,0,0,2,1,차대차 - 추돌 - 주정차중,안전운전불이행,건조,맑음,단일로 - 기타,화물,남,55세,부상신고,화물,남,31세,경상
2012081400100176,2012년 8월 14일 10시,화요일,충청남도 공주시 신풍면,경상사고,0,0,1,0,차대차 - 측면직각충돌,안전운전불이행,건조,맑음,교차로 - 교차로부근,승합,남,72세,상해없음,승용,남,29세,경상
2012081400100295,2012년 8월 14일 14시,화요일,충청남도 천안시 서북구 부대동,중상사고,0,1,1,0,차대차 - 추돌 - 진행중,안전운전불이행,건조,맑음,단일로 - 기타,특수,남,46세,상해없음,승용,여,28세,중상
2012081400100317,2012년 8월 14일 15시,화요일,충청남도 서천군 장항읍,중상사고,0,1,0,0,차대사람 - 기타,안전운전불이행,건조,맑음,교차로 - 교차로안,승용,남,43세,상해없음,보행자,남,52세,중상
2012081400100359,2012년 8월 14일 16시,화요일,충청남도 서산시 수석동,중상사고,0,1,0,0,차대차 - 측면직각충돌,직진우회전진행방해,건조,맑음,교차로 - 교차로안,승용,여,64세,중상,화물,남,52세,상해없음
2012081400100360,2012년 8월 14일 16시,화요일,충청남도 아산시 풍기동,경상사고,0,0,4,0,차대차 - 추돌 - 주정차중,안전운전불이행,습기,비,교차로 - 교차로부근,화물,남,56세,상해없음,승용,여,32세,경상
2012081400100424,2012년 8월 14일 18시,화요일,충청남도 서산시 동문동,중상사고,0,1,0,0,차대사람 - 횡단중,안전운전불이행,건조,맑음,교차로 - 교차로부근,승용,남,29세,상해없음,보행자,여,68세,중상
2012081400100425,2012년 8월 14일 18시,화요일,충청남도 당진시 송악읍,경상사고,0,0,1,0,차대사람 - 기타,안전운전불이행,습기,비,단일로 - 기타,승용,남,58세,상해없음,보행자,남,50세,경상
2012081400100510,2012년 8월 14일 20시,화요일,충청남도 서산시 인지면,중상사고,0,1,0,0,차대차 - 추돌 - 진행중,안전운전불이행,습기,비,단일로 - 기타,화물,남,67세,상해없음,농기계,남,51세,중상
2012081400100511,2012년 8월 14일 20시,화요일,충청남도 서산시 음암면,경상사고,0,0,1,0,차대차 - 측면직각충돌,신호위반,습기,비,교차로 - 교차로안,승합,남,56세,상해없음,승용,남,38세,경상
2012081400100512,2012년 8월 14일 20시,화요일,충청남도 태안군 소원면,경상사고,0,0,1,0,차대차 - 측면직각충돌,안전운전불이행,건조,맑음,단일로 - 기타,자전거,남,41세,경상,승용,남,21세,상해없음
2012081400100513,2012년 8월 14일 20시,화요일,충청남도 천안시 서북구 성정동,경상사고,0,0,1,0,차대차 - 정면충돌,신호위반,건조,맑음,교차로 - 교차로부근,이륜,남,23세,상해없음,승용,여,43세,경상
2012081400100514,2012년 8월 14일 20시,화요일,충청남도 공주시 신관동,중상사고,0,2,0,0,차대차 - 추돌 - 진행중,안전운전불이행,건조,기타,단일로 - 기타,승용,남,64세,상해없음,승용,남,26세,중상
2012081400100560,2012년 8월 14일 21시,화요일,충청남도 천안시 서북구 두정동,경상사고,0,0,1,0,차대사람 - 기타,안전운전불이행,건조,맑음,단일로 - 기타,승용,남,30세,상해없음,보행자,남,38세,경상
2012081400100561,2012년 8월 14일 21시,화요일,충청남도 아산시 배방읍,경상사고,0,0,3,0,차대차 - 측면직각충돌,신호위반,건조,맑음,교차로 - 교차로안,승용,남,25세,상해없음,승용,남,21세,경상
2012081400100613,2012년 8월 14일 22시,화요일,충청남도 천안시 서북구 불당동,중상사고,0,1,1,0,차대차 - 측면직각충돌,신호위반,습기,비,교차로 - 교차로안,승용,여,20세,경상,승용,여,49세,중상
2012081400100614,2012년 8월 14일 22시,화요일,충청남도 천안시 서북구 두정동,중상사고,0,5,0,0,차대차 - 추돌 - 주정차중,안전운전불이행,습기,비,단일로 - 기타,승용,남,41세,상해없음,승용,남,42세,중상
2012081400100650,2012년 8월 14일 23시,화요일,충청남도 천안시 서북구 성정동,중상사고,0,2,1,0,차대차 - 추돌 - 주정차중,안전운전불이행,습기,비,교차로 - 교차로부근,승용,여,44세,중상,화물,남,36세,경상
2012081400100651,2012년 8월 14일 23시,화요일,충청남도 천안시 서북구 두정동,경상사고,0,0,1,0,차대차 - 추돌 - 주정차중,안전운전불이행,습기,비,단일로 - 기타,승용,남,51세,상해없음,승합,남,22세,경상
2012081400100652,2012년 8월 14일 23시,화요일,충청남도 당진시 송악읍,중상사고,0,2,0,0,차대사람 - 길가장자리구역통행중,안전운전불이행,습기,비,단일로 - 기타,승용,남,46세,상해없음,보행자,남,55세,중상
2012081400100653,2012년 8월 14일 23시,화요일,충청남도 천안시 동남구 구성동,경상사고,0,0,1,0,차대차 - 추돌 - 진행중,신호위반,습기,비,교차로 - 교차로안,승용,남,45세,상해없음,승용,남,36세,경상
2012081500100034,2012년 8월 15일 00시,수요일,충청남도 천안시 서북구 쌍용동,경상사고,0,0,1,0,차대차 - 추돌 - 주정차중,안전운전불이행,습기,비,교차로 - 교차로부근,승용,남,39세,상해없음,화물,남,54세,경상
2012081500100035,2012년 8월 15일 00시,수요일,충청남도 천안시 동남구 신부동,부상신고사고,0,0,0,1,차대차 - 측면직각충돌,안전운전불이행,습기,비,교차로 - 교차로안,승합,남,43세,상해없음,승용,남,49세,상해없음
2012081500100073,2012년 8월 15일 01시,수요일,충청남도 보령시 동대동,경상사고,0,0,1,0,차대차 - 추돌 - 주정차중,안전운전불이행,건조,흐림,단일로 - 기타,이륜,남,52세,경상,화물,미분류,기타불명,기타불명
2012081500100074,2012년 8월 15일 01시,수요일,충청남도 천안시 동남구 영성동,경상사고,0,0,1,0,차대차 - 추돌 - 주정차중,안전운전불이행,습기,비,교차로 - 교차로안,승용,남,25세,상해없음,승용,여,52세,경상
2012081500100109,2012년 8월 15일 02시,수요일,충청남도 천안시 동남구 신부동,경상사고,0,0,1,0,차대차 - 추돌 - 주정차중,안전운전불이행,습기,비,단일로 - 기타,승용,남,39세,상해없음,승용,남,25세,경상
2012081500100171,2012년 8월 15일 04시,수요일,충청남도 서산시 석림동,중상사고,0,2,0,0,차량단독 - 공작물충돌,안전운전불이행,건조,맑음,단일로 - 기타,승용,남,45세,중상,,,,
2012081500100191,2012년 8월 15일 05시,수요일,충청남도 태안군 남면,경상사고,0,0,1,0,차대사람 - 길가장자리구역통행중,안전운전불이행,건조,맑음,단일로 - 기타,이륜,여,70세,상해없음,보행자,여,75세,경상
2012081500100192,2012년 8월 15일 05시,수요일,충청남도 천안시 서북구 성거읍,중상사고,0,1,0,0,차량단독 - 공작물충돌,안전운전불이행,습기,비,단일로 - 기타,승용,여,21세,중상,,,,
2012081500100223,2012년 8월 15일 07시,수요일,충청남도 서산시 대산읍,경상사고,0,0,1,0,차대차 - 추돌 - 진행중,안전운전불이행,습기,비,단일로 - 기타,화물,남,65세,상해없음,승용,남,45세,경상
2012081500100224,2012년 8월 15일 07시,수요일,충청남도 보령시 명천동,경상사고,0,0,2,0,차대차 - 측면직각충돌,중앙선침범,건조,맑음,단일로 - 터널,승용,남,23세,경상,승용,남,50세,경상
2012081500100240,2012년 8월 15일 08시,수요일,충청남도 당진시 송산면,경상사고,0,0,2,0,차대차 - 측면직각충돌,신호위반,건조,맑음,교차로 - 교차로안,승합,남,47세,상해없음,승용,남,40세,경상
2012081500100257,2012년 8월 15일 09시,수요일,충청남도 금산군 추부면,중상사고,0,1,0,0,차대차 - 측면직각충돌,신호위반,건조,맑음,교차로 - 교차로안,승용,남,42세,상해없음,승용,남,22세,중상
2012081500100274,2012년 8월 15일 10시,수요일,충청남도 부여군 부여읍,경상사고,0,0,1,0,차대차 - 추돌 - 주정차중,안전운전불이행,건조,맑음,단일로 - 기타,승용,남,71세,상해없음,승용,남,26세,경상
2012081500100292,2012년 8월 15일 11시,수요일,충청남도 예산군 예산읍,중상사고,0,1,0,0,차대차 - 측면직각충돌,직진우회전진행방해,습기,비,교차로 - 교차로안,승용,남,50세,상해없음,승용,여,54세,중상
2012081500100311,2012년 8월 15일 12시,수요일,충청남도 천안시 동남구 대흥동,중상사고,0,1,0,0,차대사람 - 횡단중,중앙선침범,습기,비,단일로 - 기타,승용,여,52세,상해없음,보행자,여,75세,중상
2012081500100327,2012년 8월 15일 13시,수요일,충청남도 논산시 가야곡면,중상사고,0,1,0,0,차대차 - 기타,안전운전불이행,건조,흐림,교차로 - 교차로안,원동기,남,52세,중상,승용,남,46세,상해없음
2012081500100349,2012년 8월 15일 14시,수요일,충청남도 홍성군 갈산면,중상사고,0,4,0,0,차량단독 - 도로외이탈 - 추락,안전운전불이행,습기,비,단일로 - 기타,승용,남,25세,중상,,,,
2012081500100350,2012년 8월 15일 14시,수요일,충청남도 천안시 동남구 목천읍,경상사고,0,0,1,0,차대사람 - 횡단중,신호위반,습기,비,교차로 - 교차로안,승합,남,51세,상해없음,보행자,여,15세,경상
2012081500100367,2012년 8월 15일 15시,수요일,충청남도 천안시 동남구 삼룡동,경상사고,0,0,1,2,차대차 - 측면직각충돌,신호위반,습기,비,교차로 - 교차로안,승용,남,33세,상해없음,화물,남,62세,경상
2012081500100368,2012년 8월 15일 15시,수요일,충청남도 천안시 동남구 수신면,경상사고,0,0,2,0,차대차 - 추돌 - 주정차중,안전운전불이행,습기,비,단일로 - 기타,승용,남,33세,상해없음,승용,남,46세,경상
2012081500100389,2012년 8월 15일 16시,수요일,충청남도 청양군 청남면,부상신고사고,0,0,0,1,차량단독 - 기타,안전운전불이행,습기,비,단일로 - 기타,이륜,남,53세,부상신고,,,,
2012081500100405,2012년 8월 15일 17시,수요일,충청남도 태안군 원북면,중상사고,0,1,1,0,차량단독 - 도로외이탈 - 추락,안전운전불이행,습기,비,단일로 - 기타,화물,남,63세,중상,,,,
2012081500100407,2012년 8월 15일 17시,수요일,충청남도 보령시 남포면,경상사고,0,0,2,0,차량단독 - 전도전복,안전운전불이행,습기,비,단일로 - 기타,승용,남,25세,경상,,,,
2012081500100456,2012년 8월 15일 19시,수요일,충청남도 태안군 원북면,사망사고,1,0,0,0,차대사람 - 차도통행중,안전운전불이행,습기,비,단일로 - 기타,승용,남,52세,상해없음,보행자,여,61세,사망
2012081500100457,2012년 8월 15일 19시,수요일,충청남도 천안시 서북구 성정동,경상사고,0,0,1,0,차대차 - 기타,안전운전불이행,습기,비,단일로 - 기타,승용,남,27세,기타불명,원동기,남,37세,경상
2012081500100458,2012년 8월 15일 19시,수요일,충청남도 보령시 대천동,중상사고,0,1,3,0,차대차 - 측면직각충돌,교차로운행방법위반,습기,비,교차로 - 교차로안,승용,남,60세,중상,승용,여,32세,경상
2012081500100503,2012년 8월 15일 20시,수요일,충청남도 서산시 부석면,중상사고,0,1,0,0,차대차 - 정면충돌,중앙선침범,습기,흐림,단일로 - 기타,승용,남,53세,상해없음,승용,여,26세,중상
2012081500100504,2012년 8월 15일 20시,수요일,충청남도 천안시 서북구 두정동,중상사고,0,1,0,1,차대차 - 정면충돌,안전운전불이행,습기,비,교차로 - 교차로안,승합,남,42세,상해없음,승용,여,23세,중상
2012081500100505,2012년 8월 15일 20시,수요일,충청남도 홍성군 홍성읍,중상사고,0,1,0,0,차대사람 - 횡단중,보행자보호의무위반,습기,비,단일로 - 횡단보도상,승용,여,31세,상해없음,보행자,남,48세,중상
2012081500100506,2012년 8월 15일 20시,수요일,충청남도 아산시 방축동,경상사고,0,0,1,0,차대차 - 추돌 - 주정차중,안전운전불이행,습기,비,교차로 - 교차로부근,승용,남,42세,상해없음,승용,여,20세,경상
2012081500100508,2012년 8월 15일 20시,수요일,충청남도 금산군 금산읍,중상사고,0,1,0,0,차대사람 - 길가장자리구역통행중,안전운전불이행,습기,비,교차로 - 교차로안,승용,남,46세,기타불명,보행자,여,60세,중상
2012081500100509,2012년 8월 15일 20시,수요일,충청남도 천안시 동남구 원성동,경상사고,0,0,1,0,차대차 - 측면직각충돌,안전운전불이행,습기,비,교차로 - 교차로부근,승용,남,54세,상해없음,이륜,남,43세,경상
2012081500100548,2012년 8월 15일 21시,수요일,충청남도 보령시 동대동,경상사고,0,0,2,0,차대차 - 측면직각충돌,직진우회전진행방해,습기,비,교차로 - 교차로안,승용,남,62세,상해없음,승용,남,47세,경상
2012081500100549,2012년 8월 15일 21시,수요일,충청남도 당진시 신평면,경상사고,0,0,1,0,차대차 - 추돌 - 진행중,안전운전불이행,습기,비,단일로 - 기타,화물,남,54세,상해없음,승용,남,28세,경상
2012081500100550,2012년 8월 15일 21시,수요일,충청남도 당진시 송악읍,경상사고,0,0,1,0,차대사람 - 차도통행중,안전운전불이행,건조,맑음,교차로 - 교차로부근,승용,남,26세,상해없음,보행자,남,28세,경상
2012081500100582,2012년 8월 15일 22시,수요일,충청남도 서산시 동문동,중상사고,0,1,2,0,차대차 - 추돌 - 주정차중,안전운전불이행,습기,흐림,교차로 - 교차로부근,화물,남,50세,상해없음,승용,남,38세,중상
2012081500100600,2012년 8월 15일 23시,수요일,충청남도 천안시 서북구 성정동,경상사고,0,0,1,0,차대차 - 정면충돌,안전운전불이행,습기,비,교차로 - 교차로안,승용,남,39세,상해없음,승용,남,26세,경상
2012081600100010,2012년 8월 16일 00시,목요일,충청남도 논산시 강산동,경상사고,0,0,2,0,차대차 - 기타,안전거리미확보,습기,비,단일로 - 기타,승용,남,36세,상해없음,승용,남,30세,경상
2012081600100039,2012년 8월 16일 02시,목요일,충청남도 천안시 동남구 병천면,사망사고,1,0,0,0,차대사람 - 기타,안전운전불이행,습기,비,단일로 - 기타,승합,남,52세,상해없음,보행자,남,44세,사망
2012081600100116,2012년 8월 16일 08시,목요일,충청남도 당진시 신평면,경상사고,0,0,1,0,차대차 - 측면직각충돌,교차로운행방법위반,건조,맑음,교차로 - 교차로안,승용,남,31세,상해없음,승용,남,43세,경상
2012081600100200,2012년 8월 16일 11시,목요일,충청남도 천안시 서북구 두정동,중상사고,0,1,0,0,차대사람 - 기타,기타,건조,맑음,기타 - 기타,승합,남,52세,상해없음,보행자,여,59세,중상
2012081600100201,2012년 8월 16일 11시,목요일,충청남도 금산군 금산읍,경상사고,0,0,1,0,차대차 - 측면직각충돌,직진우회전진행방해,습기,비,교차로 - 교차로안,승용,남,49세,상해없음,화물,남,61세,상해없음
2012081600100225,2012년 8월 16일 12시,목요일,충청남도 아산시 송악면,중상사고,0,1,3,0,차대차 - 추돌 - 진행중,안전운전불이행,건조,흐림,교차로 - 교차로안,화물,남,38세,상해없음,승용,여,35세,경상
2012081600100314,2012년 8월 16일 15시,목요일,충청남도 서산시 예천동,경상사고,0,0,1,0,차대차 - 측면직각충돌,교차로운행방법위반,건조,맑음,교차로 - 교차로안,승용,여,41세,상해없음,승용,여,44세,경상
2012081600100315,2012년 8월 16일 15시,목요일,충청남도 아산시 용화동,경상사고,0,0,1,0,차대차 - 추돌 - 주정차중,안전운전불이행,습기,비,교차로 - 교차로부근,승용,여,47세,상해없음,승용,여,57세,경상
2012081600100347,2012년 8월 16일 16시,목요일,충청남도 아산시 염치읍,경상사고,0,0,1,0,차대사람 - 기타,안전운전불이행,건조,맑음,기타 - 기타,승용,여,36세,상해없음,보행자,여,6세,경상
2012081600100348,2012년 8월 16일 16시,목요일,충청남도 천안시 동남구 병천면,경상사고,0,0,1,0,차대차 - 측면직각충돌,교차로운행방법위반,습기,비,교차로 - 교차로안,화물,남,49세,상해없음,화물,남,50세,경상
2012081600100410,2012년 8월 16일 18시,목요일,충청남도 홍성군 홍성읍,경상사고,0,0,1,0,차대차 - 측면직각충돌,안전운전불이행,건조,맑음,단일로 - 기타,화물,남,56세,상해없음,승용,여,47세,경상
2012081600100518,2012년 8월 16일 21시,목요일,충청남도 태안군 원북면,중상사고,0,2,0,0,차대차 - 추돌 - 진행중,안전운전불이행,건조,맑음,기타 - 기타,승용,남,43세,상해없음,승용,여,49세,중상
2012081600100542,2012년 8월 16일 22시,목요일,충청남도 천안시 서북구 성정동,경상사고,0,0,1,0,차대차 - 측면직각충돌,중앙선침범,건조,맑음,단일로 - 기타,승용,남,40세,상해없음,원동기,남,19세,경상
2012081600100543,2012년 8월 16일 22시,목요일,충청남도 보령시 동대동,중상사고,0,1,0,0,차대사람 - 차도통행중,안전운전불이행,건조,맑음,단일로 - 기타,승용,남,45세,상해없음,보행자,남,53세,중상
2012081600100574,2012년 8월 16일 23시,목요일,충청남도 논산시 연무읍,경상사고,0,0,1,0,차대차 - 측면직각충돌,중앙선침범,건조,맑음,단일로 - 기타,승용,남,43세,상해없음,이륜,남,51세,경상
2012081600100575,2012년 8월 16일 23시,목요일,충청남도 당진시 순성면,사망사고,1,0,2,0,차대차 - 정면충돌,중앙선침범,건조,맑음,단일로 - 기타,승용,남,29세,사망,승용,여,39세,경상
2012081600100576,2012년 8월 16일 23시,목요일,충청남도 천안시 동남구 신부동,경상사고,0,0,1,0,차대사람 - 길가장자리구역통행중,안전운전불이행,건조,맑음,단일로 - 기타,승용,남,25세,상해없음,보행자,남,21세,경상
2012081600100577,2012년 8월 16일 23시,목요일,충청남도 공주시 사곡면,중상사고,0,1,0,0,차대차 - 정면충돌,중앙선침범,건조,맑음,단일로 - 기타,승용,남,34세,상해없음,화물,남,34세,중상
2012081700100013,2012년 8월 17일 00시,금요일,충청남도 아산시 도고면,경상사고,0,0,3,0,차대차 - 추돌 - 주정차중,안전운전불이행,건조,맑음,교차로 - 교차로부근,승용,남,51세,상해없음,승용,여,47세,경상
2012081700100033,2012년 8월 17일 02시,금요일,충청남도 당진시 읍내리,경상사고,0,0,1,0,차대차 - 측면직각충돌,교차로운행방법위반,건조,맑음,교차로 - 교차로안,승용,남,22세,상해없음,승용,여,22세,경상
2012081700100113,2012년 8월 17일 08시,금요일,충청남도 서천군 기산면,중상사고,0,1,0,0,차대차 - 기타,안전운전불이행,건조,맑음,단일로 - 기타,승용,여,35세,상해없음,자전거,남,77세,중상
2012081700100161,2012년 8월 17일 10시,금요일,충청남도 금산군 금산읍,중상사고,0,1,0,0,차대사람 - 횡단중,보행자보호의무위반,건조,맑음,교차로 - 교차로부근,승용,남,47세,상해없음,보행자,여,73세,중상
2012081700100181,2012년 8월 17일 11시,금요일,충청남도 천안시 서북구 입장면,중상사고,0,1,0,0,차대차 - 측면직각충돌,교차로운행방법위반,건조,맑음,교차로 - 교차로안,승용,남,49세,상해없음,원동기,남,27세,중상
2012081700100182,2012년 8월 17일 11시,금요일,충청남도 천안시 서북구 불당동,경상사고,0,0,1,0,차대차 - 추돌 - 진행중,안전운전불이행,건조,맑음,단일로 - 기타,승용,남,45세,상해없음,승용,여,37세,경상
2012081700100183,2012년 8월 17일 11시,금요일,충청남도 당진시 대호지면,경상사고,0,0,1,0,차대차 - 측면직각충돌,기타,건조,맑음,교차로 - 교차로안,화물,남,32세,상해없음,이륜,남,73세,경상
2012081700100184,2012년 8월 17일 11시,금요일,충청남도 금산군 금성면,중상사고,0,1,0,0,차대차 - 측면직각충돌,안전운전불이행,건조,맑음,단일로 - 기타,화물,남,55세,상해없음,농기계,남,71세,중상
2012081700100242,2012년 8월 17일 13시,금요일,충청남도 금산군 추부면,경상사고,0,0,1,0,차대차 - 측면직각충돌,안전운전불이행,건조,맑음,교차로 - 교차로부근,승용,남,64세,상해없음,승용,여,35세,경상
2012081700100265,2012년 8월 17일 14시,금요일,충청남도 천안시 서북구 성정동,경상사고,0,0,1,0,차대차 - 추돌 - 주정차중,안전운전불이행,건조,맑음,교차로 - 교차로부근,승용,여,45세,상해없음,승용,여,57세,경상
2012081700100266,2012년 8월 17일 14시,금요일,충청남도 천안시 서북구 성환읍,중상사고,0,1,0,0,차대사람 - 기타,안전운전불이행,건조,맑음,단일로 - 기타,화물,남,46세,상해없음,보행자,남,47세,중상
2012081700100267,2012년 8월 17일 14시,금요일,충청남도 논산시 양촌면,사망사고,1,0,0,0,차량단독 - 도로외이탈 - 추락,안전운전불이행,건조,맑음,단일로 - 기타,이륜,남,54세,사망,,,,
2012081700100292,2012년 8월 17일 15시,금요일,충청남도 논산시 취암동,경상사고,0,0,1,0,차대사람 - 횡단중,안전운전불이행,건조,맑음,단일로 - 기타,승용,여,47세,상해없음,보행자,여,13세,경상
2012081700100365,2012년 8월 17일 17시,금요일,충청남도 천안시 서북구 차암동,중상사고,0,1,0,0,차대차 - 측면직각충돌,교차로운행방법위반,건조,맑음,교차로 - 교차로안,화물,남,71세,상해없음,승용,여,35세,중상
2012081700100407,2012년 8월 17일 18시,금요일,충청남도 천안시 서북구 성정동,경상사고,0,0,2,0,차대차 - 추돌 - 주정차중,안전운전불이행,건조,맑음,기타 - 기타,승용,남,30세,상해없음,승용,남,32세,상해없음
2012081700100408,2012년 8월 17일 18시,금요일,충청남도 아산시 온천동,경상사고,0,0,2,0,차대차 - 추돌 - 진행중,안전운전불이행,건조,맑음,단일로 - 기타,승용,남,47세,상해없음,승용,남,31세,경상
2012081700100487,2012년 8월 17일 20시,금요일,충청남도 보령시 청라면,중상사고,0,1,2,0,차대차 - 추돌 - 진행중,안전운전불이행,건조,맑음,단일로 - 기타,승용,남,58세,경상,농기계,남,45세,중상
2012081700100488,2012년 8월 17일 20시,금요일,충청남도 천안시 동남구 신방동,경상사고,0,0,1,0,차대차 - 측면직각충돌,차로위반,건조,맑음,단일로 - 기타,승용,남,25세,경상,승용,여,41세,상해없음
2012081700100568,2012년 8월 17일 22시,금요일,충청남도 천안시 서북구 불당동,경상사고,0,0,1,0,차대차 - 기타,안전운전불이행,건조,맑음,교차로 - 교차로안,자전거,남,13세,경상,승용,남,48세,상해없음
2012081700100611,2012년 8월 17일 23시,금요일,충청남도 서산시 고북면,중상사고,0,2,2,0,차대차 - 추돌 - 진행중,안전운전불이행,건조,맑음,단일로 - 기타,승용,남,29세,상해없음,승용,남,46세,중상
2012081800100011,2012년 8월 18일 00시,토요일,충청남도 공주시 옥룡동,경상사고,0,0,1,0,차대차 - 정면충돌,교차로운행방법위반,건조,맑음,교차로 - 교차로안,승용,남,29세,상해없음,이륜,남,15세,경상
2012081800100112,2012년 8월 18일 05시,토요일,충청남도 서산시 동문동,중상사고,0,1,0,0,차대차 - 추돌 - 진행중,안전운전불이행,건조,맑음,교차로 - 교차로부근,화물,남,42세,상해없음,승용,남,49세,상해없음
2012081800100153,2012년 8월 18일 08시,토요일,충청남도 서산시 예천동,중상사고,0,1,1,0,차대차 - 측면직각충돌,안전운전불이행,건조,맑음,단일로 - 기타,승용,남,23세,경상,승용,남,27세,중상
2012081800100154,2012년 8월 18일 08시,토요일,충청남도 서천군 장항읍,중상사고,0,1,1,0,차대차 - 기타,직진우회전진행방해,건조,맑음,교차로 - 교차로안,이륜,남,52세,중상,승용,여,47세,경상
2012081800100249,2012년 8월 18일 12시,토요일,충청남도 공주시 소학동,중상사고,0,1,0,0,차대차 - 정면충돌,중앙선침범,건조,맑음,단일로 - 기타,승용,남,60세,기타불명,승용,남,70세,중상
2012081800100312,2012년 8월 18일 14시,토요일,충청남도 공주시 정안면,중상사고,0,1,0,0,차대차 - 추돌 - 주정차중,안전운전불이행,건조,맑음,단일로 - 기타,이륜,남,17세,기타불명,승용,남,49세,기타불명
2012081800100313,2012년 8월 18일 14시,토요일,충청남도 예산군 예산읍,중상사고,0,1,0,0,차대차 - 측면직각충돌,직진우회전진행방해,건조,맑음,교차로 - 교차로안,승용,남,27세,상해없음,원동기,남,53세,중상
2012081800100343,2012년 8월 18일 15시,토요일,충청남도 천안시 서북구 성정동,중상사고,0,1,0,0,차대차 - 측면직각충돌,안전운전불이행,건조,맑음,단일로 - 기타,승용,여,36세,상해없음,이륜,남,46세,중상
2012081800100344,2012년 8월 18일 15시,토요일,충청남도 공주시 정안면,중상사고,0,2,3,0,차대차 - 추돌 - 진행중,안전운전불이행,건조,맑음,단일로 - 기타,화물,남,28세,기타불명,승용,여,31세,중상
2012081800100345,2012년 8월 18일 15시,토요일,충청남도 금산군 진산면,경상사고,0,0,3,0,차량단독 - 도로외이탈 - 추락,안전운전불이행,건조,맑음,단일로 - 기타,승용,여,41세,경상,,,,
2012081800100379,2012년 8월 18일 16시,토요일,충청남도 당진시 송악읍,경상사고,0,0,1,0,차대차 - 추돌 - 진행중,안전운전불이행,건조,맑음,단일로 - 기타,화물,여,46세,상해없음,승용,남,25세,상해없음
2012081800100383,2012년 8월 18일 16시,토요일,충청남도 서천군 화양면,중상사고,0,1,0,0,차대차 - 추돌 - 진행중,안전운전불이행,건조,맑음,단일로 - 기타,화물,남,45세,상해없음,승용,남,55세,중상
2012081800100436,2012년 8월 18일 18시,토요일,충청남도 아산시 음봉면,경상사고,0,0,1,0,차대차 - 기타,안전운전불이행,건조,맑음,단일로 - 기타,승용,남,44세,상해없음,승용,남,25세,경상
2012081800100474,2012년 8월 18일 19시,토요일,충청남도 태안군 남면,중상사고,0,4,0,0,차대차 - 정면충돌,중앙선침범,건조,맑음,단일로 - 기타,승합,남,69세,중상,승용,남,54세,중상
2012081800100475,2012년 8월 18일 19시,토요일,충청남도 서천군 마서면,경상사고,0,0,1,0,차대차 - 기타,안전운전불이행,건조,맑음,단일로 - 기타,농기계,남,75세,경상,화물,남,50세,상해없음
2012081900100074,2012년 8월 19일 04시,일요일,충청남도 홍성군 구항면,사망사고,1,0,0,0,차대사람 - 기타,안전운전불이행,건조,맑음,단일로 - 기타,승용,남,32세,상해없음,보행자,남,65세,사망
2012081900100155,2012년 8월 19일 10시,일요일,충청남도 천안시 서북구 성정동,중상사고,0,1,0,0,차대차 - 측면직각충돌,안전운전불이행,건조,맑음,교차로 - 교차로안,승용,남,20세,상해없음,이륜,남,41세,중상
2012081900100205,2012년 8월 19일 13시,일요일,충청남도 천안시 서북구 쌍용동,중상사고,0,1,0,0,차대차 - 측면직각충돌,신호위반,건조,맑음,교차로 - 교차로안,승용,남,65세,상해없음,승용,여,45세,중상