사고번호,사고일시,요일,시군구,사고내용,사망자수,중상자수,경상자수,부상신고자수,사고유형,법규위반,노면상태,기상상태,도로형태,가해운전자 차종,가해운전자 성별,가해운전자 연령,가해운전자 상해정도,피해운전자 차종,피해운전자 성별,피해운전자 연령,피해운전자 상해정도
2012081900100233,2012년 8월 19일 14시,일요일,충청남도 논산시 가야곡면,경상사고,0,0,2,0,차대차 - 기타,안전운전불이행,건조,맑음,단일로 - 기타,이륜,남,66세,상해없음,이륜,남,56세,경상
2012081900100365,2012년 8월 19일 19시,일요일,충청남도 아산시 온천동,경상사고,0,0,3,0,차대차 - 기타,안전운전불이행,건조,맑음,단일로 - 기타,승용,남,59세,상해없음,화물,남,46세,경상
2012081900100366,2012년 8월 19일 19시,일요일,충청남도 당진시 석문면,중상사고,0,1,1,0,차대차 - 측면직각충돌,안전운전불이행,건조,맑음,단일로 - 기타,승용,남,50세,상해없음,승용,여,31세,경상
2012081900100392,2012년 8월 19일 20시,일요일,충청남도 홍성군 갈산면,중상사고,0,1,0,0,차대차 - 기타,안전운전불이행,건조,맑음,단일로 - 기타,승용,남,31세,상해없음,농기계,남,42세,중상
2012081900100425,2012년 8월 19일 21시,일요일,충청남도 서천군 장항읍,중상사고,0,1,0,0,차대사람 - 기타,안전운전불이행,건조,맑음,단일로 - 기타,승용,남,30세,상해없음,보행자,남,51세,중상
2012081900100468,2012년 8월 19일 23시,일요일,충청남도 태안군 태안읍,중상사고,0,1,0,0,차대차 - 추돌 - 진행중,안전운전불이행,습기,비,기타 - 기타,승용,남,43세,상해없음,승용,여,57세,중상
2012081900100469,2012년 8월 19일 23시,일요일,충청남도 공주시 신관동,중상사고,0,1,0,0,차대차 - 기타,직진우회전진행방해,건조,맑음,교차로 - 교차로안,승용,남,46세,상해없음,이륜,남,17세,중상
2012082000100012,2012년 8월 20일 00시,월요일,충청남도 천안시 서북구 성정동,중상사고,0,1,0,0,차대사람 - 기타,과속,건조,맑음,단일로 - 기타,승용,남,50세,상해없음,보행자,남,25세,중상
2012082000100048,2012년 8월 20일 04시,월요일,충청남도 부여군 부여읍,중상사고,0,1,0,0,차대차 - 추돌 - 진행중,안전운전불이행,습기,비,단일로 - 기타,화물,남,57세,상해없음,농기계,남,71세,중상
2012082000100136,2012년 8월 20일 08시,월요일,충청남도 천안시 동남구 신방동,경상사고,0,0,5,0,차대차 - 추돌 - 진행중,안전운전불이행,습기,비,단일로 - 기타,승용,남,54세,상해없음,승용,남,55세,경상
2012082000100169,2012년 8월 20일 09시,월요일,충청남도 홍성군 홍성읍,사망사고,1,0,0,0,차대차 - 기타,교차로운행방법위반,습기,비,교차로 - 교차로안,화물,남,77세,상해없음,이륜,남,78세,사망
2012082000100238,2012년 8월 20일 12시,월요일,충청남도 논산시 취암동,중상사고,0,1,2,0,차대차 - 측면직각충돌,교차로운행방법위반,건조,맑음,교차로 - 교차로안,승용,여,34세,경상,화물,남,45세,경상
2012082000100269,2012년 8월 20일 13시,월요일,충청남도 금산군 금산읍,중상사고,0,1,1,0,차대차 - 측면직각충돌,직진우회전진행방해,건조,맑음,교차로 - 교차로안,원동기,여,55세,중상,화물,남,52세,경상
2012082000100295,2012년 8월 20일 14시,월요일,충청남도 금산군 남일면,중상사고,0,2,1,0,차대차 - 측면직각충돌,신호위반,건조,맑음,교차로 - 교차로안,승용,여,51세,중상,건설기계,남,60세,경상
2012082000100501,2012년 8월 20일 20시,월요일,충청남도 아산시 권곡동,경상사고,0,0,2,0,차대차 - 추돌 - 주정차중,안전운전불이행,습기,흐림,교차로 - 교차로부근,화물,남,44세,상해없음,승용,남,41세,경상
2012082000100502,2012년 8월 20일 20시,월요일,충청남도 아산시 배방읍,경상사고,0,0,3,0,차대차 - 추돌 - 주정차중,안전운전불이행,습기,비,교차로 - 교차로부근,승용,남,29세,상해없음,승용,남,26세,경상
2012082000100551,2012년 8월 20일 21시,월요일,충청남도 천안시 서북구 두정동,경상사고,0,0,1,0,차대사람 - 기타,안전운전불이행,습기,비,단일로 - 기타,승용,여,24세,상해없음,보행자,남,23세,경상
2012082000100552,2012년 8월 20일 21시,월요일,충청남도 논산시 성동면,중상사고,0,2,0,0,차대차 - 정면충돌,중앙선침범,습기,비,단일로 - 기타,화물,남,57세,상해없음,화물,남,37세,중상
2012082000100553,2012년 8월 20일 21시,월요일,충청남도 공주시 유구읍,경상사고,0,0,1,0,차대차 - 추돌 - 주정차중,안전운전불이행,습기,비,교차로 - 교차로부근,승용,남,54세,상해없음,승용,남,20세,경상
2012082000100592,2012년 8월 20일 22시,월요일,충청남도 서산시 예천동,경상사고,0,0,3,0,차대차 - 측면직각충돌,안전운전불이행,습기,비,교차로 - 교차로부근,승용,여,52세,상해없음,승용,남,33세,경상
2012082100100026,2012년 8월 21일 00시,화요일,충청남도 천안시 동남구 목천읍,경상사고,0,0,2,0,차대차 - 측면직각충돌,교차로운행방법위반,건조,맑음,교차로 - 교차로안,승용,남,42세,상해없음,승용,여,60세,경상
2012082100100046,2012년 8월 21일 01시,화요일,충청남도 천안시 동남구 신방동,경상사고,0,0,1,0,차대차 - 측면직각충돌,교차로운행방법위반,습기,비,교차로 - 교차로안,승용,남,24세,상해없음,승용,여,32세,상해없음
2012082100100135,2012년 8월 21일 07시,화요일,충청남도 천안시 서북구 입장면,중상사고,0,1,0,0,차대차 - 추돌 - 주정차중,안전운전불이행,건조,맑음,교차로 - 교차로부근,화물,남,55세,상해없음,승용,남,40세,중상
2012082100100136,2012년 8월 21일 07시,화요일,충청남도 서천군 서천읍,경상사고,0,0,1,0,차대차 - 기타,안전운전불이행,습기,비,단일로 - 기타,승용,남,56세,상해없음,승용,남,26세,경상
2012082100100186,2012년 8월 21일 09시,화요일,충청남도 천안시 동남구 신부동,경상사고,0,0,1,0,차대차 - 기타,안전운전불이행,건조,맑음,단일로 - 기타,승용,남,48세,상해없음,원동기,남,32세,경상
2012082100100242,2012년 8월 21일 11시,화요일,충청남도 서산시 음암면,경상사고,0,0,1,0,차대차 - 추돌 - 주정차중,안전거리미확보,습기,흐림,교차로 - 교차로안,승용,여,52세,상해없음,승용,남,58세,경상
2012082100100243,2012년 8월 21일 11시,화요일,충청남도 태안군 태안읍,경상사고,0,0,1,0,차대사람 - 횡단중,안전운전불이행,건조,맑음,교차로 - 교차로안,승용,여,37세,상해없음,보행자,남,79세,경상
2012082100100244,2012년 8월 21일 11시,화요일,충청남도 서산시 동문동,중상사고,0,1,0,0,차대차 - 추돌 - 진행중,안전운전불이행,건조,맑음,교차로 - 교차로부근,승용,남,22세,상해없음,화물,남,63세,중상
2012082100100314,2012년 8월 21일 13시,화요일,충청남도 당진시 석문면,경상사고,0,0,1,0,차대차 - 정면충돌,중앙선침범,건조,맑음,단일로 - 기타,화물,남,43세,상해없음,특수,남,52세,경상
2012082100100346,2012년 8월 21일 14시,화요일,충청남도 서산시 부석면,중상사고,0,1,0,0,차대차 - 측면직각충돌,안전운전불이행,건조,맑음,단일로 - 기타,승용,여,52세,중상,화물,남,41세,상해없음
2012082100100373,2012년 8월 21일 15시,화요일,충청남도 서천군 서면,중상사고,0,4,3,0,차대차 - 기타,신호위반,건조,맑음,교차로 - 교차로안,승용,남,56세,경상,승합,남,64세,중상
2012082100100402,2012년 8월 21일 16시,화요일,충청남도 보령시 대천동,중상사고,0,1,0,0,차대차 - 측면직각충돌,교차로운행방법위반,건조,맑음,교차로 - 교차로안,승용,남,70세,상해없음,이륜,남,70세,중상
2012082100100403,2012년 8월 21일 16시,화요일,충청남도 금산군 부리면,중상사고,0,1,0,0,차대차 - 측면직각충돌,교차로운행방법위반,건조,맑음,교차로 - 교차로안,이륜,남,52세,중상,승용,여,28세,상해없음
2012082100100523,2012년 8월 21일 19시,화요일,충청남도 서산시 음암면,중상사고,0,1,0,0,차대차 - 기타,직진우회전진행방해,건조,맑음,교차로 - 교차로안,특수,남,45세,상해없음,농기계,남,69세,중상
2012082100100524,2012년 8월 21일 19시,화요일,충청남도 보령시 동대동,경상사고,0,0,2,0,차대차 - 측면직각충돌,불법유턴,건조,맑음,단일로 - 기타,화물,남,41세,상해없음,화물,남,39세,경상
2012082100100556,2012년 8월 21일 20시,화요일,충청남도 논산시 양촌면,경상사고,0,0,1,0,차대차 - 정면충돌,중앙선침범,건조,맑음,단일로 - 기타,승용,여,45세,상해없음,승용,남,59세,경상
2012082100100557,2012년 8월 21일 20시,화요일,충청남도 천안시 동남구 성남면,경상사고,0,0,1,0,차대차 - 정면충돌,교차로운행방법위반,건조,맑음,교차로 - 교차로안,승용,남,45세,상해없음,승용,남,24세,경상
2012082100100590,2012년 8월 21일 21시,화요일,충청남도 천안시 서북구 성정동,경상사고,0,0,1,0,차대차 - 기타,안전운전불이행,습기,비,단일로 - 기타,기타불명,기타불명,기타불명,기타불명,승용,여,47세,경상
2012082100100591,2012년 8월 21일 21시,화요일,충청남도 예산군 덕산면,중상사고,0,1,0,0,차대사람 - 차도통행중,안전운전불이행,건조,맑음,단일로 - 기타,승용,남,21세,상해없음,보행자,남,53세,중상
2012082200100111,2012년 8월 22일 06시,수요일,충청남도 서산시 동문동,중상사고,0,1,0,0,차대사람 - 기타,안전운전불이행,습기,비,기타 - 기타,승용,남,32세,상해없음,보행자,남,38세,중상
2012082200100205,2012년 8월 22일 10시,수요일,충청남도 서산시 읍내동,중상사고,0,1,0,0,차대사람 - 횡단중,보행자보호의무위반,습기,비,단일로 - 기타,승용,남,47세,상해없음,보행자,여,12세,중상
2012082200100206,2012년 8월 22일 10시,수요일,충청남도 서산시 해미면,경상사고,0,0,2,0,차대차 - 측면직각충돌,안전운전불이행,습기,비,단일로 - 기타,승용,남,21세,상해없음,승용,여,52세,경상
2012082200100207,2012년 8월 22일 10시,수요일,충청남도 천안시 서북구 성성동,경상사고,0,0,1,0,차대차 - 기타,기타,습기,비,단일로 - 기타,화물,남,54세,상해없음,승용,남,38세,경상
2012082200100233,2012년 8월 22일 11시,수요일,충청남도 아산시 온천동,경상사고,0,0,1,0,차대사람 - 기타,안전운전불이행,건조,맑음,교차로 - 교차로부근,승용,남,43세,상해없음,보행자,남,60세,경상
2012082200100264,2012년 8월 22일 12시,수요일,충청남도 논산시 취암동,중상사고,0,1,0,0,차대차 - 측면직각충돌,교차로운행방법위반,습기,비,교차로 - 교차로안,승용,남,51세,상해없음,이륜,남,28세,중상
2012082200100265,2012년 8월 22일 12시,수요일,충청남도 천안시 동남구 대흥동,부상신고사고,0,0,0,1,차대차 - 기타,안전운전불이행,습기,비,단일로 - 기타,승용,여,49세,상해없음,자전거,남,62세,부상신고
2012082200100294,2012년 8월 22일 13시,수요일,충청남도 서산시 동문동,경상사고,0,0,1,0,차대차 - 추돌 - 주정차중,안전운전불이행,건조,맑음,단일로 - 기타,승용,남,33세,상해없음,승용,남,49세,경상
2012082200100295,2012년 8월 22일 13시,수요일,충청남도 공주시 정안면,중상사고,0,1,1,0,차대차 - 측면직각충돌,안전운전불이행,습기,비,교차로 - 교차로안,화물,남,63세,중상,승용,남,26세,경상
2012082200100395,2012년 8월 22일 16시,수요일,충청남도 공주시 반포면,중상사고,0,1,0,0,차대차 - 추돌 - 진행중,안전운전불이행,건조,맑음,단일로 - 터널,승용,여,42세,중상,화물,남,38세,상해없음
2012082200100396,2012년 8월 22일 16시,수요일,충청남도 당진시 대호지면,중상사고,0,1,0,0,차대차 - 추돌 - 진행중,안전운전불이행,건조,맑음,기타 - 기타,이륜,남,69세,중상,이륜,남,48세,상해없음
2012082200100425,2012년 8월 22일 17시,수요일,충청남도 예산군 예산읍,경상사고,0,0,1,0,차대차 - 추돌 - 주정차중,안전거리미확보,건조,맑음,교차로 - 교차로부근,승용,남,59세,상해없음,승용,남,25세,경상
2012082200100484,2012년 8월 22일 19시,수요일,충청남도 천안시 서북구 성정동,경상사고,0,0,1,0,차대차 - 기타,교차로운행방법위반,건조,맑음,교차로 - 교차로안,기타불명,기타불명,기타불명,기타불명,승용,남,28세,경상
2012082200100485,2012년 8월 22일 19시,수요일,충청남도 천안시 서북구 백석동,경상사고,0,0,2,0,차대차 - 추돌 - 주정차중,안전운전불이행,건조,맑음,교차로 - 교차로부근,승용,남,27세,상해없음,승용,남,27세,경상
2012082200100486,2012년 8월 22일 19시,수요일,충청남도 천안시 동남구 문화동,부상신고사고,0,0,0,1,차대사람 - 차도통행중,안전운전불이행,건조,맑음,교차로 - 교차로부근,승용,여,73세,상해없음,보행자,남,49세,부상신고
2012082200100513,2012년 8월 22일 20시,수요일,충청남도 천안시 서북구 성정동,부상신고사고,0,0,0,1,차량단독 - 전도전복,안전운전불이행,습기,흐림,단일로 - 기타,이륜,남,25세,부상신고,,,,
2012082200100550,2012년 8월 22일 21시,수요일,충청남도 천안시 서북구 성정동,중상사고,0,1,0,0,차량단독 - 전도전복,안전운전불이행,습기,흐림,단일로 - 기타,이륜,남,29세,중상,,,,
2012082200100551,2012년 8월 22일 21시,수요일,충청남도 예산군 예산읍,중상사고,0,1,0,0,차대차 - 추돌 - 진행중,안전거리미확보,건조,맑음,교차로 - 교차로부근,승용,남,45세,상해없음,승용,여,41세,중상
2012082200100552,2012년 8월 22일 21시,수요일,충청남도 천안시 동남구 봉명동,경상사고,0,0,2,0,차대차 - 추돌 - 주정차중,안전운전불이행,건조,흐림,단일로 - 기타,승용,남,51세,상해없음,승용,남,54세,경상
2012082200100620,2012년 8월 22일 23시,수요일,충청남도 천안시 서북구 성정동,중상사고,0,1,0,0,차대차 - 측면직각충돌,신호위반,건조,맑음,교차로 - 교차로안,승용,남,19세,상해없음,이륜,남,17세,중상
2012082300100016,2012년 8월 23일 00시,목요일,충청남도 서산시 지곡면,중상사고,0,1,0,0,차대차 - 추돌 - 진행중,안전운전불이행,건조,맑음,단일로 - 기타,승용,남,26세,상해없음,승합,남,30세,중상
2012082300100036,2012년 8월 23일 01시,목요일,충청남도 공주시 이인면,중상사고,0,1,0,0,차대차 - 기타,중앙선침범,건조,맑음,단일로 - 기타,승용,남,47세,기타불명,승용,남,43세,중상
2012082300100048,2012년 8월 23일 02시,목요일,충청남도 논산시 화지동,경상사고,0,0,1,0,차대사람 - 차도통행중,신호위반,건조,맑음,단일로 - 기타,화물,남,51세,상해없음,보행자,남,33세,경상
2012082300100113,2012년 8월 23일 07시,목요일,충청남도 아산시 득산동,경상사고,0,0,4,0,차대차 - 기타,안전거리미확보,건조,흐림,교차로 - 교차로안,승용,남,25세,상해없음,승용,여,45세,경상
2012082300100114,2012년 8월 23일 07시,목요일,충청남도 당진시 합덕읍,경상사고,0,0,1,0,차대차 - 측면직각충돌,신호위반,습기,흐림,교차로 - 교차로안,승합,남,51세,상해없음,승용,남,30세,경상
2012082300100139,2012년 8월 23일 08시,목요일,충청남도 서산시 동문동,경상사고,0,0,1,0,차대사람 - 횡단중,안전운전불이행,건조,맑음,교차로 - 교차로부근,건설기계,남,42세,상해없음,보행자,여,65세,경상
2012082300100167,2012년 8월 23일 09시,목요일,충청남도 서산시 석림동,경상사고,0,0,1,0,차대사람 - 보도통행중,기타,건조,맑음,기타 - 기타,승용,여,38세,상해없음,보행자,여,73세,경상
2012082300100215,2012년 8월 23일 11시,목요일,충청남도 서산시 해미면,경상사고,0,0,7,0,차량단독 - 공작물충돌,안전운전불이행,건조,맑음,교차로 - 교차로부근,승합,남,67세,상해없음,,,,
2012082300100216,2012년 8월 23일 11시,목요일,충청남도 청양군 목면,중상사고,0,3,0,0,차대차 - 정면충돌,중앙선침범,건조,흐림,단일로 - 기타,화물,남,36세,중상,승합,남,53세,중상
2012082300100258,2012년 8월 23일 13시,목요일,충청남도 천안시 동남구 청수동,중상사고,0,1,0,0,차대차 - 추돌 - 주정차중,안전운전불이행,건조,맑음,교차로 - 교차로안,화물,남,39세,상해없음,승용,여,47세,중상
2012082300100259,2012년 8월 23일 13시,목요일,충청남도 천안시 동남구 목천읍,중상사고,0,1,0,1,차대차 - 기타,교차로운행방법위반,습기,비,교차로 - 교차로안,화물,남,50세,중상,화물,남,60세,상해없음
2012082300100292,2012년 8월 23일 14시,목요일,충청남도 천안시 서북구 성환읍,경상사고,0,0,1,0,차대사람 - 기타,보행자보호의무위반,건조,맑음,단일로 - 횡단보도상,승용,여,37세,상해없음,보행자,남,92세,경상
2012082300100324,2012년 8월 23일 15시,목요일,충청남도 천안시 서북구 성거읍,경상사고,0,0,1,0,차대사람 - 기타,안전운전불이행,건조,맑음,단일로 - 기타,원동기,남,69세,상해없음,보행자,여,10세,경상
2012082300100416,2012년 8월 23일 18시,목요일,충청남도 청양군 화성면,중상사고,0,2,0,0,차대차 - 정면충돌,안전운전불이행,건조,맑음,단일로 - 기타,승합,남,24세,상해없음,승용,여,62세,중상
2012082300100444,2012년 8월 23일 19시,목요일,충청남도 당진시 신평면,경상사고,0,0,1,0,차대차 - 측면직각충돌,중앙선침범,건조,맑음,단일로 - 기타,승용,남,51세,상해없음,승용,남,29세,경상
2012082300100487,2012년 8월 23일 20시,목요일,충청남도 공주시 우성면,경상사고,0,0,2,0,차대차 - 측면직각충돌,중앙선침범,건조,맑음,단일로 - 기타,화물,남,59세,상해없음,승용,여,49세,경상
2012082300100525,2012년 8월 23일 21시,목요일,충청남도 계룡시 엄사면,중상사고,0,1,1,0,차대차 - 기타,신호위반,건조,흐림,교차로 - 교차로안,승용,여,25세,경상,승용,남,36세,중상
2012082300100526,2012년 8월 23일 21시,목요일,충청남도 보령시 대천동,중상사고,0,1,0,0,차량단독 - 기타,안전운전불이행,건조,맑음,교차로 - 교차로부근,이륜,남,39세,중상,,,,
2012082300100527,2012년 8월 23일 21시,목요일,충청남도 천안시 동남구 구성동,경상사고,0,0,1,0,차대사람 - 횡단중,안전운전불이행,건조,맑음,단일로 - 기타,승용,남,56세,상해없음,보행자,남,44세,경상
2012082300100558,2012년 8월 23일 22시,목요일,충청남도 당진시 합덕읍,중상사고,0,1,0,0,차대사람 - 횡단중,안전운전불이행,건조,맑음,교차로 - 교차로부근,승용,남,43세,상해없음,보행자,여,42세,중상
2012082300100602,2012년 8월 23일 23시,목요일,충청남도 아산시 탕정면,경상사고,0,0,1,0,차대차 - 측면직각충돌,안전운전불이행,건조,맑음,기타 - 기타,승용,남,47세,상해없음,자전거,남,20세,경상
2012082400100056,2012년 8월 24일 02시,금요일,충청남도 논산시 은진면,경상사고,0,0,2,0,차대차 - 추돌 - 진행중,안전운전불이행,습기,흐림,단일로 - 기타,승용,남,46세,상해없음,화물,남,32세,경상
2012082400100077,2012년 8월 24일 03시,금요일,충청남도 천안시 동남구 신방동,중상사고,0,1,0,0,차량단독 - 기타,안전운전불이행,습기,비,교차로 - 교차로안,승용,남,33세,상해없음,,,,
2012082400100092,2012년 8월 24일 04시,금요일,충청남도 아산시 배방읍,경상사고,0,0,2,0,차대차 - 기타,안전운전불이행,건조,맑음,교차로 - 교차로부근,승용,여,28세,상해없음,승용,남,23세,경상
2012082400100115,2012년 8월 24일 06시,금요일,충청남도 부여군 내산면,사망사고,1,0,0,0,차량단독 - 기타,안전운전불이행,기타,흐림,교차로 - 교차로안,농기계,남,74세,기타불명,,,,
2012082400100238,2012년 8월 24일 11시,금요일,충청남도 천안시 서북구 쌍용동,경상사고,0,0,2,0,차대차 - 추돌 - 진행중,안전운전불이행,건조,맑음,교차로 - 교차로부근,승용,여,34세,경상,승용,여,43세,상해없음
2012082400100240,2012년 8월 24일 11시,금요일,충청남도 천안시 동남구 목천읍,중상사고,0,1,0,0,차대차 - 측면직각충돌,안전운전불이행,습기,흐림,단일로 - 기타,이륜,남,44세,중상,승용,남,25세,상해없음
2012082400100292,2012년 8월 24일 13시,금요일,충청남도 예산군 예산읍,경상사고,0,0,3,0,차대차 - 측면직각충돌,신호위반,습기,비,교차로 - 교차로안,화물,남,44세,경상,승합,남,51세,경상
2012082400100343,2012년 8월 24일 15시,금요일,충청남도 예산군 예산읍,중상사고,0,1,0,0,차대차 - 측면직각충돌,직진우회전진행방해,습기,비,교차로 - 교차로안,승합,남,53세,상해없음,화물,여,55세,중상
2012082400100387,2012년 8월 24일 16시,금요일,충청남도 당진시 시곡리,경상사고,0,0,2,0,차대차 - 측면직각충돌,중앙선침범,습기,비,단일로 - 기타,승용,남,19세,상해없음,승용,남,37세,경상
2012082400100419,2012년 8월 24일 17시,금요일,충청남도 청양군 운곡면,중상사고,0,1,0,0,차대사람 - 기타,안전운전불이행,습기,비,단일로 - 기타,승합,남,47세,상해없음,보행자,여,77세,중상
2012082400100420,2012년 8월 24일 17시,금요일,충청남도 천안시 동남구 다가동,경상사고,0,0,1,0,차대차 - 측면직각충돌,차로위반,건조,맑음,교차로 - 교차로부근,승용,남,54세,경상,승용,남,48세,상해없음
2012082400100459,2012년 8월 24일 18시,금요일,충청남도 보령시 대천동,중상사고,0,1,0,0,차대차 - 기타,신호위반,습기,비,교차로 - 교차로안,승용,남,53세,상해없음,승용,남,43세,중상
2012082400100460,2012년 8월 24일 18시,금요일,충청남도 당진시 석문면,중상사고,0,1,0,0,차대차 - 측면직각충돌,교차로운행방법위반,습기,비,교차로 - 교차로안,승용,남,52세,상해없음,승용,여,41세,중상
2012082400100509,2012년 8월 24일 19시,금요일,충청남도 예산군 오가면,사망사고,1,0,0,0,차대사람 - 횡단중,안전운전불이행,습기,비,단일로 - 기타,승용,남,66세,상해없음,보행자,여,82세,사망
2012082400100546,2012년 8월 24일 20시,금요일,충청남도 예산군 봉산면,경상사고,0,0,3,0,차대차 - 측면직각충돌,신호위반,습기,비,교차로 - 교차로안,특수,남,42세,상해없음,승합,남,50세,경상
2012082400100593,2012년 8월 24일 21시,금요일,충청남도 천안시 서북구 성정동,중상사고,0,1,0,0,차대사람 - 횡단중,안전운전불이행,습기,비,단일로 - 기타,이륜,남,17세,상해없음,보행자,여,51세,중상
2012082400100594,2012년 8월 24일 21시,금요일,충청남도 천안시 서북구 직산읍,중상사고,0,1,1,0,차대차 - 측면직각충돌,안전운전불이행,건조,맑음,단일로 - 기타,승용,남,44세,상해없음,승용,남,26세,기타불명
2012082400100595,2012년 8월 24일 21시,금요일,충청남도 예산군 예산읍,경상사고,0,0,1,0,차대차 - 측면직각충돌,직진우회전진행방해,습기,비,교차로 - 교차로안,승용,남,30세,상해없음,승용,남,55세,상해없음
2012082400100596,2012년 8월 24일 21시,금요일,충청남도 천안시 동남구 봉명동,중상사고,0,1,1,0,차대차 - 측면직각충돌,신호위반,건조,맑음,교차로 - 교차로안,승용,남,54세,상해없음,화물,남,47세,중상
2012082400100640,2012년 8월 24일 22시,금요일,충청남도 서산시 예천동,경상사고,0,0,2,0,차대차 - 기타,안전운전불이행,습기,비,교차로 - 교차로부근,승용,남,43세,상해없음,승용,남,48세,경상
2012082400100641,2012년 8월 24일 22시,금요일,충청남도 논산시 연무읍,경상사고,0,0,1,0,차대차 - 측면직각충돌,안전운전불이행,습기,비,단일로 - 기타,승용,남,66세,상해없음,화물,남,38세,경상
2012082500100054,2012년 8월 25일 01시,토요일,충청남도 예산군 예산읍,중상사고,0,1,0,0,차량단독 - 공작물충돌,안전운전불이행,습기,흐림,교차로 - 교차로부근,승용,남,22세,중상,,,,
2012082500100209,2012년 8월 25일 08시,토요일,충청남도 부여군 석성면,사망사고,1,4,0,0,차대차 - 측면직각충돌,안전운전불이행,건조,맑음,단일로 - 기타,승용,남,18세,상해없음,승용,여,60세,중상
2012082500100279,2012년 8월 25일 11시,토요일,충청남도 서산시 해미면,중상사고,0,1,0,0,차대차 - 기타,안전운전불이행,건조,맑음,단일로 - 기타,기타불명,기타불명,기타불명,기타불명,승용,남,58세,중상
2012082500100311,2012년 8월 25일 12시,토요일,충청남도 예산군 신양면,중상사고,0,1,0,0,차대차 - 정면충돌,안전운전불이행,건조,맑음,단일로 - 기타,승용,남,59세,상해없음,이륜,남,73세,중상
2012082500100312,2012년 8월 25일 12시,토요일,충청남도 당진시 읍내리,경상사고,0,0,1,0,차대차 - 기타,안전운전불이행,건조,맑음,단일로 - 기타,승용,남,44세,상해없음,승용,남,33세,경상
2012082500100344,2012년 8월 25일 13시,토요일,충청남도 천안시 서북구 성정동,중상사고,0,1,0,0,차대차 - 기타,안전운전불이행,건조,맑음,교차로 - 교차로부근,승용,남,50세,상해없음,원동기,남,18세,중상
2012082500100389,2012년 8월 25일 14시,토요일,충청남도 금산군 금산읍,중상사고,0,1,0,0,차대차 - 측면직각충돌,교차로운행방법위반,건조,맑음,교차로 - 교차로안,승용,남,31세,상해없음,이륜,남,61세,중상
2012082500100424,2012년 8월 25일 15시,토요일,충청남도 계룡시 금암동,경상사고,0,0,2,0,차대사람 - 기타,안전운전불이행,건조,맑음,단일로 - 기타,승용,여,40세,상해없음,보행자,남,11세,경상
2012082500100457,2012년 8월 25일 16시,토요일,충청남도 천안시 서북구 성환읍,경상사고,0,0,1,0,차대차 - 기타,안전운전불이행,건조,맑음,교차로 - 교차로안,화물,남,36세,상해없음,승용,남,35세,경상
2012082500100494,2012년 8월 25일 17시,토요일,충청남도 천안시 서북구 두정동,중상사고,0,1,0,0,차대차 - 기타,신호위반,습기,비,교차로 - 교차로안,승용,남,33세,상해없음,원동기,남,63세,중상
2012082500100495,2012년 8월 25일 17시,토요일,충청남도 논산시 양촌면,중상사고,0,1,1,0,차대차 - 기타,안전운전불이행,건조,맑음,교차로 - 교차로부근,승용,남,39세,경상,승용,여,43세,중상
2012082500100496,2012년 8월 25일 17시,토요일,충청남도 천안시 동남구 목천읍,경상사고,0,0,1,0,차대차 - 추돌 - 주정차중,안전운전불이행,건조,맑음,단일로 - 기타,승합,남,40세,상해없음,승용,남,34세,경상
2012082500100531,2012년 8월 25일 18시,토요일,충청남도 서산시 예천동,경상사고,0,0,1,0,차대차 - 측면직각충돌,안전운전불이행,건조,맑음,교차로 - 교차로부근,자전거,남,7세,경상,승용,남,29세,상해없음
2012082500100561,2012년 8월 25일 19시,토요일,충청남도 서산시 해미면,경상사고,0,0,2,0,차대차 - 정면충돌,신호위반,건조,맑음,교차로 - 교차로안,화물,남,51세,상해없음,승용,남,34세,경상
2012082500100595,2012년 8월 25일 20시,토요일,충청남도 천안시 서북구 쌍용동,경상사고,0,0,1,0,차대차 - 기타,안전운전불이행,건조,흐림,단일로 - 기타,화물,남,42세,상해없음,원동기,남,16세,경상
2012082500100596,2012년 8월 25일 20시,토요일,충청남도 천안시 동남구 신부동,경상사고,0,0,3,0,차대차 - 추돌 - 주정차중,안전운전불이행,건조,맑음,단일로 - 기타,승용,여,54세,상해없음,승용,남,57세,경상
2012082500100632,2012년 8월 25일 21시,토요일,충청남도 논산시 취암동,경상사고,0,0,1,0,차대차 - 기타,중앙선침범,건조,맑음,교차로 - 교차로안,원동기,남,16세,경상,승용,남,38세,상해없음
2012082500100657,2012년 8월 25일 22시,토요일,충청남도 공주시 반포면,중상사고,0,2,1,0,차대차 - 정면충돌,중앙선침범,건조,맑음,교차로 - 교차로부근,승용,남,40세,상해없음,승용,남,45세,중상
2012082500100658,2012년 8월 25일 22시,토요일,충청남도 예산군 봉산면,중상사고,0,2,1,0,차대차 - 측면직각충돌,안전운전불이행,건조,맑음,단일로 - 기타,승용,남,53세,경상,승용,여,47세,상해없음
2012082500100688,2012년 8월 25일 23시,토요일,충청남도 태안군 안면읍,경상사고,0,0,3,0,차대사람 - 기타,안전운전불이행,건조,맑음,기타 - 기타,화물,남,52세,상해없음,보행자,남,42세,경상
2012082500100689,2012년 8월 25일 23시,토요일,충청남도 천안시 서북구 성거읍,중상사고,0,1,0,0,차대사람 - 횡단중,안전운전불이행,건조,맑음,단일로 - 기타,승용,남,24세,상해없음,보행자,남,35세,중상
2012082500100690,2012년 8월 25일 23시,토요일,충청남도 천안시 서북구 성정동,경상사고,0,0,2,0,차대차 - 기타,안전운전불이행,건조,맑음,교차로 - 교차로부근,승용,남,51세,상해없음,승용,여,26세,경상