사고번호,사고일시,요일,시군구,사고내용,사망자수,중상자수,경상자수,부상신고자수,사고유형,법규위반,노면상태,기상상태,도로형태,가해운전자 차종,가해운전자 성별,가해운전자 연령,가해운전자 상해정도,피해운전자 차종,피해운전자 성별,피해운전자 연령,피해운전자 상해정도
2012082500100691,2012년 8월 25일 23시,토요일,충청남도 홍성군 갈산면,중상사고,0,1,1,0,차대차 - 측면직각충돌,중앙선침범,건조,맑음,단일로 - 기타,화물,남,38세,상해없음,승용,남,39세,경상
2012082600100016,2012년 8월 26일 00시,일요일,충청남도 서천군 장항읍,중상사고,0,2,1,0,차량단독 - 전도전복,안전운전불이행,건조,맑음,기타 - 기타,승용,여,22세,상해없음,,,,
2012082600100036,2012년 8월 26일 01시,일요일,충청남도 천안시 서북구 입장면,중상사고,0,1,0,0,차대사람 - 기타,보행자보호의무위반,건조,맑음,단일로 - 기타,기타불명,기타불명,기타불명,기타불명,보행자,여,54세,중상
2012082600100037,2012년 8월 26일 01시,일요일,충청남도 예산군 예산읍,경상사고,0,0,3,0,차대차 - 측면직각충돌,신호위반,건조,맑음,교차로 - 교차로안,승용,남,45세,상해없음,승용,남,22세,경상
2012082600100038,2012년 8월 26일 01시,일요일,충청남도 천안시 동남구 대흥동,중상사고,0,1,0,0,차대사람 - 횡단중,안전운전불이행,건조,맑음,단일로 - 기타,승용,남,52세,상해없음,보행자,남,36세,중상
2012082600100060,2012년 8월 26일 02시,일요일,충청남도 천안시 서북구 쌍용동,경상사고,0,0,1,0,차대차 - 추돌 - 주정차중,안전운전불이행,건조,흐림,교차로 - 교차로부근,승용,남,28세,상해없음,승용,남,27세,경상
2012082600100075,2012년 8월 26일 03시,일요일,충청남도 천안시 서북구 쌍용동,경상사고,0,0,2,0,차대차 - 추돌 - 진행중,안전운전불이행,건조,맑음,단일로 - 기타,승용,여,28세,상해없음,승용,남,23세,경상
2012082600100119,2012년 8월 26일 07시,일요일,충청남도 천안시 동남구 쌍용동,경상사고,0,0,2,0,차대차 - 기타,안전거리미확보,건조,맑음,교차로 - 교차로안,승용,여,48세,상해없음,승용,남,30세,경상
2012082600100120,2012년 8월 26일 07시,일요일,충청남도 천안시 동남구 목천읍,중상사고,0,1,0,0,차대사람 - 기타,기타,건조,맑음,단일로 - 기타,승합,남,49세,상해없음,보행자,여,65세,중상
2012082600100132,2012년 8월 26일 08시,일요일,충청남도 금산군 복수면,중상사고,0,1,1,0,차대차 - 측면직각충돌,직진우회전진행방해,건조,맑음,교차로 - 교차로안,이륜,여,54세,중상,승용,남,38세,상해없음
2012082600100146,2012년 8월 26일 09시,일요일,충청남도 태안군 태안읍,중상사고,0,1,0,0,차대차 - 측면직각충돌,교차로운행방법위반,건조,맑음,교차로 - 교차로안,원동기,남,16세,상해없음,승용,남,39세,상해없음
2012082600100147,2012년 8월 26일 09시,일요일,충청남도 당진시 읍내리,경상사고,0,0,1,0,차대차 - 측면직각충돌,불법유턴,건조,맑음,교차로 - 교차로부근,승용,남,45세,상해없음,승용,남,42세,경상
2012082600100178,2012년 8월 26일 10시,일요일,충청남도 천안시 동남구 풍세면,경상사고,0,0,1,0,차대차 - 정면충돌,중앙선침범,건조,맑음,단일로 - 기타,승용,남,62세,상해없음,승용,여,60세,경상
2012082600100219,2012년 8월 26일 12시,일요일,충청남도 보령시 대천동,중상사고,0,1,1,0,차대차 - 측면직각충돌,차로위반,건조,맑음,단일로 - 기타,승합,남,54세,상해없음,승용,여,36세,중상
2012082600100276,2012년 8월 26일 14시,일요일,충청남도 부여군 규암면,중상사고,0,1,0,0,차대사람 - 기타,안전운전불이행,건조,맑음,기타 - 기타,승용,남,72세,상해없음,보행자,여,75세,중상
2012082600100277,2012년 8월 26일 14시,일요일,충청남도 공주시 정안면,경상사고,0,0,5,0,차대차 - 측면직각충돌,안전운전불이행,건조,맑음,단일로 - 기타,승합,남,39세,경상,승용,남,19세,경상
2012082600100332,2012년 8월 26일 16시,일요일,충청남도 천안시 서북구 두정동,부상신고사고,0,0,0,1,차대차 - 측면직각충돌,중앙선침범,건조,맑음,단일로 - 기타,원동기,여,36세,부상신고,승용,남,53세,상해없음
2012082600100333,2012년 8월 26일 16시,일요일,충청남도 당진시 송악읍,경상사고,0,0,5,0,차대차 - 추돌 - 진행중,안전거리미확보,건조,맑음,단일로 - 기타,승용,남,25세,상해없음,승용,남,21세,경상
2012082600100360,2012년 8월 26일 17시,일요일,충청남도 천안시 서북구 쌍용동,경상사고,0,0,1,0,차대차 - 측면직각충돌,안전운전불이행,건조,맑음,교차로 - 교차로안,기타불명,기타불명,기타불명,기타불명,승용,여,47세,경상
2012082600100361,2012년 8월 26일 17시,일요일,충청남도 보령시 신흑동,경상사고,0,0,3,0,차대차 - 측면직각충돌,신호위반,건조,맑음,교차로 - 교차로안,승용,남,39세,상해없음,승용,남,42세,경상
2012082600100399,2012년 8월 26일 18시,일요일,충청남도 논산시 광석면,중상사고,0,1,0,0,차대차 - 측면직각충돌,안전거리미확보,건조,맑음,단일로 - 기타,승용,여,52세,상해없음,이륜,남,77세,중상
2012082600100400,2012년 8월 26일 18시,일요일,충청남도 서천군 한산면,중상사고,0,1,1,0,차대차 - 기타,직진우회전진행방해,건조,맑음,교차로 - 교차로안,화물,남,60세,상해없음,이륜,남,16세,중상
2012082600100433,2012년 8월 26일 19시,일요일,충청남도 당진시 송악읍,중상사고,0,3,0,0,차대차 - 추돌 - 주정차중,안전운전불이행,건조,맑음,교차로 - 교차로안,승용,남,42세,상해없음,승용,남,39세,중상
2012082600100462,2012년 8월 26일 20시,일요일,충청남도 금산군 금산읍,중상사고,0,1,0,0,차대사람 - 길가장자리구역통행중,안전운전불이행,건조,흐림,단일로 - 기타,화물,남,52세,상해없음,보행자,여,78세,중상
2012082600100490,2012년 8월 26일 21시,일요일,충청남도 당진시 읍내리,경상사고,0,0,1,0,차대사람 - 횡단중,안전운전불이행,건조,맑음,기타 - 기타,승용,남,44세,상해없음,보행자,여,54세,경상
2012082600100516,2012년 8월 26일 22시,일요일,충청남도 보령시 청소면,중상사고,0,1,0,0,차대사람 - 기타,안전운전불이행,건조,맑음,단일로 - 기타,승용,남,60세,상해없음,보행자,남,49세,중상
2012082600100517,2012년 8월 26일 22시,일요일,충청남도 부여군 부여읍,중상사고,0,5,1,0,차대차 - 기타,직진우회전진행방해,건조,맑음,교차로 - 교차로안,승용,여,35세,상해없음,승용,남,37세,중상
2012082600100518,2012년 8월 26일 22시,일요일,충청남도 천안시 동남구 구성동,경상사고,0,0,1,0,차대차 - 측면직각충돌,안전운전불이행,건조,맑음,교차로 - 교차로부근,승용,남,61세,상해없음,승용,남,19세,경상
2012082600100519,2012년 8월 26일 22시,일요일,충청남도 금산군 추부면,중상사고,0,5,1,0,차대차 - 기타,안전운전불이행,건조,맑음,단일로 - 기타,승용,남,27세,상해없음,화물,남,54세,중상
2012082600100532,2012년 8월 26일 23시,일요일,충청남도 천안시 서북구 성성동,중상사고,0,1,0,0,차대사람 - 횡단중,안전운전불이행,건조,맑음,단일로 - 기타,승용,남,31세,상해없음,보행자,남,26세,중상
2012082700100060,2012년 8월 27일 06시,월요일,충청남도 논산시 상월면,경상사고,0,0,4,0,차대차 - 측면직각충돌,중앙선침범,건조,맑음,교차로 - 교차로부근,이륜,남,70세,경상,승합,남,36세,상해없음
2012082700100086,2012년 8월 27일 07시,월요일,충청남도 천안시 서북구 부대동,경상사고,0,0,3,0,차대차 - 기타,안전운전불이행,건조,맑음,단일로 - 기타,승용,남,59세,상해없음,화물,남,34세,경상
2012082700100088,2012년 8월 27일 07시,월요일,충청남도 당진시 면천면,사망사고,1,0,0,0,차대차 - 정면충돌,교차로운행방법위반,건조,맑음,교차로 - 교차로안,화물,남,38세,상해없음,이륜,남,66세,사망
2012082700100089,2012년 8월 27일 07시,월요일,충청남도 청양군 남양면,중상사고,0,2,4,0,차대차 - 측면직각충돌,직진우회전진행방해,건조,맑음,교차로 - 교차로안,승용,남,57세,중상,승용,남,40세,경상
2012082700100129,2012년 8월 27일 08시,월요일,충청남도 천안시 서북구 성환읍,중상사고,0,1,0,0,차대사람 - 기타,안전운전불이행,건조,흐림,단일로 - 기타,승용,여,64세,상해없음,보행자,남,60세,중상
2012082700100130,2012년 8월 27일 08시,월요일,충청남도 서천군 판교면,중상사고,0,1,0,0,차대사람 - 기타,안전운전불이행,건조,맑음,단일로 - 기타,농기계,남,75세,상해없음,보행자,여,87세,중상
2012082700100132,2012년 8월 27일 08시,월요일,충청남도 청양군 청양읍,중상사고,0,1,1,0,차대차 - 측면직각충돌,직진우회전진행방해,건조,맑음,교차로 - 교차로안,승용,여,43세,중상,승합,남,52세,상해없음
2012082700100175,2012년 8월 27일 09시,월요일,충청남도 홍성군 금마면,중상사고,0,1,0,0,차대차 - 기타,교차로운행방법위반,건조,맑음,교차로 - 교차로안,화물,남,45세,상해없음,이륜,남,78세,중상
2012082700100202,2012년 8월 27일 10시,월요일,충청남도 서천군 장항읍,경상사고,0,0,2,1,차대차 - 기타,신호위반,건조,맑음,교차로 - 교차로안,승용,남,51세,부상신고,승용,남,46세,경상
2012082700100203,2012년 8월 27일 10시,월요일,충청남도 보령시 동대동,경상사고,0,0,1,0,차대차 - 측면직각충돌,직진우회전진행방해,건조,맑음,교차로 - 교차로안,승용,남,23세,상해없음,승용,여,49세,경상
2012082700100204,2012년 8월 27일 10시,월요일,충청남도 공주시 탄천면,경상사고,0,0,1,0,차대차 - 측면직각충돌,중앙선침범,건조,흐림,단일로 - 기타,화물,남,27세,상해없음,화물,남,41세,경상
2012082700100205,2012년 8월 27일 10시,월요일,충청남도 예산군 예산읍,중상사고,0,1,0,0,차대차 - 추돌 - 진행중,안전운전불이행,건조,맑음,교차로 - 교차로부근,승용,여,50세,상해없음,이륜,남,72세,중상
2012082700100206,2012년 8월 27일 10시,월요일,충청남도 천안시 동남구 신방동,중상사고,0,2,0,0,차대차 - 측면직각충돌,중앙선침범,건조,맑음,교차로 - 교차로안,승용,남,30세,상해없음,승용,남,71세,중상
2012082700100266,2012년 8월 27일 12시,월요일,충청남도 논산시 강경읍,중상사고,0,1,0,0,차대차 - 정면충돌,중앙선침범,건조,맑음,단일로 - 기타,화물,남,52세,상해없음,이륜,남,31세,중상
2012082700100267,2012년 8월 27일 12시,월요일,충청남도 천안시 동남구 성남면,중상사고,0,1,0,0,차대차 - 기타,안전거리미확보,건조,맑음,단일로 - 기타,승용,남,31세,상해없음,승용,여,45세,중상
2012082700100295,2012년 8월 27일 13시,월요일,충청남도 천안시 서북구 직산읍,중상사고,0,1,0,0,차대차 - 정면충돌,중앙선침범,건조,맑음,단일로 - 기타,승용,남,78세,상해없음,원동기,남,47세,중상
2012082700100327,2012년 8월 27일 14시,월요일,충청남도 논산시 상월면,경상사고,0,0,2,0,차대차 - 측면직각충돌,기타,건조,맑음,단일로 - 기타,승용,남,67세,상해없음,승용,여,51세,경상
2012082700100408,2012년 8월 27일 16시,월요일,충청남도 보령시 동대동,중상사고,0,1,0,0,차대사람 - 횡단중,안전운전불이행,건조,맑음,교차로 - 교차로부근,승용,여,42세,상해없음,보행자,여,13세,중상
2012082700100411,2012년 8월 27일 16시,월요일,충청남도 부여군 부여읍,경상사고,0,0,1,0,차대사람 - 기타,안전운전불이행,건조,맑음,교차로 - 교차로안,승용,남,25세,상해없음,보행자,남,32세,경상
2012082700100443,2012년 8월 27일 17시,월요일,충청남도 서산시 예천동,경상사고,0,0,1,0,차대차 - 측면직각충돌,안전운전불이행,건조,흐림,교차로 - 교차로안,승용,여,34세,상해없음,자전거,여,43세,경상
2012082700100444,2012년 8월 27일 17시,월요일,충청남도 천안시 서북구 성성동,경상사고,0,0,1,0,차대사람 - 기타,안전운전불이행,건조,맑음,교차로 - 교차로부근,승용,남,62세,상해없음,보행자,남,17세,경상
2012082700100445,2012년 8월 27일 17시,월요일,충청남도 서천군 서천읍,경상사고,0,0,1,0,차대차 - 기타,직진우회전진행방해,건조,맑음,교차로 - 교차로안,이륜,남,65세,경상,승용,여,45세,상해없음
2012082700100471,2012년 8월 27일 18시,월요일,충청남도 홍성군 홍성읍,경상사고,0,0,1,0,차대사람 - 기타,안전운전불이행,건조,맑음,단일로 - 기타,승용,남,58세,상해없음,보행자,여,44세,경상
2012082700100472,2012년 8월 27일 18시,월요일,충청남도 서천군 장항읍,경상사고,0,0,1,0,차대차 - 기타,안전운전불이행,건조,맑음,교차로 - 교차로부근,화물,여,42세,상해없음,자전거,남,16세,경상
2012082700100502,2012년 8월 27일 19시,월요일,충청남도 서산시 지곡면,중상사고,0,1,0,0,차대차 - 측면직각충돌,중앙선침범,건조,흐림,단일로 - 기타,농기계,남,63세,상해없음,승용,남,23세,상해없음
2012082700100503,2012년 8월 27일 19시,월요일,충청남도 아산시 온천동,경상사고,0,0,2,0,차대차 - 추돌 - 주정차중,안전운전불이행,건조,맑음,교차로 - 교차로부근,승용,남,54세,상해없음,승용,남,35세,경상
2012082700100504,2012년 8월 27일 19시,월요일,충청남도 청양군 비봉면,중상사고,0,1,0,0,차량단독 - 기타,안전운전불이행,건조,맑음,단일로 - 기타,승용,남,45세,중상,,,,
2012082700100532,2012년 8월 27일 20시,월요일,충청남도 천안시 서북구 쌍용동,중상사고,0,1,0,0,차대차 - 기타,신호위반,건조,맑음,교차로 - 교차로안,승용,남,34세,상해없음,승용,여,42세,중상
2012082700100533,2012년 8월 27일 20시,월요일,충청남도 보령시 신흑동,중상사고,0,2,3,0,차대차 - 추돌 - 주정차중,안전운전불이행,건조,맑음,교차로 - 교차로부근,승용,여,29세,경상,승용,남,59세,중상
2012082700100559,2012년 8월 27일 21시,월요일,충청남도 천안시 서북구 성정동,경상사고,0,0,1,0,차대차 - 기타,안전운전불이행,건조,맑음,교차로 - 교차로부근,승용,여,50세,상해없음,승용,남,56세,경상
2012082700100560,2012년 8월 27일 21시,월요일,충청남도 아산시 온천동,중상사고,0,2,0,0,차대차 - 기타,신호위반,건조,맑음,교차로 - 교차로안,이륜,남,20세,중상,승용,남,34세,상해없음
2012082700100580,2012년 8월 27일 22시,월요일,충청남도 보령시 남곡동,경상사고,0,0,1,0,차량단독 - 전도전복,안전운전불이행,습기,흐림,단일로 - 기타,이륜,남,16세,경상,,,,
2012082700100581,2012년 8월 27일 22시,월요일,충청남도 천안시 동남구 봉명동,경상사고,0,0,1,0,차대차 - 추돌 - 주정차중,안전거리미확보,건조,맑음,교차로 - 교차로부근,승용,남,34세,상해없음,승용,여,30세,경상
2012082800100012,2012년 8월 28일 00시,화요일,충청남도 천안시 서북구 성정동,경상사고,0,0,1,0,차대사람 - 기타,안전운전불이행,건조,맑음,기타 - 기타,화물,남,50세,상해없음,보행자,남,29세,경상
2012082800100029,2012년 8월 28일 01시,화요일,충청남도 천안시 서북구 두정동,경상사고,0,0,4,0,차대차 - 추돌 - 주정차중,안전운전불이행,건조,맑음,교차로 - 교차로부근,승용,남,26세,상해없음,승용,남,29세,경상
2012082800100050,2012년 8월 28일 03시,화요일,충청남도 천안시 서북구 성거읍,경상사고,0,0,1,0,차대차 - 기타,안전운전불이행,습기,비,단일로 - 기타,승용,남,35세,상해없음,승용,남,44세,경상
2012082800100166,2012년 8월 28일 11시,화요일,충청남도 아산시 배방읍,경상사고,0,0,1,0,차대사람 - 기타,안전운전불이행,습기,비,단일로 - 기타,승용,남,34세,상해없음,보행자,남,35세,경상
2012082800100211,2012년 8월 28일 14시,화요일,충청남도 아산시 탕정면,경상사고,0,0,2,0,차대차 - 추돌 - 진행중,안전운전불이행,습기,비,단일로 - 기타,승용,남,54세,상해없음,화물,남,59세,경상
2012082800100212,2012년 8월 28일 14시,화요일,충청남도 천안시 동남구 신부동,경상사고,0,0,1,0,차대사람 - 횡단중,안전운전불이행,습기,비,단일로 - 기타,승용,남,67세,상해없음,보행자,여,74세,경상
2012082800100230,2012년 8월 28일 15시,화요일,충청남도 서산시 동문동,경상사고,0,0,2,0,차대차 - 추돌 - 주정차중,안전운전불이행,습기,비,교차로 - 교차로부근,승용,남,27세,상해없음,승용,남,50세,경상
2012082800100231,2012년 8월 28일 15시,화요일,충청남도 천안시 서북구 쌍용동,경상사고,0,0,1,0,차대차 - 측면직각충돌,안전거리미확보,건조,맑음,교차로 - 교차로부근,승용,남,54세,상해없음,승용,남,36세,경상
2012082800100241,2012년 8월 28일 16시,화요일,충청남도 금산군 추부면,중상사고,0,1,2,0,차대차 - 기타,직진우회전진행방해,건조,흐림,교차로 - 교차로안,승용,여,26세,상해없음,승합,남,45세,상해없음
2012082800100280,2012년 8월 28일 18시,화요일,충청남도 논산시 노성면,경상사고,0,0,1,0,차대차 - 추돌 - 주정차중,안전운전불이행,습기,흐림,단일로 - 기타,화물,남,52세,상해없음,승용,여,26세,경상
2012082800100338,2012년 8월 28일 20시,화요일,충청남도 청양군 정산면,중상사고,0,1,0,0,차대차 - 측면직각충돌,신호위반,습기,비,교차로 - 교차로안,화물,남,52세,상해없음,승용,여,40세,중상
2012082800100365,2012년 8월 28일 21시,화요일,충청남도 예산군 오가면,경상사고,0,0,2,0,차대차 - 정면충돌,중앙선침범,습기,비,교차로 - 교차로부근,승용,여,58세,경상,승용,남,56세,경상
2012082800100400,2012년 8월 28일 22시,화요일,충청남도 금산군 금성면,경상사고,0,0,1,0,차대차 - 추돌 - 진행중,안전운전불이행,습기,비,단일로 - 기타,승용,남,26세,상해없음,승용,여,26세,경상
2012082800100401,2012년 8월 28일 22시,화요일,충청남도 천안시 동남구 다가동,중상사고,0,3,0,0,차대차 - 측면직각충돌,교차로운행방법위반,습기,비,교차로 - 교차로안,승합,남,53세,상해없음,승용,남,49세,중상
2012082900100196,2012년 8월 29일 11시,수요일,충청남도 예산군 대흥면,중상사고,0,2,0,0,차대차 - 정면충돌,안전운전불이행,건조,맑음,단일로 - 기타,원동기,여,63세,중상,이륜,남,28세,중상
2012082900100197,2012년 8월 29일 11시,수요일,충청남도 천안시 동남구 안서동,경상사고,0,0,1,0,차대사람 - 보도통행중,기타,건조,맑음,기타 - 기타,화물,남,43세,상해없음,보행자,여,36세,경상
2012082900100244,2012년 8월 29일 13시,수요일,충청남도 천안시 서북구 신당동,중상사고,0,1,0,0,차대차 - 추돌 - 진행중,안전운전불이행,건조,맑음,교차로 - 교차로부근,화물,남,55세,상해없음,승합,남,50세,중상
2012082900100268,2012년 8월 29일 14시,수요일,충청남도 논산시 노성면,경상사고,0,0,1,0,차대차 - 측면직각충돌,중앙선침범,건조,맑음,단일로 - 기타,이륜,남,86세,경상,화물,여,48세,상해없음
2012082900100269,2012년 8월 29일 14시,수요일,충청남도 논산시 취암동,경상사고,0,0,1,0,차대차 - 측면직각충돌,기타,건조,맑음,교차로 - 교차로안,승용,남,64세,상해없음,이륜,남,65세,경상
2012082900100304,2012년 8월 29일 15시,수요일,충청남도 금산군 추부면,중상사고,0,1,0,0,차대사람 - 횡단중,보행자보호의무위반,건조,맑음,단일로 - 기타,승용,남,39세,상해없음,보행자,남,6세,중상
2012082900100343,2012년 8월 29일 16시,수요일,충청남도 서산시 읍내동,중상사고,0,1,0,0,차대차 - 측면직각충돌,직진우회전진행방해,건조,맑음,교차로 - 교차로안,승용,여,38세,상해없음,화물,남,68세,중상
2012082900100344,2012년 8월 29일 16시,수요일,충청남도 천안시 서북구 불당동,중상사고,0,1,0,0,차대차 - 추돌 - 진행중,안전운전불이행,건조,맑음,단일로 - 기타,승용,남,25세,기타불명,승용,남,56세,상해없음
2012082900100345,2012년 8월 29일 16시,수요일,충청남도 청양군 청양읍,경상사고,0,0,2,0,차대차 - 측면직각충돌,직진우회전진행방해,건조,맑음,교차로 - 교차로안,승용,남,56세,경상,화물,남,33세,경상
2012082900100390,2012년 8월 29일 17시,수요일,충청남도 천안시 서북구 성환읍,경상사고,0,0,1,0,차대차 - 측면직각충돌,기타,건조,맑음,단일로 - 기타,승용,남,15세,기타불명,승용,남,56세,경상
2012082900100391,2012년 8월 29일 17시,수요일,충청남도 부여군 규암면,중상사고,0,1,0,0,차대차 - 기타,안전운전불이행,건조,맑음,단일로 - 기타,승용,남,61세,상해없음,이륜,남,75세,중상
2012082900100443,2012년 8월 29일 18시,수요일,충청남도 홍성군 홍성읍,사망사고,1,0,0,0,차대사람 - 횡단중,과속,건조,맑음,교차로 - 교차로안,특수,남,31세,상해없음,보행자,남,15세,사망
2012082900100444,2012년 8월 29일 18시,수요일,충청남도 보령시 대천동,경상사고,0,0,1,0,차대차 - 측면직각충돌,직진우회전진행방해,건조,맑음,교차로 - 교차로안,승용,여,28세,상해없음,승용,여,49세,경상
2012082900100497,2012년 8월 29일 19시,수요일,충청남도 금산군 금산읍,경상사고,0,0,1,0,차대차 - 추돌 - 주정차중,안전운전불이행,습기,비,교차로 - 교차로부근,승용,남,36세,기타불명,승용,남,41세,경상
2012082900100534,2012년 8월 29일 20시,수요일,충청남도 서산시 해미면,경상사고,0,0,1,0,차대차 - 추돌 - 주정차중,안전운전불이행,건조,맑음,교차로 - 교차로부근,이륜,남,44세,경상,승용,여,38세,상해없음
2012082900100535,2012년 8월 29일 20시,수요일,충청남도 천안시 서북구 성정동,경상사고,0,0,4,0,차대차 - 기타,안전운전불이행,습기,비,단일로 - 기타,승용,남,36세,상해없음,승용,남,39세,경상
2012082900100574,2012년 8월 29일 21시,수요일,충청남도 당진시 송산면,경상사고,0,0,1,0,차대차 - 측면직각충돌,안전운전불이행,건조,맑음,단일로 - 기타,승용,남,52세,상해없음,승용,여,28세,경상
2012082900100610,2012년 8월 29일 22시,수요일,충청남도 천안시 서북구 백석동,경상사고,0,0,2,0,차대차 - 기타,안전운전불이행,습기,비,단일로 - 기타,승용,남,45세,상해없음,승용,남,42세,상해없음
2012082900100611,2012년 8월 29일 22시,수요일,충청남도 천안시 서북구 성정동,경상사고,0,0,5,0,차대차 - 추돌 - 주정차중,안전운전불이행,습기,비,교차로 - 교차로부근,승용,남,40세,상해없음,승용,남,33세,경상
2012082900100612,2012년 8월 29일 22시,수요일,충청남도 부여군 부여읍,경상사고,0,0,1,0,차대차 - 측면직각충돌,안전운전불이행,습기,비,교차로 - 교차로부근,승용,남,43세,상해없음,자전거,여,18세,경상
2012082900100613,2012년 8월 29일 22시,수요일,충청남도 당진시 송악읍,중상사고,0,1,1,0,차대차 - 측면직각충돌,안전운전불이행,건조,맑음,교차로 - 교차로부근,승용,남,21세,상해없음,승용,남,21세,중상
2012082900100650,2012년 8월 29일 23시,수요일,충청남도 천안시 서북구 두정동,경상사고,0,0,1,0,차대사람 - 기타,안전운전불이행,습기,비,단일로 - 기타,승용,여,29세,상해없음,보행자,남,23세,경상
2012083000100020,2012년 8월 30일 00시,목요일,충청남도 당진시 송산면,중상사고,0,1,2,0,차대차 - 측면직각충돌,중앙선침범,습기,비,단일로 - 기타,승용,남,45세,중상,승용,남,27세,경상
2012083000100021,2012년 8월 30일 00시,목요일,충청남도 금산군 제원면,중상사고,0,1,0,0,차량단독 - 기타,안전운전불이행,습기,비,단일로 - 기타,이륜,남,71세,중상,,,,
2012083000100053,2012년 8월 30일 02시,목요일,충청남도 계룡시 엄사면,경상사고,0,0,1,0,차량단독 - 공작물충돌,안전운전불이행,습기,비,단일로 - 기타,승용,여,48세,경상,,,,
2012083000100054,2012년 8월 30일 02시,목요일,충청남도 서천군 서천읍,경상사고,0,0,1,0,차대차 - 기타,안전운전불이행,습기,비,기타 - 기타,승용,남,41세,경상,화물,남,40세,상해없음
2012083000100069,2012년 8월 30일 03시,목요일,충청남도 천안시 서북구 성정동,경상사고,0,0,3,0,차대차 - 기타,안전운전불이행,습기,비,단일로 - 기타,승용,남,23세,상해없음,승용,남,22세,경상
2012083000100123,2012년 8월 30일 07시,목요일,충청남도 당진시 송악읍,경상사고,0,0,1,0,차대차 - 측면직각충돌,중앙선침범,건조,맑음,단일로 - 기타,승용,남,32세,상해없음,승용,남,38세,경상
2012083000100154,2012년 8월 30일 08시,목요일,충청남도 당진시 신평면,중상사고,0,1,4,0,차대차 - 측면직각충돌,교차로운행방법위반,습기,비,교차로 - 교차로안,승합,남,40세,상해없음,화물,남,42세,상해없음
2012083000100257,2012년 8월 30일 12시,목요일,충청남도 서산시 인지면,중상사고,0,2,0,0,차량단독 - 공작물충돌,안전운전불이행,습기,비,단일로 - 기타,승용,남,53세,중상,,,,
2012083000100258,2012년 8월 30일 12시,목요일,충청남도 천안시 동남구 신부동,경상사고,0,0,1,0,차대차 - 기타,안전운전불이행,습기,비,단일로 - 기타,승용,여,46세,상해없음,자전거,남,57세,경상
2012083000100370,2012년 8월 30일 17시,목요일,충청남도 천안시 서북구 직산읍,경상사고,0,0,1,0,차대차 - 측면직각충돌,교차로운행방법위반,습기,비,교차로 - 교차로안,승용,남,34세,상해없음,승용,여,35세,경상
2012083000100371,2012년 8월 30일 17시,목요일,충청남도 홍성군 금마면,경상사고,0,0,2,0,차대차 - 측면직각충돌,신호위반,습기,비,교차로 - 교차로안,승용,남,56세,상해없음,화물,남,38세,경상
2012083000100395,2012년 8월 30일 18시,목요일,충청남도 천안시 서북구 성정동,경상사고,0,0,1,0,차대사람 - 기타,안전운전불이행,습기,비,단일로 - 기타,승용,남,39세,상해없음,보행자,남,51세,경상
2012083000100432,2012년 8월 30일 19시,목요일,충청남도 천안시 서북구 업성동,중상사고,0,2,0,0,차대사람 - 기타,안전운전불이행,습기,비,단일로 - 기타,승용,남,24세,상해없음,보행자,여,16세,중상
2012083000100433,2012년 8월 30일 19시,목요일,충청남도 논산시 반월동,중상사고,0,1,0,0,차대사람 - 횡단중,안전운전불이행,습기,흐림,단일로 - 기타,원동기,남,52세,상해없음,보행자,여,57세,중상
2012083000100478,2012년 8월 30일 20시,목요일,충청남도 당진시 석문면,중상사고,0,7,0,0,차대차 - 추돌 - 진행중,기타,건조,맑음,교차로 - 교차로안,화물,남,60세,상해없음,승용,여,52세,중상
2012083000100510,2012년 8월 30일 21시,목요일,충청남도 천안시 서북구 백석동,경상사고,0,0,1,0,차대차 - 추돌 - 주정차중,안전운전불이행,습기,비,교차로 - 교차로부근,승용,남,32세,상해없음,승용,남,43세,경상
2012083000100511,2012년 8월 30일 21시,목요일,충청남도 천안시 서북구 두정동,경상사고,0,0,1,0,차량단독 - 공작물충돌,안전운전불이행,건조,흐림,교차로 - 교차로안,승용,남,29세,상해없음,,,,
2012083000100512,2012년 8월 30일 21시,목요일,충청남도 보령시 신흑동,중상사고,0,1,1,0,차량단독 - 공작물충돌,과속,습기,비,단일로 - 기타,승용,남,20세,경상,,,,
2012083000100513,2012년 8월 30일 21시,목요일,충청남도 공주시 신관동,중상사고,0,1,0,0,차대사람 - 기타,안전운전불이행,건조,기타,교차로 - 교차로안,승용,남,41세,상해없음,보행자,여,51세,중상
2012083100100014,2012년 8월 31일 00시,금요일,충청남도 서산시 읍내동,경상사고,0,0,5,0,차대차 - 측면직각충돌,안전운전불이행,건조,맑음,교차로 - 교차로안,화물,남,60세,상해없음,승용,남,20세,경상
2012083100100015,2012년 8월 31일 00시,금요일,충청남도 서산시 동문동,중상사고,0,1,3,0,차대사람 - 기타,안전운전불이행,건조,맑음,단일로 - 기타,승용,남,23세,상해없음,보행자,남,51세,중상
2012083100100016,2012년 8월 31일 00시,금요일,충청남도 천안시 서북구 직산읍,경상사고,0,0,1,0,차대차 - 추돌 - 주정차중,안전운전불이행,습기,비,교차로 - 교차로부근,승용,남,30세,상해없음,승용,여,53세,경상
2012083100100040,2012년 8월 31일 01시,금요일,충청남도 서천군 서천읍,경상사고,0,0,1,0,차량단독 - 전도전복,안전운전불이행,건조,맑음,단일로 - 기타,이륜,남,36세,경상,,,,