사고번호,사고일시,요일,시군구,사고내용,사망자수,중상자수,경상자수,부상신고자수,사고유형,법규위반,노면상태,기상상태,도로형태,가해운전자 차종,가해운전자 성별,가해운전자 연령,가해운전자 상해정도,피해운전자 차종,피해운전자 성별,피해운전자 연령,피해운전자 상해정도
2012083100100086,2012년 8월 31일 05시,금요일,충청남도 서산시 지곡면,중상사고,0,1,0,0,차대사람 - 기타,안전운전불이행,건조,맑음,단일로 - 기타,승합,남,62세,상해없음,보행자,남,37세,중상
2012083100100097,2012년 8월 31일 06시,금요일,충청남도 당진시 수청리,경상사고,0,0,1,0,차대차 - 추돌 - 주정차중,안전운전불이행,건조,맑음,교차로 - 교차로부근,승용,남,27세,상해없음,승용,남,39세,경상
2012083100100113,2012년 8월 31일 07시,금요일,충청남도 계룡시 엄사면,경상사고,0,0,1,1,차대차 - 추돌 - 진행중,안전운전불이행,건조,맑음,단일로 - 기타,승용,남,58세,부상신고,승용,남,28세,경상
2012083100100154,2012년 8월 31일 08시,금요일,충청남도 서천군 장항읍,경상사고,0,0,1,0,차대차 - 기타,안전운전불이행,건조,맑음,단일로 - 기타,자전거,남,11세,경상,승용,남,50세,상해없음
2012083100100190,2012년 8월 31일 09시,금요일,충청남도 천안시 서북구 성정동,중상사고,0,1,0,0,차대차 - 측면직각충돌,기타,건조,맑음,교차로 - 교차로안,승용,여,32세,상해없음,이륜,남,58세,중상
2012083100100191,2012년 8월 31일 09시,금요일,충청남도 논산시 내동,중상사고,0,1,0,0,차대사람 - 횡단중,안전운전불이행,건조,맑음,교차로 - 교차로안,승용,남,51세,상해없음,보행자,남,27세,중상
2012083100100192,2012년 8월 31일 09시,금요일,충청남도 부여군 규암면,경상사고,0,0,1,0,차대차 - 측면직각충돌,직진우회전진행방해,건조,맑음,교차로 - 교차로안,승용,여,61세,상해없음,원동기,남,71세,경상
2012083100100229,2012년 8월 31일 10시,금요일,충청남도 부여군 부여읍,경상사고,0,0,1,0,차대차 - 추돌 - 주정차중,안전운전불이행,건조,맑음,단일로 - 기타,화물,남,38세,상해없음,승용,남,69세,경상
2012083100100230,2012년 8월 31일 10시,금요일,충청남도 금산군 진산면,중상사고,0,1,0,0,차대차 - 추돌 - 진행중,안전거리미확보,건조,맑음,단일로 - 기타,승용,남,51세,상해없음,농기계,남,71세,중상
2012083100100259,2012년 8월 31일 11시,금요일,충청남도 당진시 합덕읍,중상사고,0,1,0,0,차대차 - 추돌 - 진행중,안전거리미확보,건조,맑음,단일로 - 기타,승용,남,18세,상해없음,승용,여,68세,중상
2012083100100295,2012년 8월 31일 13시,금요일,충청남도 아산시 영인면,중상사고,0,1,1,0,차대차 - 정면충돌,중앙선침범,건조,맑음,단일로 - 기타,승용,남,25세,상해없음,승용,남,42세,중상
2012083100100296,2012년 8월 31일 13시,금요일,충청남도 천안시 동남구 용곡동,경상사고,0,0,1,0,차대사람 - 횡단중,보행자보호의무위반,건조,맑음,단일로 - 기타,승용,여,43세,상해없음,보행자,남,8세,경상
2012083100100348,2012년 8월 31일 15시,금요일,충청남도 아산시 풍기동,중상사고,0,1,0,1,차대차 - 측면직각충돌,안전운전불이행,건조,맑음,교차로 - 교차로안,승용,남,39세,상해없음,승용,남,30세,중상
2012083100100382,2012년 8월 31일 16시,금요일,충청남도 서천군 서천읍,경상사고,0,0,2,0,차대차 - 기타,직진우회전진행방해,건조,맑음,교차로 - 교차로안,이륜,남,69세,경상,승용,남,28세,경상
2012083100100383,2012년 8월 31일 16시,금요일,충청남도 천안시 동남구 신부동,중상사고,0,1,0,0,차대사람 - 길가장자리구역통행중,안전운전불이행,건조,맑음,단일로 - 기타,승용,남,23세,상해없음,보행자,남,73세,중상
2012083100100419,2012년 8월 31일 17시,금요일,충청남도 천안시 서북구 차암동,경상사고,0,0,2,0,차대차 - 기타,교차로운행방법위반,건조,맑음,교차로 - 교차로안,승용,여,43세,경상,승용,남,37세,경상
2012083100100420,2012년 8월 31일 17시,금요일,충청남도 아산시 배방읍,경상사고,0,0,1,0,차대차 - 측면직각충돌,신호위반,건조,맑음,교차로 - 교차로안,화물,남,50세,상해없음,승용,남,29세,경상
2012083100100464,2012년 8월 31일 18시,금요일,충청남도 홍성군 홍동면,중상사고,0,1,0,0,차대사람 - 기타,중앙선침범,건조,맑음,단일로 - 기타,화물,남,60세,상해없음,보행자,여,74세,중상
2012083100100465,2012년 8월 31일 18시,금요일,충청남도 아산시 도고면,중상사고,0,1,0,0,차대차 - 측면직각충돌,신호위반,건조,맑음,단일로 - 횡단보도상,화물,남,41세,상해없음,이륜,남,85세,중상
2012083100100516,2012년 8월 31일 19시,금요일,충청남도 홍성군 홍성읍,중상사고,0,1,0,0,차대차 - 추돌 - 진행중,안전운전불이행,건조,맑음,단일로 - 기타,승용,남,56세,상해없음,승합,여,49세,중상
2012083100100517,2012년 8월 31일 19시,금요일,충청남도 천안시 동남구 신부동,경상사고,0,0,1,0,차대차 - 기타,안전운전불이행,건조,맑음,단일로 - 기타,승용,남,22세,상해없음,이륜,남,30세,경상
2012083100100602,2012년 8월 31일 21시,금요일,충청남도 금산군 금산읍,경상사고,0,0,2,0,차대차 - 기타,직진우회전진행방해,건조,맑음,교차로 - 교차로안,화물,남,57세,상해없음,이륜,남,21세,경상
2012083100100643,2012년 8월 31일 22시,금요일,충청남도 천안시 동남구 구성동,경상사고,0,0,1,0,차대차 - 추돌 - 진행중,안전운전불이행,건조,맑음,단일로 - 기타,화물,남,43세,상해없음,승용,남,30세,경상
2012083100100683,2012년 8월 31일 23시,금요일,충청남도 홍성군 홍성읍,경상사고,0,0,1,0,차대사람 - 횡단중,보행자보호의무위반,건조,맑음,교차로 - 교차로부근,승용,여,42세,상해없음,보행자,여,17세,경상
2012083100100684,2012년 8월 31일 23시,금요일,충청남도 공주시 의당면,경상사고,0,0,1,0,차대차 - 기타,안전운전불이행,건조,맑음,단일로 - 기타,승용,남,43세,상해없음,승용,남,34세,기타불명
2012083100100685,2012년 8월 31일 23시,금요일,충청남도 천안시 동남구 목천읍,경상사고,0,0,1,0,차대사람 - 기타,안전운전불이행,건조,맑음,단일로 - 기타,승용,남,30세,상해없음,보행자,여,38세,경상
2012090100100055,2012년 9월 1일 01시,토요일,충청남도 천안시 동남구 쌍용동,경상사고,0,0,1,0,차대사람 - 기타,안전운전불이행,건조,맑음,단일로 - 기타,기타불명,기타불명,기타불명,기타불명,보행자,여,21세,경상
2012090100100056,2012년 9월 1일 01시,토요일,충청남도 논산시 부창동,경상사고,0,0,3,0,차대차 - 측면직각충돌,신호위반,건조,맑음,교차로 - 교차로안,승용,남,73세,상해없음,승용,남,48세,경상
2012090100100057,2012년 9월 1일 01시,토요일,충청남도 서천군 서천읍,경상사고,0,0,1,0,차대사람 - 기타,안전운전불이행,건조,기타,단일로 - 기타,승용,여,40세,상해없음,보행자,남,43세,경상
2012090100100136,2012년 9월 1일 05시,토요일,충청남도 당진시 합덕읍,경상사고,0,0,1,0,차대차 - 추돌 - 진행중,기타,건조,맑음,교차로 - 교차로안,건설기계,남,53세,상해없음,화물,남,65세,경상
2012090100100163,2012년 9월 1일 07시,토요일,충청남도 천안시 서북구 성환읍,경상사고,0,0,2,1,차대차 - 추돌 - 진행중,안전운전불이행,건조,맑음,교차로 - 교차로부근,승용,남,46세,부상신고,화물,남,53세,경상
2012090100100233,2012년 9월 1일 10시,토요일,충청남도 청양군 청양읍,중상사고,0,1,1,0,차대사람 - 횡단중,보행자보호의무위반,건조,맑음,교차로 - 교차로안,승용,남,40세,상해없음,보행자,여,35세,중상
2012090100100265,2012년 9월 1일 11시,토요일,충청남도 천안시 서북구 두정동,경상사고,0,0,3,0,차대차 - 기타,교차로운행방법위반,건조,맑음,교차로 - 교차로안,승용,여,61세,경상,승합,남,37세,경상
2012090100100295,2012년 9월 1일 12시,토요일,충청남도 논산시 반월동,경상사고,0,0,1,0,차대차 - 추돌 - 진행중,안전운전불이행,건조,맑음,단일로 - 기타,승용,남,33세,상해없음,승용,여,47세,경상
2012090100100326,2012년 9월 1일 13시,토요일,충청남도 서산시 읍내동,중상사고,0,1,0,0,차대차 - 측면직각충돌,신호위반,건조,맑음,교차로 - 교차로안,승용,남,65세,상해없음,승용,여,48세,중상
2012090100100327,2012년 9월 1일 13시,토요일,충청남도 당진시 송산면,사망사고,1,0,1,0,차대차 - 정면충돌,중앙선침범,건조,맑음,단일로 - 기타,화물,남,49세,사망,건설기계,남,46세,경상
2012090100100391,2012년 9월 1일 15시,토요일,충청남도 천안시 서북구 쌍용동,경상사고,0,0,2,0,차대차 - 기타,신호위반,건조,맑음,교차로 - 교차로안,승용,남,26세,상해없음,승용,남,33세,경상
2012090100100424,2012년 9월 1일 16시,토요일,충청남도 태안군 안면읍,중상사고,0,1,0,0,차량단독 - 도로외이탈 - 기타,안전운전불이행,건조,맑음,단일로 - 기타,승용,남,64세,상해없음,,,,
2012090100100425,2012년 9월 1일 16시,토요일,충청남도 예산군 삽교읍,경상사고,0,0,1,0,차대차 - 기타,안전운전불이행,건조,맑음,교차로 - 교차로부근,이륜,남,74세,경상,승용,여,28세,상해없음
2012090100100426,2012년 9월 1일 16시,토요일,충청남도 당진시 채운동,경상사고,0,0,1,0,차대차 - 추돌 - 진행중,교차로운행방법위반,건조,맑음,교차로 - 교차로안,화물,남,48세,상해없음,이륜,남,19세,경상
2012090100100466,2012년 9월 1일 17시,토요일,충청남도 논산시 연무읍,중상사고,0,1,5,0,차대차 - 기타,안전운전불이행,건조,맑음,단일로 - 기타,승용,여,47세,경상,승용,남,28세,경상
2012090100100504,2012년 9월 1일 18시,토요일,충청남도 예산군 예산읍,중상사고,0,1,0,0,차대차 - 측면직각충돌,신호위반,건조,맑음,교차로 - 교차로안,승용,남,38세,상해없음,승용,여,46세,중상
2012090100100607,2012년 9월 1일 21시,토요일,충청남도 천안시 서북구 성정동,경상사고,0,0,4,0,차대차 - 추돌 - 주정차중,안전운전불이행,건조,맑음,교차로 - 교차로부근,승용,남,45세,상해없음,승용,남,42세,경상
2012090100100609,2012년 9월 1일 21시,토요일,충청남도 부여군 규암면,중상사고,0,1,1,0,차대차 - 기타,직진우회전진행방해,기타,기타,교차로 - 교차로안,승용,남,53세,상해없음,승용,남,43세,경상
2012090100100649,2012년 9월 1일 22시,토요일,충청남도 태안군 근흥면,사망사고,1,0,0,0,차대차 - 측면직각충돌,안전운전불이행,건조,맑음,단일로 - 기타,승합,남,35세,상해없음,이륜,남,27세,사망
2012090100100672,2012년 9월 1일 23시,토요일,충청남도 논산시 취암동,경상사고,0,0,4,0,차대차 - 측면직각충돌,신호위반,건조,맑음,교차로 - 교차로안,승용,남,36세,상해없음,승용,남,45세,경상
2012090200100013,2012년 9월 2일 00시,일요일,충청남도 태안군 태안읍,경상사고,0,0,3,0,차대차 - 측면직각충돌,신호위반,건조,맑음,교차로 - 교차로안,승용,남,41세,상해없음,승용,남,33세,경상
2012090200100014,2012년 9월 2일 00시,일요일,충청남도 천안시 동남구 성남면,중상사고,0,3,0,0,차량단독 - 전도전복,안전운전불이행,습기,비,교차로 - 교차로안,승용,남,31세,중상,,,,
2012090200100043,2012년 9월 2일 02시,일요일,충청남도 천안시 서북구 두정동,경상사고,0,0,2,0,차대사람 - 길가장자리구역통행중,안전운전불이행,건조,흐림,단일로 - 기타,승용,남,22세,기타불명,보행자,남,25세,경상
2012090200100044,2012년 9월 2일 02시,일요일,충청남도 천안시 서북구 입장면,중상사고,0,3,1,0,차대차 - 기타,안전운전불이행,건조,맑음,단일로 - 기타,승용,여,42세,상해없음,승합,남,51세,중상
2012090200100065,2012년 9월 2일 04시,일요일,충청남도 보령시 신흑동,중상사고,0,2,2,0,차대차 - 측면직각충돌,직진우회전진행방해,건조,맑음,교차로 - 교차로안,승용,남,29세,상해없음,승용,남,55세,경상
2012090200100129,2012년 9월 2일 08시,일요일,충청남도 금산군 추부면,경상사고,0,0,2,0,차대차 - 측면직각충돌,안전운전불이행,건조,맑음,교차로 - 교차로안,승용,남,24세,상해없음,승용,여,51세,경상
2012090200100145,2012년 9월 2일 09시,일요일,충청남도 천안시 서북구 성환읍,중상사고,0,1,3,0,차대차 - 정면충돌,안전운전불이행,건조,맑음,단일로 - 기타,승용,여,38세,경상,화물,여,50세,경상
2012090200100146,2012년 9월 2일 09시,일요일,충청남도 천안시 동남구 목천읍,중상사고,0,1,0,0,차대차 - 측면직각충돌,안전운전불이행,건조,맑음,교차로 - 교차로안,건설기계,남,43세,상해없음,승용,남,35세,중상
2012090200100165,2012년 9월 2일 10시,일요일,충청남도 논산시 연무읍,중상사고,0,1,0,0,차대사람 - 횡단중,중앙선침범,건조,맑음,단일로 - 기타,승용,여,47세,기타불명,보행자,남,5세,중상
2012090200100193,2012년 9월 2일 11시,일요일,충청남도 금산군 금산읍,중상사고,0,1,0,0,차대차 - 측면직각충돌,신호위반,건조,맑음,교차로 - 교차로안,승용,남,50세,상해없음,이륜,남,61세,중상
2012090200100214,2012년 9월 2일 12시,일요일,충청남도 천안시 서북구 직산읍,중상사고,0,1,0,0,차대차 - 측면직각충돌,안전거리미확보,건조,맑음,단일로 - 기타,승용,여,28세,상해없음,이륜,남,59세,중상
2012090200100215,2012년 9월 2일 12시,일요일,충청남도 아산시 득산동,중상사고,0,1,0,0,차대차 - 추돌 - 진행중,안전운전불이행,건조,맑음,기타 - 기타,승용,기타불명,기타불명,기타불명,승용,여,26세,중상
2012090200100216,2012년 9월 2일 12시,일요일,충청남도 보령시 대천동,경상사고,0,0,1,0,차대사람 - 횡단중,보행자보호의무위반,건조,맑음,단일로 - 기타,승용,여,50세,상해없음,보행자,여,8세,경상
2012090200100217,2012년 9월 2일 12시,일요일,충청남도 천안시 동남구 원성동,부상신고사고,0,0,0,1,차대차 - 측면직각충돌,안전운전불이행,건조,맑음,교차로 - 교차로안,이륜,남,15세,부상신고,승용,남,43세,상해없음
2012090200100239,2012년 9월 2일 13시,일요일,충청남도 논산시 노성면,경상사고,0,0,4,0,차대차 - 측면직각충돌,안전운전불이행,건조,맑음,단일로 - 기타,승합,남,51세,상해없음,승용,여,28세,경상
2012090200100256,2012년 9월 2일 14시,일요일,충청남도 아산시 점양동,경상사고,0,0,1,0,차대차 - 추돌 - 진행중,안전운전불이행,습기,흐림,단일로 - 기타,승용,남,59세,상해없음,이륜,남,43세,경상
2012090200100257,2012년 9월 2일 14시,일요일,충청남도 예산군 삽교읍,중상사고,0,1,0,0,차대사람 - 기타,안전운전불이행,건조,맑음,단일로 - 기타,승용,남,53세,상해없음,보행자,남,39세,중상
2012090200100292,2012년 9월 2일 15시,일요일,충청남도 보령시 주산면,중상사고,0,1,0,0,차대차 - 추돌 - 진행중,교차로운행방법위반,건조,맑음,교차로 - 교차로안,화물,남,64세,상해없음,이륜,남,59세,중상
2012090200100324,2012년 9월 2일 16시,일요일,충청남도 논산시 연산면,중상사고,0,1,0,0,차대차 - 측면직각충돌,교차로운행방법위반,건조,맑음,교차로 - 교차로안,승용,남,55세,상해없음,이륜,남,26세,중상
2012090200100419,2012년 9월 2일 19시,일요일,충청남도 당진시 읍내리,중상사고,0,1,0,0,차대사람 - 차도통행중,안전운전불이행,건조,맑음,교차로 - 교차로안,승용,남,31세,상해없음,보행자,남,73세,중상
2012090200100510,2012년 9월 2일 22시,일요일,충청남도 천안시 서북구 두정동,경상사고,0,0,2,0,차대차 - 측면직각충돌,신호위반,건조,맑음,교차로 - 교차로안,승용,남,25세,상해없음,승용,남,24세,경상
2012090300100007,2012년 9월 3일 00시,월요일,충청남도 아산시 음봉면,중상사고,0,1,3,0,차대차 - 측면직각충돌,신호위반,습기,맑음,교차로 - 교차로안,승용,여,33세,상해없음,승용,남,50세,경상
2012090300100036,2012년 9월 3일 03시,월요일,충청남도 천안시 서북구 성거읍,경상사고,0,0,2,0,차대차 - 기타,안전운전불이행,건조,맑음,단일로 - 기타,승용,남,23세,상해없음,승용,남,27세,경상
2012090300100077,2012년 9월 3일 07시,월요일,충청남도 천안시 서북구 쌍용동,부상신고사고,0,0,0,6,차량단독 - 도로외이탈 - 추락,안전운전불이행,건조,맑음,단일로 - 기타,승용,남,20세,부상신고,,,,
2012090300100078,2012년 9월 3일 07시,월요일,충청남도 천안시 서북구 성거읍,경상사고,0,0,1,0,차대차 - 기타,신호위반,건조,맑음,교차로 - 교차로안,승용,남,50세,상해없음,승합,남,42세,경상
2012090300100120,2012년 9월 3일 08시,월요일,충청남도 홍성군 구항면,중상사고,0,1,3,0,차대차 - 추돌 - 주정차중,안전운전불이행,습기,비,단일로 - 기타,승용,여,29세,중상,승용,여,51세,경상
2012090300100121,2012년 9월 3일 08시,월요일,충청남도 당진시 합덕읍,중상사고,0,1,0,0,차대차 - 측면직각충돌,교차로운행방법위반,건조,맑음,교차로 - 교차로안,승용,여,54세,상해없음,이륜,남,77세,중상
2012090300100122,2012년 9월 3일 08시,월요일,충청남도 천안시 동남구 신방동,경상사고,0,0,1,0,차대차 - 추돌 - 주정차중,안전운전불이행,건조,맑음,단일로 - 기타,화물,남,51세,상해없음,승용,여,28세,경상
2012090300100149,2012년 9월 3일 09시,월요일,충청남도 보령시 명천동,경상사고,0,0,4,0,차대차 - 정면충돌,신호위반,건조,맑음,교차로 - 교차로안,승용,남,75세,상해없음,승합,남,51세,경상
2012090300100211,2012년 9월 3일 11시,월요일,충청남도 천안시 서북구 입장면,경상사고,0,0,1,0,차대차 - 측면직각충돌,안전운전불이행,건조,맑음,교차로 - 교차로부근,승용,남,42세,상해없음,화물,남,50세,경상
2012090300100212,2012년 9월 3일 11시,월요일,충청남도 천안시 서북구 차암동,중상사고,0,1,1,0,차대차 - 측면직각충돌,안전운전불이행,건조,맑음,교차로 - 교차로안,화물,남,54세,중상,화물,남,39세,경상
2012090300100213,2012년 9월 3일 11시,월요일,충청남도 금산군 금산읍,중상사고,0,1,0,0,차대차 - 측면직각충돌,직진우회전진행방해,건조,맑음,교차로 - 교차로안,원동기,남,80세,중상,승용,남,49세,상해없음
2012090300100263,2012년 9월 3일 13시,월요일,충청남도 홍성군 광천읍,중상사고,0,1,0,0,차대차 - 측면직각충돌,안전운전불이행,건조,맑음,단일로 - 기타,승용,남,80세,상해없음,원동기,남,87세,중상
2012090300100292,2012년 9월 3일 14시,월요일,충청남도 천안시 동남구 쌍용동,경상사고,0,0,1,0,차대차 - 기타,안전운전불이행,건조,맑음,단일로 - 기타,승용,남,49세,상해없음,승용,남,50세,경상
2012090300100293,2012년 9월 3일 14시,월요일,충청남도 청양군 남양면,중상사고,0,1,0,0,차대차 - 기타,안전운전불이행,건조,맑음,교차로 - 교차로안,승용,남,26세,상해없음,이륜,남,61세,중상
2012090300100410,2012년 9월 3일 17시,월요일,충청남도 천안시 동남구 신부동,경상사고,0,0,2,0,차대차 - 추돌 - 진행중,안전운전불이행,건조,맑음,단일로 - 기타,승용,남,24세,상해없음,승용,남,28세,경상
2012090300100436,2012년 9월 3일 18시,월요일,충청남도 천안시 서북구 쌍용동,경상사고,0,0,1,0,차대차 - 추돌 - 주정차중,안전운전불이행,건조,맑음,교차로 - 교차로부근,승용,여,39세,상해없음,승용,남,33세,경상
2012090300100437,2012년 9월 3일 18시,월요일,충청남도 천안시 동남구 신방동,중상사고,0,2,4,3,차대차 - 측면직각충돌,신호위반,건조,맑음,교차로 - 교차로부근,승용,남,60세,부상신고,승용,남,24세,중상
2012090300100482,2012년 9월 3일 19시,월요일,충청남도 부여군 외산면,중상사고,0,1,0,0,차대차 - 추돌 - 진행중,안전운전불이행,건조,맑음,단일로 - 기타,화물,남,54세,상해없음,농기계,남,66세,중상
2012090300100483,2012년 9월 3일 19시,월요일,충청남도 천안시 동남구 신방동,경상사고,0,0,1,0,차대차 - 추돌 - 진행중,안전운전불이행,건조,맑음,단일로 - 기타,승용,남,29세,상해없음,승용,남,30세,경상
2012090300100522,2012년 9월 3일 20시,월요일,충청남도 천안시 서북구 성정동,경상사고,0,0,2,0,차대차 - 추돌 - 주정차중,안전운전불이행,건조,맑음,교차로 - 교차로부근,승용,남,50세,상해없음,승용,남,27세,경상
2012090300100523,2012년 9월 3일 20시,월요일,충청남도 아산시 모종동,중상사고,0,1,0,0,차대차 - 추돌 - 주정차중,안전운전불이행,건조,맑음,단일로 - 기타,승용,남,14세,기타불명,승용,여,43세,중상
2012090300100557,2012년 9월 3일 21시,월요일,충청남도 천안시 서북구 성정동,경상사고,0,0,1,0,차대차 - 측면직각충돌,안전운전불이행,건조,맑음,교차로 - 교차로부근,이륜,남,17세,경상,승용,남,20세,상해없음
2012090300100558,2012년 9월 3일 21시,월요일,충청남도 당진시 읍내리,경상사고,0,0,1,0,차대사람 - 횡단중,신호위반,건조,맑음,교차로 - 교차로안,승용,남,45세,상해없음,보행자,남,31세,경상
2012090300100597,2012년 9월 3일 22시,월요일,충청남도 보령시 동대동,경상사고,0,0,2,0,차대차 - 기타,안전운전불이행,건조,맑음,단일로 - 기타,승용,남,56세,상해없음,승용,여,30세,경상
2012090300100621,2012년 9월 3일 23시,월요일,충청남도 홍성군 홍성읍,경상사고,0,0,5,0,차대차 - 정면충돌,안전운전불이행,건조,맑음,교차로 - 교차로안,승용,남,24세,상해없음,승용,남,27세,경상
2012090400100088,2012년 9월 4일 07시,화요일,충청남도 서산시 팔봉면,중상사고,0,1,0,0,차대사람 - 횡단중,안전운전불이행,습기,비,단일로 - 기타,승용,남,68세,상해없음,보행자,여,81세,중상
2012090400100089,2012년 9월 4일 07시,화요일,충청남도 당진시 원당리,경상사고,0,0,2,0,차대차 - 측면직각충돌,안전거리미확보,건조,맑음,단일로 - 기타,승용,남,28세,상해없음,승용,남,27세,경상
2012090400100132,2012년 9월 4일 08시,화요일,충청남도 서천군 기산면,경상사고,0,0,1,0,차대차 - 기타,안전운전불이행,습기,비,교차로 - 교차로안,화물,남,44세,상해없음,승용,남,59세,경상
2012090400100261,2012년 9월 4일 13시,화요일,충청남도 당진시 시곡리,경상사고,0,0,1,0,차대차 - 기타,안전운전불이행,습기,흐림,단일로 - 기타,화물,남,41세,상해없음,승합,남,47세,상해없음
2012090400100293,2012년 9월 4일 14시,화요일,충청남도 논산시 연무읍,경상사고,0,0,1,0,차대사람 - 길가장자리구역통행중,안전운전불이행,습기,비,단일로 - 기타,화물,남,43세,상해없음,보행자,여,48세,경상
2012090400100294,2012년 9월 4일 14시,화요일,충청남도 예산군 예산읍,경상사고,0,0,1,0,차대차 - 기타,안전운전불이행,습기,비,기타 - 기타,자전거,남,55세,경상,승용,여,43세,상해없음
2012090400100320,2012년 9월 4일 15시,화요일,충청남도 서산시 석림동,중상사고,0,1,0,0,차대차 - 측면직각충돌,신호위반,습기,비,교차로 - 교차로안,화물,남,70세,상해없음,승용,여,54세,중상
2012090400100321,2012년 9월 4일 15시,화요일,충청남도 천안시 서북구 성정동,중상사고,0,1,0,0,차대차 - 기타,안전운전불이행,습기,비,교차로 - 교차로부근,승용,남,27세,상해없음,승용,남,57세,상해없음
2012090400100322,2012년 9월 4일 15시,화요일,충청남도 금산군 금산읍,경상사고,0,0,1,0,차대차 - 측면직각충돌,교차로운행방법위반,습기,비,교차로 - 교차로안,화물,남,36세,상해없음,이륜,남,58세,경상
2012090400100350,2012년 9월 4일 16시,화요일,충청남도 천안시 서북구 성정동,경상사고,0,0,2,0,차대차 - 추돌 - 주정차중,안전운전불이행,습기,비,교차로 - 교차로부근,승용,남,51세,상해없음,승용,여,48세,경상
2012090400100351,2012년 9월 4일 16시,화요일,충청남도 계룡시 금암동,경상사고,0,0,1,0,차대차 - 측면직각충돌,신호위반,습기,비,교차로 - 교차로안,승용,여,51세,경상,승용,남,51세,상해없음
2012090400100352,2012년 9월 4일 16시,화요일,충청남도 예산군 응봉면,중상사고,0,1,3,0,차대차 - 정면충돌,중앙선침범,습기,비,단일로 - 기타,승용,남,44세,중상,승합,여,38세,경상
2012090400100353,2012년 9월 4일 16시,화요일,충청남도 청양군 대치면,중상사고,0,1,1,0,차대차 - 정면충돌,중앙선침범,습기,비,단일로 - 기타,승용,남,58세,상해없음,승용,남,53세,경상
2012090400100393,2012년 9월 4일 17시,화요일,충청남도 천안시 동남구 삼룡동,중상사고,0,1,0,0,차대사람 - 기타,안전운전불이행,습기,비,단일로 - 기타,승용,남,36세,상해없음,보행자,남,14세,중상
2012090400100434,2012년 9월 4일 18시,화요일,충청남도 서산시 해미면,경상사고,0,0,1,0,차대사람 - 길가장자리구역통행중,안전운전불이행,습기,비,단일로 - 기타,승용,남,52세,상해없음,보행자,남,11세,경상
2012090400100436,2012년 9월 4일 18시,화요일,충청남도 금산군 금산읍,중상사고,0,1,1,0,차대차 - 측면직각충돌,안전운전불이행,건조,맑음,단일로 - 기타,승합,여,41세,상해없음,화물,남,65세,경상
2012090400100437,2012년 9월 4일 18시,화요일,충청남도 천안시 동남구 구성동,경상사고,0,0,1,0,차대차 - 기타,중앙선침범,습기,비,단일로 - 기타,승용,여,43세,상해없음,이륜,남,21세,경상
2012090400100484,2012년 9월 4일 19시,화요일,충청남도 천안시 서북구 쌍용동,경상사고,0,0,2,0,차대차 - 추돌 - 주정차중,안전운전불이행,습기,비,단일로 - 기타,화물,남,48세,기타불명,승용,남,46세,경상
2012090400100485,2012년 9월 4일 19시,화요일,충청남도 홍성군 홍성읍,중상사고,0,1,0,0,차대사람 - 횡단중,보행자보호의무위반,습기,비,교차로 - 교차로안,화물,남,53세,상해없음,보행자,여,75세,중상
2012090400100486,2012년 9월 4일 19시,화요일,충청남도 홍성군 광천읍,중상사고,0,3,0,0,차대차 - 측면직각충돌,신호위반,습기,비,교차로 - 교차로안,승용,여,47세,상해없음,화물,남,53세,중상
2012090400100487,2012년 9월 4일 19시,화요일,충청남도 천안시 동남구 병천면,중상사고,0,1,0,0,차대차 - 추돌 - 주정차중,안전운전불이행,건조,맑음,교차로 - 교차로부근,승용,남,20세,상해없음,승용,남,41세,중상
2012090400100550,2012년 9월 4일 20시,화요일,충청남도 보령시 남곡동,중상사고,0,3,0,0,차대차 - 측면직각충돌,신호위반,습기,비,교차로 - 교차로안,승용,남,55세,상해없음,승합,남,60세,상해없음
2012090400100551,2012년 9월 4일 20시,화요일,충청남도 청양군 청양읍,사망사고,1,0,0,0,차대사람 - 길가장자리구역통행중,안전운전불이행,습기,비,단일로 - 기타,화물,남,40세,상해없음,보행자,남,69세,사망
2012090400100552,2012년 9월 4일 20시,화요일,충청남도 천안시 동남구 신부동,경상사고,0,0,1,0,차대사람 - 횡단중,보행자보호의무위반,습기,비,교차로 - 교차로부근,승용,남,56세,상해없음,보행자,여,41세,경상
2012090400100553,2012년 9월 4일 20시,화요일,충청남도 천안시 동남구 안서동,경상사고,0,0,1,0,차대차 - 기타,안전운전불이행,습기,비,단일로 - 기타,승용,남,22세,상해없음,승용,여,30세,경상
2012090400100588,2012년 9월 4일 21시,화요일,충청남도 천안시 서북구 쌍용동,경상사고,0,0,1,0,차대차 - 추돌 - 주정차중,안전운전불이행,습기,비,교차로 - 교차로부근,승용,남,51세,상해없음,승용,여,47세,경상
2012090400100589,2012년 9월 4일 21시,화요일,충청남도 천안시 서북구 성거읍,경상사고,0,0,1,0,차대사람 - 기타,안전운전불이행,습기,비,기타 - 기타,승용,여,24세,상해없음,보행자,여,48세,경상
2012090400100591,2012년 9월 4일 21시,화요일,충청남도 당진시 읍내리,경상사고,0,0,1,0,차대사람 - 횡단중,보행자보호의무위반,습기,비,단일로 - 횡단보도상,승용,여,51세,상해없음,보행자,남,24세,경상
2012090400100642,2012년 9월 4일 22시,화요일,충청남도 천안시 동남구 목천읍,중상사고,0,2,0,0,차대차 - 추돌 - 주정차중,안전운전불이행,습기,비,교차로 - 교차로부근,승용,남,27세,기타불명,승용,남,41세,중상
2012090400100675,2012년 9월 4일 23시,화요일,충청남도 아산시 신창면,경상사고,0,0,1,0,차대사람 - 기타,안전운전불이행,습기,비,기타 - 기타,승용,기타불명,기타불명,기타불명,보행자,남,21세,경상