사고번호,사고일시,요일,시군구,사고내용,사망자수,중상자수,경상자수,부상신고자수,사고유형,법규위반,노면상태,기상상태,도로형태,가해운전자 차종,가해운전자 성별,가해운전자 연령,가해운전자 상해정도,피해운전자 차종,피해운전자 성별,피해운전자 연령,피해운전자 상해정도
2012090500100019,2012년 9월 5일 00시,수요일,충청남도 계룡시 두마면,경상사고,0,0,3,0,차대차 - 측면직각충돌,교차로운행방법위반,습기,비,교차로 - 교차로안,화물,남,42세,경상,승용,여,42세,경상
2012090500100020,2012년 9월 5일 00시,수요일,충청남도 공주시 검상동,사망사고,1,0,0,0,차량단독 - 기타,안전운전불이행,습기,비,단일로 - 기타,화물,남,39세,사망,,,,
2012090500100104,2012년 9월 5일 06시,수요일,충청남도 서산시 고북면,중상사고,0,1,0,0,차대차 - 측면직각충돌,신호위반,건조,맑음,교차로 - 교차로안,승용,남,48세,상해없음,이륜,남,76세,중상
2012090500100130,2012년 9월 5일 07시,수요일,충청남도 천안시 동남구 용곡동,중상사고,0,1,0,0,차대차 - 측면직각충돌,교차로운행방법위반,습기,흐림,교차로 - 교차로안,승용,여,28세,상해없음,원동기,남,74세,중상
2012090500100131,2012년 9월 5일 07시,수요일,충청남도 천안시 동남구 성남면,중상사고,0,1,0,0,차대차 - 기타,안전운전불이행,습기,흐림,교차로 - 교차로안,승합,여,43세,상해없음,화물,남,40세,기타불명
2012090500100171,2012년 9월 5일 08시,수요일,충청남도 태안군 태안읍,경상사고,0,0,1,0,차대차 - 정면충돌,안전운전불이행,건조,맑음,단일로 - 기타,화물,남,54세,상해없음,원동기,남,54세,경상
2012090500100172,2012년 9월 5일 08시,수요일,충청남도 서산시 해미면,경상사고,0,0,1,0,차대사람 - 횡단중,안전운전불이행,건조,맑음,기타 - 기타,원동기,남,66세,상해없음,보행자,남,7세,경상
2012090500100173,2012년 9월 5일 08시,수요일,충청남도 천안시 서북구 직산읍,중상사고,0,1,0,0,차대사람 - 횡단중,보행자보호의무위반,건조,맑음,교차로 - 교차로안,승용,남,45세,상해없음,보행자,여,15세,중상
2012090500100211,2012년 9월 5일 09시,수요일,충청남도 홍성군 갈산면,경상사고,0,0,1,0,차대차 - 측면직각충돌,중앙선침범,건조,맑음,단일로 - 기타,화물,남,56세,상해없음,화물,남,35세,경상
2012090500100212,2012년 9월 5일 09시,수요일,충청남도 천안시 동남구 신부동,경상사고,0,0,1,0,차대사람 - 차도통행중,안전운전불이행,습기,맑음,교차로 - 교차로안,승용,여,45세,상해없음,보행자,남,36세,경상
2012090500100298,2012년 9월 5일 13시,수요일,충청남도 보령시 청라면,사망사고,1,0,0,0,차대사람 - 차도통행중,안전운전불이행,건조,맑음,단일로 - 기타,화물,남,57세,상해없음,보행자,여,81세,사망
2012090500100321,2012년 9월 5일 14시,수요일,충청남도 천안시 서북구 성정동,경상사고,0,0,1,0,차대사람 - 횡단중,보행자보호의무위반,건조,맑음,교차로 - 교차로부근,승용,남,61세,상해없음,보행자,여,29세,경상
2012090500100322,2012년 9월 5일 14시,수요일,충청남도 당진시 읍내리,경상사고,0,0,1,0,차대차 - 추돌 - 진행중,안전거리미확보,건조,맑음,단일로 - 기타,승합,남,56세,상해없음,화물,남,38세,경상
2012090500100323,2012년 9월 5일 14시,수요일,충청남도 천안시 동남구 신방동,경상사고,0,0,2,0,차대차 - 추돌 - 주정차중,안전거리미확보,건조,맑음,교차로 - 교차로안,승합,남,52세,상해없음,승용,남,69세,경상
2012090500100392,2012년 9월 5일 16시,수요일,충청남도 홍성군 결성면,사망사고,1,0,0,0,차대차 - 측면직각충돌,교차로운행방법위반,건조,맑음,교차로 - 교차로안,이륜,남,69세,사망,화물,남,60세,상해없음
2012090500100393,2012년 9월 5일 16시,수요일,충청남도 당진시 합덕읍,중상사고,0,1,0,0,차대차 - 측면직각충돌,신호위반,건조,맑음,교차로 - 교차로안,건설기계,남,49세,상해없음,화물,남,26세,중상
2012090500100428,2012년 9월 5일 17시,수요일,충청남도 천안시 서북구 쌍용동,경상사고,0,0,1,0,차대차 - 측면직각충돌,안전운전불이행,건조,맑음,교차로 - 교차로부근,승용,남,25세,상해없음,승용,여,38세,경상
2012090500100429,2012년 9월 5일 17시,수요일,충청남도 논산시 노성면,중상사고,0,1,0,0,차대차 - 기타,중앙선침범,건조,맑음,단일로 - 기타,원동기,여,60세,중상,승합,남,62세,상해없음
2012090500100431,2012년 9월 5일 17시,수요일,충청남도 천안시 동남구 청수동,경상사고,0,0,1,0,차대사람 - 길가장자리구역통행중,안전운전불이행,건조,맑음,단일로 - 기타,승용,남,62세,상해없음,보행자,여,14세,경상
2012090500100473,2012년 9월 5일 18시,수요일,충청남도 논산시 지산동,중상사고,0,6,12,1,차대차 - 기타,차로위반,건조,맑음,단일로 - 기타,승용,남,58세,중상,화물,남,43세,상해없음
2012090500100474,2012년 9월 5일 18시,수요일,충청남도 아산시 온천동,경상사고,0,0,1,0,차대차 - 측면직각충돌,안전운전불이행,건조,맑음,교차로 - 교차로안,승용,남,57세,상해없음,승용,남,38세,상해없음
2012090500100475,2012년 9월 5일 18시,수요일,충청남도 당진시 송악읍,경상사고,0,0,2,0,차대차 - 추돌 - 주정차중,안전운전불이행,건조,맑음,교차로 - 교차로부근,특수,남,48세,상해없음,승용,남,51세,경상
2012090500100518,2012년 9월 5일 19시,수요일,충청남도 홍성군 홍성읍,경상사고,0,0,1,0,차대차 - 추돌 - 진행중,교차로운행방법위반,건조,맑음,교차로 - 교차로안,승용,여,52세,상해없음,이륜,여,48세,경상
2012090500100519,2012년 9월 5일 19시,수요일,충청남도 당진시 신평면,경상사고,0,0,1,0,차대사람 - 길가장자리구역통행중,안전운전불이행,건조,맑음,단일로 - 기타,화물,남,64세,상해없음,보행자,남,14세,경상
2012090500100556,2012년 9월 5일 20시,수요일,충청남도 서천군 장항읍,경상사고,0,0,1,0,차대사람 - 기타,안전운전불이행,건조,맑음,단일로 - 기타,승용,남,46세,상해없음,보행자,남,37세,경상
2012090500100557,2012년 9월 5일 20시,수요일,충청남도 보령시 웅천읍,중상사고,0,2,0,0,차대사람 - 길가장자리구역통행중,안전운전불이행,건조,맑음,교차로 - 교차로부근,승용,여,44세,상해없음,보행자,남,66세,중상
2012090500100612,2012년 9월 5일 22시,수요일,충청남도 천안시 서북구 백석동,경상사고,0,0,5,0,차대차 - 추돌 - 진행중,안전운전불이행,건조,맑음,단일로 - 기타,승용,남,37세,상해없음,승합,남,59세,경상
2012090500100613,2012년 9월 5일 22시,수요일,충청남도 아산시 탕정면,경상사고,0,0,2,0,차대차 - 추돌 - 주정차중,안전운전불이행,건조,맑음,단일로 - 기타,승용,기타불명,기타불명,기타불명,승용,여,49세,경상
2012090600100032,2012년 9월 6일 01시,목요일,충청남도 천안시 동남구 신부동,중상사고,0,1,4,0,차대차 - 추돌 - 주정차중,안전운전불이행,건조,맑음,교차로 - 교차로안,승용,남,51세,상해없음,승용,남,22세,경상
2012090600100204,2012년 9월 6일 09시,목요일,충청남도 천안시 서북구 성성동,경상사고,0,0,1,0,차대차 - 측면직각충돌,신호위반,건조,맑음,교차로 - 교차로안,승용,남,31세,상해없음,승용,남,25세,경상
2012090600100236,2012년 9월 6일 10시,목요일,충청남도 부여군 옥산면,중상사고,0,1,0,0,차대차 - 기타,안전운전불이행,건조,맑음,교차로 - 교차로안,승합,남,51세,상해없음,자전거,남,75세,중상
2012090600100269,2012년 9월 6일 11시,목요일,충청남도 서산시 해미면,경상사고,0,0,1,0,차대차 - 추돌 - 진행중,안전운전불이행,건조,맑음,단일로 - 기타,화물,남,56세,상해없음,승용,여,32세,경상
2012090600100298,2012년 9월 6일 12시,목요일,충청남도 서천군 장항읍,중상사고,0,1,2,0,차대차 - 기타,직진우회전진행방해,건조,맑음,교차로 - 교차로안,화물,남,53세,상해없음,승용,남,39세,경상
2012090600100299,2012년 9월 6일 12시,목요일,충청남도 당진시 신평면,중상사고,0,1,0,0,차대차 - 측면직각충돌,교차로운행방법위반,건조,맑음,교차로 - 교차로안,승용,남,37세,상해없음,이륜,남,52세,중상
2012090600100357,2012년 9월 6일 14시,목요일,충청남도 천안시 서북구 두정동,경상사고,0,0,1,0,차대차 - 기타,안전운전불이행,건조,맑음,단일로 - 기타,승용,남,47세,상해없음,승용,남,55세,경상
2012090600100358,2012년 9월 6일 14시,목요일,충청남도 홍성군 갈산면,중상사고,0,1,2,0,차대차 - 추돌 - 주정차중,안전운전불이행,건조,맑음,교차로 - 교차로부근,승용,남,49세,상해없음,승용,여,63세,경상
2012090600100359,2012년 9월 6일 14시,목요일,충청남도 천안시 동남구 신부동,중상사고,0,1,0,0,차대사람 - 기타,안전운전불이행,건조,맑음,단일로 - 기타,승용,여,43세,상해없음,보행자,여,59세,중상
2012090600100384,2012년 9월 6일 15시,목요일,충청남도 서천군 서천읍,경상사고,0,0,2,0,차대차 - 기타,안전운전불이행,건조,맑음,교차로 - 교차로안,기타불명,기타불명,기타불명,기타불명,승용,여,46세,경상
2012090600100526,2012년 9월 6일 18시,목요일,충청남도 천안시 서북구 성정동,경상사고,0,0,1,0,차대차 - 기타,안전운전불이행,건조,맑음,기타 - 기타,승용,남,34세,상해없음,화물,남,45세,경상
2012090600100528,2012년 9월 6일 18시,목요일,충청남도 금산군 부리면,사망사고,1,0,0,0,차량단독 - 도로외이탈 - 기타,안전운전불이행,건조,흐림,단일로 - 기타,이륜,남,70세,사망,,,,
2012090600100581,2012년 9월 6일 19시,목요일,충청남도 천안시 동남구 신부동,중상사고,0,1,0,0,차대차 - 기타,신호위반,건조,맑음,교차로 - 교차로안,승용,기타불명,기타불명,기타불명,이륜,남,47세,중상
2012090600100625,2012년 9월 6일 20시,목요일,충청남도 서산시 음암면,중상사고,0,2,0,0,차대사람 - 기타,안전운전불이행,건조,맑음,교차로 - 교차로부근,승용,여,24세,상해없음,보행자,남,27세,중상
2012090600100626,2012년 9월 6일 20시,목요일,충청남도 서산시 동문동,경상사고,0,0,1,0,차대사람 - 기타,안전운전불이행,건조,맑음,단일로 - 기타,승용,남,36세,상해없음,보행자,여,55세,경상
2012090600100627,2012년 9월 6일 20시,목요일,충청남도 천안시 서북구 백석동,중상사고,0,1,0,0,차대차 - 기타,신호위반,건조,맑음,교차로 - 교차로안,승용,여,20세,상해없음,이륜,남,27세,중상
2012090600100628,2012년 9월 6일 20시,목요일,충청남도 논산시 화지동,경상사고,0,0,1,0,차대사람 - 기타,안전운전불이행,건조,맑음,단일로 - 기타,승용,남,25세,상해없음,보행자,여,18세,경상
2012090600100629,2012년 9월 6일 20시,목요일,충청남도 공주시 신관동,경상사고,0,0,1,0,차대차 - 추돌 - 주정차중,안전운전불이행,건조,맑음,교차로 - 교차로부근,화물,남,32세,상해없음,화물,남,41세,경상
2012090600100631,2012년 9월 6일 20시,목요일,충청남도 당진시 대덕리,경상사고,0,0,1,0,차대차 - 측면직각충돌,신호위반,건조,맑음,교차로 - 교차로안,승용,남,39세,상해없음,승용,남,27세,경상
2012090600100632,2012년 9월 6일 20시,목요일,충청남도 천안시 동남구 대흥동,경상사고,0,0,2,0,차대차 - 추돌 - 주정차중,안전운전불이행,건조,맑음,단일로 - 기타,승용,남,33세,상해없음,승용,남,56세,경상
2012090600100670,2012년 9월 6일 21시,목요일,충청남도 아산시 남동,경상사고,0,0,2,0,차대차 - 추돌 - 주정차중,안전운전불이행,건조,맑음,교차로 - 교차로부근,승용,남,46세,상해없음,승용,남,30세,경상
2012090600100701,2012년 9월 6일 22시,목요일,충청남도 당진시 읍내리,중상사고,0,2,2,0,차대차 - 측면직각충돌,신호위반,건조,맑음,교차로 - 교차로안,승용,여,52세,상해없음,승합,남,39세,경상
2012090600100725,2012년 9월 6일 23시,목요일,충청남도 아산시 탕정면,경상사고,0,0,1,0,차대사람 - 횡단중,보행자보호의무위반,건조,맑음,기타 - 기타,승용,남,28세,상해없음,보행자,남,20세,경상
2012090600100726,2012년 9월 6일 23시,목요일,충청남도 천안시 서북구 성거읍,중상사고,0,1,0,0,차대차 - 기타,안전운전불이행,건조,맑음,단일로 - 기타,승용,남,37세,상해없음,화물,남,48세,중상
2012090700100060,2012년 9월 7일 04시,금요일,충청남도 공주시 우성면,중상사고,0,2,0,0,차대차 - 추돌 - 주정차중,안전운전불이행,건조,맑음,단일로 - 기타,승용,남,29세,상해없음,화물,남,41세,상해없음
2012090700100089,2012년 9월 7일 06시,금요일,충청남도 아산시 배방읍,경상사고,0,0,2,0,차대차 - 측면직각충돌,안전운전불이행,건조,맑음,기타 - 기타,승용,여,24세,상해없음,화물,남,64세,경상
2012090700100109,2012년 9월 7일 07시,금요일,충청남도 천안시 서북구 성환읍,경상사고,0,0,1,0,차대차 - 기타,신호위반,건조,맑음,교차로 - 교차로부근,승용,여,41세,상해없음,자전거,남,30세,경상
2012090700100110,2012년 9월 7일 07시,금요일,충청남도 천안시 서북구 불당동,경상사고,0,0,1,0,차대차 - 추돌 - 주정차중,안전운전불이행,건조,맑음,단일로 - 기타,화물,남,40세,상해없음,승용,여,48세,경상
2012090700100111,2012년 9월 7일 07시,금요일,충청남도 보령시 요암동,중상사고,0,1,0,0,차대차 - 측면직각충돌,신호위반,건조,맑음,교차로 - 교차로안,승용,여,60세,상해없음,원동기,여,53세,중상
2012090700100146,2012년 9월 7일 08시,금요일,충청남도 서천군 한산면,경상사고,0,0,2,0,차대차 - 기타,안전운전불이행,건조,맑음,기타 - 기타,건설기계,남,58세,상해없음,화물,남,65세,경상
2012090700100181,2012년 9월 7일 09시,금요일,충청남도 태안군 태안읍,경상사고,0,0,1,0,차대차 - 측면직각충돌,차로위반,건조,맑음,단일로 - 기타,화물,남,72세,상해없음,승용,남,38세,경상
2012090700100183,2012년 9월 7일 09시,금요일,충청남도 금산군 금성면,중상사고,0,1,0,0,차대사람 - 차도통행중,안전운전불이행,건조,맑음,교차로 - 교차로부근,화물,남,52세,상해없음,보행자,남,75세,중상
2012090700100268,2012년 9월 7일 12시,금요일,충청남도 당진시 석문면,부상신고사고,0,0,0,1,차량단독 - 전도전복,안전운전불이행,건조,맑음,단일로 - 기타,자전거,남,21세,부상신고,,,,
2012090700100303,2012년 9월 7일 13시,금요일,충청남도 서천군 장항읍,경상사고,0,0,1,0,차대차 - 기타,중앙선침범,건조,맑음,단일로 - 기타,자전거,남,47세,경상,승용,남,67세,상해없음
2012090700100430,2012년 9월 7일 17시,금요일,충청남도 태안군 근흥면,중상사고,0,1,0,0,차대차 - 추돌 - 진행중,안전운전불이행,건조,맑음,단일로 - 기타,승합,남,52세,상해없음,이륜,남,63세,중상
2012090700100434,2012년 9월 7일 17시,금요일,충청남도 보령시 천북면,사망사고,1,0,2,0,차량단독 - 공작물충돌,안전운전불이행,건조,흐림,단일로 - 교량,승용,여,52세,경상,,,,
2012090700100509,2012년 9월 7일 19시,금요일,충청남도 천안시 서북구 입장면,중상사고,0,1,0,0,차대사람 - 횡단중,안전운전불이행,건조,맑음,교차로 - 교차로안,승용,여,36세,상해없음,보행자,남,38세,중상
2012090700100510,2012년 9월 7일 19시,금요일,충청남도 청양군 운곡면,경상사고,0,0,1,0,차대사람 - 기타,안전운전불이행,습기,비,단일로 - 기타,화물,남,39세,상해없음,보행자,남,71세,경상
2012090700100558,2012년 9월 7일 20시,금요일,충청남도 서산시 대산읍,경상사고,0,0,1,0,차대차 - 기타,신호위반,습기,비,교차로 - 교차로부근,승용,남,44세,상해없음,승합,남,22세,경상
2012090700100589,2012년 9월 7일 21시,금요일,충청남도 논산시 취암동,경상사고,0,0,3,0,차대차 - 측면직각충돌,직진우회전진행방해,건조,맑음,교차로 - 교차로안,승용,남,34세,상해없음,승용,남,45세,경상
2012090700100590,2012년 9월 7일 21시,금요일,충청남도 보령시 웅천읍,중상사고,0,1,0,0,차대사람 - 기타,안전운전불이행,습기,비,단일로 - 기타,승용,남,23세,기타불명,보행자,남,52세,중상
2012090700100591,2012년 9월 7일 21시,금요일,충청남도 천안시 동남구 신방동,경상사고,0,0,3,0,차대차 - 추돌 - 주정차중,안전거리미확보,건조,맑음,교차로 - 교차로부근,승용,여,53세,상해없음,승용,여,38세,경상
2012090700100624,2012년 9월 7일 22시,금요일,충청남도 논산시 강경읍,중상사고,0,1,0,0,차대사람 - 횡단중,안전운전불이행,습기,비,단일로 - 기타,화물,남,34세,상해없음,보행자,여,53세,중상
2012090700100625,2012년 9월 7일 22시,금요일,충청남도 논산시 연산면,경상사고,0,0,1,0,차대차 - 추돌 - 주정차중,안전운전불이행,습기,비,단일로 - 기타,화물,남,60세,상해없음,승용,여,41세,경상
2012090700100626,2012년 9월 7일 22시,금요일,충청남도 천안시 동남구 원성동,경상사고,0,0,1,0,차대차 - 추돌 - 주정차중,안전운전불이행,습기,비,단일로 - 기타,승용,남,38세,상해없음,승합,남,48세,상해없음
2012090700100663,2012년 9월 7일 23시,금요일,충청남도 천안시 서북구 성정동,경상사고,0,0,1,0,차대차 - 기타,안전거리미확보,습기,비,교차로 - 교차로부근,승용,남,56세,상해없음,원동기,남,18세,경상
2012090700100664,2012년 9월 7일 23시,금요일,충청남도 천안시 서북구 쌍용동,경상사고,0,0,2,0,차대차 - 추돌 - 주정차중,안전운전불이행,습기,비,교차로 - 교차로부근,승용,남,41세,상해없음,승용,남,24세,경상
2012090700100665,2012년 9월 7일 23시,금요일,충청남도 천안시 서북구 쌍용동,경상사고,0,0,1,0,차대차 - 기타,안전운전불이행,습기,비,교차로 - 교차로부근,승용,남,49세,상해없음,승용,여,32세,경상
2012090700100666,2012년 9월 7일 23시,금요일,충청남도 공주시 신관동,경상사고,0,0,1,0,차대사람 - 횡단중,보행자보호의무위반,습기,비,단일로 - 횡단보도상,승용,남,24세,상해없음,보행자,남,52세,경상
2012090800100038,2012년 9월 8일 00시,토요일,충청남도 천안시 동남구 신부동,경상사고,0,0,1,0,차대사람 - 보도통행중,안전운전불이행,습기,비,교차로 - 교차로부근,승용,남,47세,상해없음,보행자,남,26세,경상
2012090800100222,2012년 9월 8일 06시,토요일,충청남도 천안시 서북구 성정동,경상사고,0,0,2,0,차대차 - 추돌 - 주정차중,중앙선침범,건조,맑음,교차로 - 교차로부근,화물,남,35세,상해없음,승용,남,30세,경상
2012090800100223,2012년 9월 8일 06시,토요일,충청남도 예산군 봉산면,경상사고,0,0,1,0,차대차 - 정면충돌,중앙선침범,건조,맑음,단일로 - 기타,승용,남,58세,상해없음,특수,남,40세,상해없음
2012090800100296,2012년 9월 8일 10시,토요일,충청남도 논산시 가야곡면,경상사고,0,0,4,0,차대차 - 측면직각충돌,중앙선침범,건조,맑음,단일로 - 기타,화물,남,67세,경상,승용,여,43세,경상
2012090800100297,2012년 9월 8일 10시,토요일,충청남도 천안시 동남구 목천읍,중상사고,0,1,0,0,차대사람 - 기타,안전운전불이행,건조,맑음,기타 - 기타,화물,남,46세,상해없음,보행자,여,60세,중상
2012090800100360,2012년 9월 8일 12시,토요일,충청남도 천안시 서북구 성거읍,중상사고,0,1,0,0,차대차 - 기타,안전운전불이행,건조,맑음,단일로 - 기타,화물,남,35세,상해없음,이륜,남,56세,중상
2012090800100361,2012년 9월 8일 12시,토요일,충청남도 청양군 청양읍,중상사고,0,2,0,0,차대차 - 측면직각충돌,안전운전불이행,건조,맑음,교차로 - 교차로안,승용,남,47세,상해없음,이륜,남,69세,중상
2012090800100362,2012년 9월 8일 12시,토요일,충청남도 천안시 동남구 목천읍,경상사고,0,0,2,0,차대차 - 기타,중앙선침범,건조,맑음,단일로 - 기타,승용,남,33세,상해없음,승용,남,44세,경상
2012090800100389,2012년 9월 8일 13시,토요일,충청남도 서산시 대산읍,중상사고,0,3,0,0,차대차 - 추돌 - 진행중,안전운전불이행,건조,맑음,교차로 - 교차로부근,화물,남,28세,상해없음,승용,여,44세,중상
2012090800100390,2012년 9월 8일 13시,토요일,충청남도 예산군 응봉면,중상사고,0,1,8,0,차대차 - 추돌 - 진행중,안전거리미확보,건조,맑음,단일로 - 기타,화물,남,52세,경상,승용,남,23세,경상
2012090800100456,2012년 9월 8일 15시,토요일,충청남도 아산시 남동,경상사고,0,0,1,0,차대차 - 추돌 - 주정차중,안전운전불이행,건조,맑음,단일로 - 기타,승용,남,22세,상해없음,화물,남,24세,경상
2012090800100457,2012년 9월 8일 15시,토요일,충청남도 보령시 요암동,경상사고,0,0,3,0,차대차 - 추돌 - 진행중,안전거리미확보,건조,맑음,교차로 - 교차로안,화물,남,41세,상해없음,화물,남,39세,경상
2012090800100459,2012년 9월 8일 15시,토요일,충청남도 당진시 신평면,경상사고,0,0,2,0,차대차 - 추돌 - 진행중,안전운전불이행,건조,맑음,단일로 - 기타,화물,남,45세,상해없음,화물,남,46세,경상
2012090800100536,2012년 9월 8일 17시,토요일,충청남도 천안시 서북구 성정동,경상사고,0,0,1,0,차대사람 - 횡단중,신호위반,건조,맑음,단일로 - 횡단보도상,승용,남,68세,상해없음,보행자,여,75세,경상
2012090800100537,2012년 9월 8일 17시,토요일,충청남도 천안시 동남구 용곡동,중상사고,0,1,0,0,차대사람 - 횡단중,안전운전불이행,건조,맑음,단일로 - 기타,승용,여,50세,상해없음,보행자,남,5세,중상
2012090800100603,2012년 9월 8일 19시,토요일,충청남도 태안군 태안읍,경상사고,0,0,1,0,차대차 - 추돌 - 주정차중,안전운전불이행,건조,맑음,단일로 - 기타,승용,남,38세,경상,농기계,남,53세,기타불명
2012090800100604,2012년 9월 8일 19시,토요일,충청남도 천안시 서북구 두정동,중상사고,0,1,0,0,차대차 - 기타,안전운전불이행,건조,맑음,교차로 - 교차로안,승용,남,40세,상해없음,원동기,남,36세,중상
2012090800100605,2012년 9월 8일 19시,토요일,충청남도 부여군 규암면,중상사고,0,1,0,0,차대차 - 측면직각충돌,교차로운행방법위반,건조,맑음,교차로 - 교차로안,화물,남,50세,상해없음,원동기,남,58세,중상
2012090800100644,2012년 9월 8일 20시,토요일,충청남도 서산시 석남동,경상사고,0,0,5,0,차대차 - 추돌 - 주정차중,안전운전불이행,건조,맑음,단일로 - 횡단보도부근,승용,남,46세,상해없음,승용,남,43세,경상
2012090800100698,2012년 9월 8일 22시,토요일,충청남도 아산시 음봉면,중상사고,0,1,0,0,차대차 - 추돌 - 진행중,안전운전불이행,건조,맑음,단일로 - 기타,승용,여,54세,상해없음,원동기,남,31세,중상
2012090800100727,2012년 9월 8일 23시,토요일,충청남도 보령시 동대동,경상사고,0,0,6,0,차대차 - 측면직각충돌,직진우회전진행방해,건조,맑음,교차로 - 교차로안,승합,여,47세,경상,승용,남,30세,경상
2012090800100728,2012년 9월 8일 23시,토요일,충청남도 천안시 동남구 목천읍,경상사고,0,0,1,0,차대차 - 추돌 - 주정차중,안전운전불이행,건조,맑음,교차로 - 교차로부근,승용,남,42세,기타불명,승용,남,34세,경상
2012090900100013,2012년 9월 9일 00시,일요일,충청남도 공주시 옥룡동,중상사고,0,2,1,0,차대차 - 측면직각충돌,중앙선침범,건조,흐림,단일로 - 기타,승합,남,38세,상해없음,승용,남,28세,경상
2012090900100043,2012년 9월 9일 01시,일요일,충청남도 아산시 신창면,중상사고,0,2,0,0,차대차 - 정면충돌,중앙선침범,건조,맑음,단일로 - 기타,승합,남,43세,상해없음,화물,남,52세,중상
2012090900100113,2012년 9월 9일 05시,일요일,충청남도 천안시 서북구 쌍용동,사망사고,1,0,0,0,차대사람 - 횡단중,신호위반,건조,맑음,교차로 - 교차로부근,승용,남,49세,상해없음,보행자,여,65세,사망
2012090900100114,2012년 9월 9일 05시,일요일,충청남도 천안시 서북구 두정동,경상사고,0,0,2,0,차대차 - 기타,안전운전불이행,건조,흐림,단일로 - 기타,승용,남,41세,상해없음,승용,남,23세,경상
2012090900100133,2012년 9월 9일 06시,일요일,충청남도 천안시 서북구 성정동,경상사고,0,0,1,0,차대차 - 측면직각충돌,안전운전불이행,건조,맑음,단일로 - 기타,승합,여,45세,상해없음,승용,남,24세,경상
2012090900100134,2012년 9월 9일 06시,일요일,충청남도 논산시 강경읍,경상사고,0,0,1,0,차대차 - 정면충돌,중앙선침범,습기,흐림,단일로 - 기타,승용,남,78세,상해없음,승용,남,48세,경상
2012090900100142,2012년 9월 9일 07시,일요일,충청남도 논산시 광석면,사망사고,1,0,5,0,차대차 - 기타,신호위반,습기,흐림,교차로 - 교차로안,화물,남,43세,경상,승용,남,37세,경상
2012090900100143,2012년 9월 9일 07시,일요일,충청남도 논산시 연무읍,중상사고,0,3,2,0,차대차 - 측면직각충돌,불법유턴,건조,맑음,단일로 - 기타,승용,남,52세,상해없음,승용,남,46세,경상
2012090900100158,2012년 9월 9일 08시,일요일,충청남도 서천군 장항읍,경상사고,0,0,1,0,차대차 - 기타,안전운전불이행,건조,흐림,단일로 - 기타,이륜,남,74세,경상,승합,남,31세,상해없음
2012090900100222,2012년 9월 9일 11시,일요일,충청남도 천안시 서북구 두정동,중상사고,0,1,0,0,차대사람 - 횡단중,보행자보호의무위반,건조,맑음,교차로 - 교차로부근,승용,여,49세,상해없음,보행자,남,36세,중상
2012090900100223,2012년 9월 9일 11시,일요일,충청남도 보령시 청소면,사망사고,1,0,1,0,차대차 - 기타,신호위반,건조,맑음,교차로 - 교차로안,화물,남,47세,경상,이륜,남,38세,사망
2012090900100242,2012년 9월 9일 12시,일요일,충청남도 태안군 태안읍,경상사고,0,0,1,0,차대차 - 기타,직진우회전진행방해,건조,맑음,교차로 - 교차로안,이륜,남,83세,경상,승용,남,50세,상해없음
2012090900100268,2012년 9월 9일 13시,일요일,충청남도 천안시 동남구 대흥동,중상사고,0,1,0,0,차대사람 - 횡단중,안전운전불이행,건조,흐림,단일로 - 기타,화물,남,56세,상해없음,보행자,여,41세,중상
2012090900100299,2012년 9월 9일 14시,일요일,충청남도 금산군 금산읍,중상사고,0,1,0,0,차대차 - 측면직각충돌,직진우회전진행방해,습기,비,교차로 - 교차로안,승용,남,57세,상해없음,자전거,남,45세,중상
2012090900100323,2012년 9월 9일 15시,일요일,충청남도 천안시 서북구 입장면,경상사고,0,0,2,1,차대차 - 측면직각충돌,안전운전불이행,건조,맑음,단일로 - 기타,이륜,남,42세,부상신고,승용,남,62세,경상
2012090900100360,2012년 9월 9일 16시,일요일,충청남도 천안시 서북구 쌍용동,경상사고,0,0,1,0,차대차 - 추돌 - 주정차중,안전운전불이행,건조,맑음,교차로 - 교차로부근,승용,남,28세,상해없음,승용,남,42세,경상
2012090900100387,2012년 9월 9일 17시,일요일,충청남도 당진시 신평면,경상사고,0,0,2,0,차대차 - 기타,안전운전불이행,건조,맑음,단일로 - 기타,승용,남,36세,상해없음,화물,남,31세,경상
2012090900100446,2012년 9월 9일 19시,일요일,충청남도 천안시 서북구 불당동,경상사고,0,0,2,0,차대차 - 추돌 - 주정차중,안전운전불이행,건조,맑음,교차로 - 교차로부근,승용,남,54세,상해없음,승용,남,32세,경상
2012090900100447,2012년 9월 9일 19시,일요일,충청남도 부여군 홍산면,경상사고,0,0,1,0,차대차 - 측면직각충돌,신호위반,건조,맑음,교차로 - 교차로안,승용,남,44세,상해없음,승합,남,60세,경상
2012090900100516,2012년 9월 9일 21시,일요일,충청남도 서산시 읍내동,중상사고,0,1,0,0,차대사람 - 횡단중,보행자보호의무위반,습기,비,단일로 - 횡단보도상,승용,여,73세,상해없음,보행자,남,39세,중상
2012090900100517,2012년 9월 9일 21시,일요일,충청남도 천안시 서북구 성정동,중상사고,0,1,0,0,차대사람 - 횡단중,안전운전불이행,건조,맑음,교차로 - 교차로부근,승용,남,26세,상해없음,보행자,여,47세,중상
2012091000100038,2012년 9월 10일 03시,월요일,충청남도 홍성군 홍성읍,중상사고,0,2,1,0,차량단독 - 전도전복,안전운전불이행,건조,맑음,교차로 - 교차로부근,이륜,남,17세,중상,,,,
2012091000100059,2012년 9월 10일 05시,월요일,충청남도 천안시 동남구 신방동,경상사고,0,0,1,0,차대차 - 기타,안전운전불이행,건조,맑음,교차로 - 교차로부근,화물,남,51세,상해없음,승용,남,50세,경상