사고번호,사고일시,요일,시군구,사고내용,사망자수,중상자수,경상자수,부상신고자수,사고유형,법규위반,노면상태,기상상태,도로형태,가해운전자 차종,가해운전자 성별,가해운전자 연령,가해운전자 상해정도,피해운전자 차종,피해운전자 성별,피해운전자 연령,피해운전자 상해정도
2012091500100459,2012년 9월 15일 16시,토요일,충청남도 천안시 서북구 불당동,중상사고,0,1,0,0,차대차 - 기타,안전운전불이행,건조,맑음,교차로 - 교차로안,승용,여,26세,상해없음,자전거,남,19세,중상
2012091500100494,2012년 9월 15일 17시,토요일,충청남도 서산시 운산면,중상사고,0,1,0,0,차대차 - 측면직각충돌,안전운전불이행,건조,맑음,교차로 - 교차로부근,원동기,남,64세,중상,승용,남,73세,상해없음
2012091500100495,2012년 9월 15일 17시,토요일,충청남도 천안시 서북구 신당동,경상사고,0,0,1,0,차대차 - 측면직각충돌,안전운전불이행,건조,맑음,교차로 - 교차로부근,승용,남,47세,상해없음,승용,여,46세,상해없음
2012091500100554,2012년 9월 15일 19시,토요일,충청남도 천안시 서북구 성정동,경상사고,0,0,1,0,차대차 - 기타,교차로운행방법위반,건조,맑음,교차로 - 교차로부근,승합,남,43세,상해없음,승용,남,44세,경상
2012091500100555,2012년 9월 15일 19시,토요일,충청남도 논산시 연산면,경상사고,0,0,2,0,차대차 - 기타,신호위반,건조,맑음,교차로 - 교차로안,승용,남,46세,경상,화물,남,44세,경상
2012091500100556,2012년 9월 15일 19시,토요일,충청남도 당진시 채운동,경상사고,0,0,3,0,차대차 - 추돌 - 주정차중,안전운전불이행,건조,맑음,교차로 - 교차로부근,승용,남,56세,상해없음,승용,남,37세,경상
2012091500100587,2012년 9월 15일 20시,토요일,충청남도 서산시 동문동,중상사고,0,1,0,0,차대차 - 추돌 - 진행중,안전운전불이행,건조,맑음,단일로 - 기타,화물,남,47세,상해없음,승용,여,54세,중상
2012091500100588,2012년 9월 15일 20시,토요일,충청남도 서산시 팔봉면,중상사고,0,1,0,0,차대사람 - 기타,안전운전불이행,건조,맑음,단일로 - 기타,승용,남,16세,상해없음,보행자,여,56세,중상
2012091500100589,2012년 9월 15일 20시,토요일,충청남도 금산군 군북면,중상사고,0,1,0,0,차대차 - 측면직각충돌,안전운전불이행,건조,맑음,교차로 - 교차로안,승합,남,56세,상해없음,이륜,남,40세,중상
2012091500100626,2012년 9월 15일 21시,토요일,충청남도 당진시 신평면,중상사고,0,2,2,0,차대차 - 기타,신호위반,건조,맑음,단일로 - 기타,승용,남,35세,경상,승용,남,43세,중상
2012091500100691,2012년 9월 15일 23시,토요일,충청남도 천안시 서북구 두정동,경상사고,0,0,1,0,차대차 - 정면충돌,안전운전불이행,건조,맑음,단일로 - 기타,승용,남,31세,상해없음,승용,남,30세,경상
2012091500100692,2012년 9월 15일 23시,토요일,충청남도 천안시 동남구 쌍용동,경상사고,0,0,2,0,차대차 - 기타,안전운전불이행,건조,맑음,단일로 - 기타,승용,기타불명,기타불명,기타불명,승합,남,36세,경상
2012091500100693,2012년 9월 15일 23시,토요일,충청남도 논산시 내동,경상사고,0,0,2,0,차대차 - 기타,안전운전불이행,건조,맑음,교차로 - 교차로안,승용,남,28세,상해없음,승용,여,41세,경상
2012091500100694,2012년 9월 15일 23시,토요일,충청남도 공주시 신관동,경상사고,0,0,1,0,차대차 - 측면직각충돌,안전거리미확보,건조,맑음,단일로 - 기타,승용,남,32세,상해없음,이륜,남,17세,경상
2012091500100695,2012년 9월 15일 23시,토요일,충청남도 천안시 동남구 신부동,경상사고,0,0,1,0,차대사람 - 기타,안전운전불이행,건조,맑음,단일로 - 기타,승용,여,43세,상해없음,보행자,여,19세,경상
2012091600100018,2012년 9월 16일 00시,일요일,충청남도 논산시 취암동,경상사고,0,0,1,0,차대사람 - 횡단중,보행자보호의무위반,건조,맑음,단일로 - 횡단보도상,기타불명,기타불명,기타불명,기타불명,보행자,남,29세,경상
2012091600100181,2012년 9월 16일 09시,일요일,충청남도 공주시 우성면,경상사고,0,0,3,0,차대차 - 기타,안전거리미확보,건조,맑음,단일로 - 기타,기타불명,기타불명,기타불명,기타불명,승용,남,24세,경상
2012091600100252,2012년 9월 16일 12시,일요일,충청남도 당진시 읍내리,중상사고,0,1,0,0,차대사람 - 기타,안전운전불이행,건조,맑음,단일로 - 기타,이륜,남,19세,상해없음,보행자,남,29세,중상
2012091600100276,2012년 9월 16일 13시,일요일,충청남도 홍성군 구항면,중상사고,0,1,0,0,차대차 - 측면직각충돌,교차로운행방법위반,건조,흐림,교차로 - 교차로안,승용,남,58세,상해없음,이륜,남,77세,중상
2012091600100277,2012년 9월 16일 13시,일요일,충청남도 보령시 웅천읍,중상사고,0,1,0,0,차대차 - 측면직각충돌,안전운전불이행,건조,맑음,단일로 - 기타,승용,여,51세,상해없음,이륜,남,42세,중상
2012091600100278,2012년 9월 16일 13시,일요일,충청남도 당진시 신평면,경상사고,0,0,1,0,차대사람 - 길가장자리구역통행중,안전운전불이행,건조,맑음,단일로 - 기타,이륜,남,43세,상해없음,보행자,남,52세,경상
2012091600100314,2012년 9월 16일 14시,일요일,충청남도 홍성군 홍성읍,경상사고,0,0,2,0,차대차 - 측면직각충돌,신호위반,건조,흐림,교차로 - 교차로안,승용,남,44세,상해없음,승용,여,27세,경상
2012091600100338,2012년 9월 16일 15시,일요일,충청남도 천안시 동남구 병천면,중상사고,0,1,0,0,차대사람 - 기타,안전운전불이행,습기,비,단일로 - 기타,승용,남,47세,상해없음,보행자,남,49세,중상
2012091600100339,2012년 9월 16일 15시,일요일,충청남도 천안시 동남구 신방동,경상사고,0,0,1,0,차대차 - 기타,안전운전불이행,습기,비,단일로 - 기타,승용,남,48세,상해없음,승용,남,57세,상해없음
2012091600100375,2012년 9월 16일 16시,일요일,충청남도 천안시 서북구 직산읍,중상사고,0,2,1,0,차대차 - 추돌 - 주정차중,안전운전불이행,습기,비,교차로 - 교차로부근,승용,남,43세,기타불명,승용,남,36세,중상
2012091600100376,2012년 9월 16일 16시,일요일,충청남도 홍성군 장곡면,중상사고,0,1,1,0,차대차 - 정면충돌,중앙선침범,습기,비,단일로 - 기타,화물,남,37세,기타불명,승용,남,30세,중상
2012091600100377,2012년 9월 16일 16시,일요일,충청남도 천안시 동남구 풍세면,경상사고,0,0,2,0,차대차 - 기타,중앙선침범,습기,비,단일로 - 기타,승용,남,31세,기타불명,승용,여,44세,경상
2012091600100402,2012년 9월 16일 17시,일요일,충청남도 천안시 서북구 쌍용동,중상사고,0,1,1,0,차대사람 - 횡단중,보행자보호의무위반,습기,비,단일로 - 횡단보도상,화물,남,62세,상해없음,보행자,여,70세,경상
2012091600100437,2012년 9월 16일 18시,일요일,충청남도 서산시 성연면,중상사고,0,1,1,0,차대차 - 기타,중앙선침범,건조,맑음,단일로 - 기타,승합,남,53세,상해없음,승용,남,63세,중상
2012091600100438,2012년 9월 16일 18시,일요일,충청남도 서산시 석림동,중상사고,0,1,0,0,차대차 - 측면직각충돌,교차로운행방법위반,건조,흐림,교차로 - 교차로안,이륜,남,21세,중상,승용,여,42세,상해없음
2012091600100479,2012년 9월 16일 19시,일요일,충청남도 보령시 동대동,중상사고,0,1,0,0,차대사람 - 횡단중,보행자보호의무위반,습기,비,단일로 - 횡단보도상,승용,남,31세,상해없음,보행자,여,69세,중상
2012091600100480,2012년 9월 16일 19시,일요일,충청남도 예산군 덕산면,중상사고,0,5,0,0,차대차 - 정면충돌,중앙선침범,습기,비,교차로 - 교차로부근,승용,남,51세,상해없음,승용,남,31세,중상
2012091600100481,2012년 9월 16일 19시,일요일,충청남도 부여군 부여읍,중상사고,0,1,0,0,차대사람 - 횡단중,보행자보호의무위반,습기,비,단일로 - 횡단보도상,승용,남,34세,상해없음,보행자,여,50세,중상
2012091600100482,2012년 9월 16일 19시,일요일,충청남도 부여군 석성면,경상사고,0,0,2,0,차대차 - 추돌 - 진행중,안전운전불이행,습기,비,단일로 - 기타,승용,남,47세,상해없음,승용,여,41세,상해없음
2012091600100524,2012년 9월 16일 20시,일요일,충청남도 아산시 영인면,경상사고,0,0,1,0,차대사람 - 길가장자리구역통행중,안전운전불이행,습기,비,단일로 - 기타,화물,남,47세,상해없음,보행자,남,72세,경상
2012091600100525,2012년 9월 16일 20시,일요일,충청남도 금산군 금성면,중상사고,0,1,1,0,차대차 - 측면직각충돌,중앙선침범,습기,비,단일로 - 기타,승용,남,52세,상해없음,승용,남,38세,경상
2012091600100571,2012년 9월 16일 21시,일요일,충청남도 논산시 취암동,경상사고,0,0,2,0,차대차 - 측면직각충돌,신호위반,습기,비,교차로 - 교차로안,이륜,남,17세,경상,승용,남,40세,경상
2012091600100615,2012년 9월 16일 22시,일요일,충청남도 공주시 정안면,중상사고,0,1,0,0,차대사람 - 기타,안전운전불이행,습기,비,단일로 - 기타,승합,남,44세,상해없음,보행자,남,47세,중상
2012091700100082,2012년 9월 17일 05시,월요일,충청남도 논산시 강산동,경상사고,0,0,2,0,차대차 - 측면직각충돌,교차로운행방법위반,습기,비,교차로 - 교차로안,승용,여,61세,경상,승용,남,41세,경상
2012091700100134,2012년 9월 17일 08시,월요일,충청남도 서산시 예천동,중상사고,0,2,0,0,차대차 - 정면충돌,중앙선침범,습기,비,단일로 - 기타,승용,여,38세,중상,승용,남,78세,중상
2012091700100135,2012년 9월 17일 08시,월요일,충청남도 논산시 부창동,중상사고,0,1,2,0,차대차 - 기타,안전거리미확보,습기,비,단일로 - 기타,승용,남,51세,경상,승용,남,62세,중상
2012091700100168,2012년 9월 17일 09시,월요일,충청남도 금산군 부리면,중상사고,0,2,1,0,차대차 - 측면직각충돌,직진우회전진행방해,습기,비,교차로 - 교차로안,승용,남,35세,상해없음,화물,남,46세,경상
2012091700100281,2012년 9월 17일 14시,월요일,충청남도 태안군 근흥면,중상사고,0,2,0,0,차대차 - 기타,중앙선침범,습기,흐림,단일로 - 기타,승용,남,53세,상해없음,화물,남,52세,중상
2012091700100282,2012년 9월 17일 14시,월요일,충청남도 홍성군 구항면,경상사고,0,0,1,0,차대차 - 측면직각충돌,안전운전불이행,습기,비,단일로 - 기타,승용,남,43세,상해없음,승용,남,32세,경상
2012091700100283,2012년 9월 17일 14시,월요일,충청남도 아산시 읍내동,중상사고,0,1,0,0,차대사람 - 기타,안전운전불이행,습기,비,기타 - 기타,승용,남,42세,상해없음,보행자,여,63세,중상
2012091700100284,2012년 9월 17일 14시,월요일,충청남도 논산시 연무읍,사망사고,1,0,0,0,차량단독 - 공작물충돌,안전운전불이행,습기,비,단일로 - 기타,승용,남,58세,사망,,,,
2012091700100306,2012년 9월 17일 15시,월요일,충청남도 보령시 대천동,경상사고,0,0,4,0,차대차 - 추돌 - 주정차중,안전거리미확보,습기,비,교차로 - 교차로부근,승용,남,64세,상해없음,승용,남,52세,경상
2012091700100338,2012년 9월 17일 16시,월요일,충청남도 서산시 대산읍,경상사고,0,0,2,0,차대차 - 기타,기타,건조,흐림,교차로 - 교차로안,승용,남,47세,상해없음,승용,남,35세,경상
2012091700100339,2012년 9월 17일 16시,월요일,충청남도 천안시 서북구 성환읍,부상신고사고,0,0,0,3,차량단독 - 공작물충돌,안전운전불이행,습기,비,단일로 - 기타,화물,남,39세,부상신고,,,,
2012091700100340,2012년 9월 17일 16시,월요일,충청남도 천안시 동남구 신부동,부상신고사고,0,0,0,1,차량단독 - 공작물충돌,안전운전불이행,습기,비,단일로 - 기타,승용,남,31세,부상신고,,,,
2012091700100370,2012년 9월 17일 17시,월요일,충청남도 천안시 동남구 목천읍,중상사고,0,1,0,0,차량단독 - 공작물충돌,안전운전불이행,습기,비,단일로 - 기타,승용,여,36세,상해없음,,,,
2012091700100403,2012년 9월 17일 18시,월요일,충청남도 당진시 신평면,중상사고,0,1,0,0,차대차 - 추돌 - 진행중,안전운전불이행,건조,맑음,단일로 - 기타,승용,남,57세,상해없음,이륜,남,60세,중상
2012091700100442,2012년 9월 17일 19시,월요일,충청남도 아산시 온천동,경상사고,0,0,1,0,차대차 - 정면충돌,중앙선침범,습기,비,단일로 - 기타,승용,여,56세,상해없음,승용,남,40세,경상
2012091700100481,2012년 9월 17일 20시,월요일,충청남도 보령시 죽정동,중상사고,0,1,0,0,차대차 - 측면직각충돌,직진우회전진행방해,습기,비,교차로 - 교차로안,승용,남,44세,상해없음,이륜,남,49세,중상
2012091700100482,2012년 9월 17일 20시,월요일,충청남도 예산군 오가면,중상사고,0,1,2,0,차대차 - 측면직각충돌,중앙선침범,습기,비,교차로 - 교차로부근,승용,여,44세,경상,승용,여,39세,중상
2012091700100483,2012년 9월 17일 20시,월요일,충청남도 천안시 동남구 목천읍,경상사고,0,0,1,0,차대차 - 정면충돌,안전운전불이행,습기,비,교차로 - 교차로안,승용,남,54세,상해없음,승용,남,44세,경상
2012091700100552,2012년 9월 17일 22시,월요일,충청남도 천안시 서북구 불당동,경상사고,0,0,1,0,차대차 - 기타,안전운전불이행,건조,맑음,단일로 - 기타,승용,남,38세,기타불명,승용,남,47세,경상
2012091700100553,2012년 9월 17일 22시,월요일,충청남도 천안시 서북구 두정동,중상사고,0,1,0,0,차대사람 - 기타,안전운전불이행,습기,비,교차로 - 교차로부근,승용,남,33세,상해없음,보행자,남,21세,중상
2012091700100591,2012년 9월 17일 23시,월요일,충청남도 당진시 송악읍,중상사고,0,2,1,0,차대차 - 추돌 - 주정차중,안전운전불이행,습기,흐림,교차로 - 교차로부근,건설기계,남,48세,상해없음,화물,남,34세,중상
2012091700100592,2012년 9월 17일 23시,월요일,충청남도 천안시 동남구 원성동,중상사고,0,1,0,0,차대차 - 측면직각충돌,안전운전불이행,건조,맑음,교차로 - 교차로안,화물,남,55세,상해없음,화물,남,40세,중상
2012091800100029,2012년 9월 18일 01시,화요일,충청남도 천안시 서북구 성정동,경상사고,0,0,2,0,차대차 - 기타,안전운전불이행,습기,비,교차로 - 교차로부근,승용,남,42세,상해없음,승용,남,27세,경상
2012091800100030,2012년 9월 18일 01시,화요일,충청남도 공주시 신관동,중상사고,0,1,0,0,차대차 - 측면직각충돌,교차로운행방법위반,건조,맑음,교차로 - 교차로안,승용,남,29세,상해없음,이륜,남,22세,중상
2012091800100040,2012년 9월 18일 02시,화요일,충청남도 천안시 서북구 쌍용동,경상사고,0,0,1,0,차대차 - 추돌 - 주정차중,안전운전불이행,건조,맑음,단일로 - 기타,승용,남,24세,상해없음,승용,남,26세,경상
2012091800100061,2012년 9월 18일 04시,화요일,충청남도 논산시 취암동,경상사고,0,0,1,0,차대차 - 측면직각충돌,안전거리미확보,건조,맑음,교차로 - 교차로부근,승용,남,73세,상해없음,승용,여,57세,경상
2012091800100167,2012년 9월 18일 09시,화요일,충청남도 아산시 신창면,중상사고,0,2,0,0,차대차 - 측면직각충돌,신호위반,건조,맑음,교차로 - 교차로안,승용,남,78세,중상,승용,여,31세,중상
2012091800100201,2012년 9월 18일 10시,화요일,충청남도 금산군 복수면,중상사고,0,1,0,0,차대차 - 정면충돌,중앙선침범,건조,흐림,단일로 - 기타,화물,남,24세,상해없음,화물,남,55세,중상
2012091800100223,2012년 9월 18일 11시,화요일,충청남도 서산시 동문동,중상사고,0,1,0,0,차대사람 - 횡단중,보행자보호의무위반,건조,맑음,단일로 - 횡단보도상,승용,여,37세,상해없음,보행자,여,60세,중상
2012091800100224,2012년 9월 18일 11시,화요일,충청남도 아산시 실옥동,중상사고,0,1,0,0,차대사람 - 횡단중,신호위반,건조,맑음,교차로 - 교차로부근,승용,여,36세,상해없음,보행자,남,79세,중상
2012091800100250,2012년 9월 18일 12시,화요일,충청남도 천안시 서북구 성거읍,중상사고,0,2,0,0,차대차 - 측면직각충돌,안전운전불이행,건조,맑음,교차로 - 교차로안,화물,남,49세,중상,화물,남,52세,중상
2012091800100251,2012년 9월 18일 12시,화요일,충청남도 천안시 동남구 쌍용동,경상사고,0,0,1,0,차대사람 - 기타,안전운전불이행,건조,맑음,단일로 - 기타,승용,남,21세,상해없음,보행자,여,19세,경상
2012091800100252,2012년 9월 18일 12시,화요일,충청남도 논산시 성동면,중상사고,0,1,4,0,차대차 - 측면직각충돌,교차로운행방법위반,건조,맑음,교차로 - 교차로안,승용,남,27세,경상,화물,남,48세,중상
2012091800100317,2012년 9월 18일 14시,화요일,충청남도 보령시 동대동,경상사고,0,0,1,0,차대차 - 기타,불법유턴,건조,맑음,교차로 - 교차로안,승용,남,27세,상해없음,화물,남,31세,경상
2012091800100353,2012년 9월 18일 15시,화요일,충청남도 천안시 동남구 원성동,경상사고,0,0,3,2,차대차 - 추돌 - 주정차중,안전운전불이행,건조,맑음,단일로 - 기타,승용,남,48세,부상신고,승용,여,40세,부상신고
2012091800100393,2012년 9월 18일 16시,화요일,충청남도 천안시 서북구 입장면,경상사고,0,0,1,0,차대사람 - 횡단중,안전운전불이행,건조,맑음,단일로 - 기타,화물,남,54세,상해없음,보행자,남,12세,경상
2012091800100394,2012년 9월 18일 16시,화요일,충청남도 당진시 신평면,경상사고,0,0,2,0,차대사람 - 기타,안전운전불이행,건조,맑음,단일로 - 기타,화물,남,66세,상해없음,보행자,남,57세,경상
2012091800100474,2012년 9월 18일 18시,화요일,충청남도 천안시 서북구 백석동,경상사고,0,0,1,0,차대차 - 기타,안전운전불이행,건조,맑음,단일로 - 기타,승용,여,23세,상해없음,자전거,남,10세,경상
2012091800100566,2012년 9월 18일 20시,화요일,충청남도 태안군 근흥면,중상사고,0,2,0,0,차대차 - 측면직각충돌,중앙선침범,건조,맑음,기타 - 기타,승용,기타불명,기타불명,기타불명,승용,남,28세,중상
2012091800100567,2012년 9월 18일 20시,화요일,충청남도 아산시 탕정면,중상사고,0,1,1,0,차대사람 - 횡단중,안전운전불이행,건조,맑음,단일로 - 기타,승용,남,58세,상해없음,보행자,남,22세,중상
2012091800100605,2012년 9월 18일 21시,화요일,충청남도 서천군 비인면,경상사고,0,0,1,0,차대차 - 기타,안전운전불이행,건조,맑음,단일로 - 기타,화물,남,36세,상해없음,승용,여,54세,경상
2012091800100606,2012년 9월 18일 21시,화요일,충청남도 부여군 부여읍,중상사고,0,1,0,0,차대사람 - 기타,안전운전불이행,건조,맑음,교차로 - 교차로부근,승용,남,29세,상해없음,보행자,여,60세,중상
2012091800100636,2012년 9월 18일 22시,화요일,충청남도 천안시 동남구 쌍용동,경상사고,0,0,1,0,차대사람 - 기타,보행자보호의무위반,건조,맑음,단일로 - 횡단보도상,승합,남,52세,상해없음,보행자,여,51세,경상
2012091800100637,2012년 9월 18일 22시,화요일,충청남도 천안시 동남구 유량동,경상사고,0,0,1,0,차대차 - 측면직각충돌,안전운전불이행,건조,맑음,교차로 - 교차로안,승용,남,57세,경상,화물,남,62세,상해없음
2012091800100667,2012년 9월 18일 23시,화요일,충청남도 서산시 석남동,중상사고,0,1,0,0,차대차 - 추돌 - 진행중,안전운전불이행,건조,맑음,교차로 - 교차로부근,승용,남,61세,상해없음,승용,여,25세,중상
2012091900100029,2012년 9월 19일 01시,수요일,충청남도 아산시 배방읍,중상사고,0,2,0,0,차량단독 - 도로외이탈 - 추락,안전운전불이행,건조,맑음,단일로 - 기타,승용,남,24세,중상,,,,
2012091900100069,2012년 9월 19일 05시,수요일,충청남도 공주시 신관동,경상사고,0,0,2,0,차대차 - 추돌 - 주정차중,안전운전불이행,건조,맑음,단일로 - 기타,승용,남,43세,상해없음,승용,여,59세,상해없음
2012091900100070,2012년 9월 19일 05시,수요일,충청남도 공주시 우성면,중상사고,0,3,0,0,차대차 - 측면직각충돌,안전운전불이행,건조,맑음,단일로 - 기타,승용,남,27세,상해없음,승용,남,19세,중상
2012091900100081,2012년 9월 19일 06시,수요일,충청남도 부여군 석성면,중상사고,0,1,0,0,차대차 - 측면직각충돌,직진우회전진행방해,건조,맑음,교차로 - 교차로안,화물,남,52세,상해없음,승용,남,36세,중상
2012091900100095,2012년 9월 19일 07시,수요일,충청남도 보령시 신흑동,부상신고사고,0,0,0,1,차대차 - 정면충돌,중앙선침범,건조,맑음,단일로 - 기타,원동기,남,39세,상해없음,승용,남,30세,상해없음
2012091900100128,2012년 9월 19일 08시,수요일,충청남도 예산군 오가면,경상사고,0,0,2,0,차대차 - 정면충돌,중앙선침범,건조,맑음,교차로 - 교차로부근,화물,남,49세,상해없음,승용,남,59세,경상
2012091900100129,2012년 9월 19일 08시,수요일,충청남도 당진시 우강면,사망사고,1,0,0,0,차대사람 - 길가장자리구역통행중,안전운전불이행,건조,맑음,교차로 - 교차로부근,화물,남,67세,상해없음,보행자,여,7세,사망
2012091900100130,2012년 9월 19일 08시,수요일,충청남도 청양군 비봉면,중상사고,0,2,0,0,차대차 - 측면직각충돌,교차로운행방법위반,건조,맑음,교차로 - 교차로안,승용,여,52세,중상,승용,남,53세,중상
2012091900100195,2012년 9월 19일 11시,수요일,충청남도 서천군 종천면,중상사고,0,1,1,0,차대차 - 기타,직진우회전진행방해,건조,맑음,교차로 - 교차로안,이륜,남,69세,경상,이륜,남,76세,중상
2012091900100245,2012년 9월 19일 13시,수요일,충청남도 홍성군 홍성읍,중상사고,0,1,0,0,차대차 - 측면직각충돌,안전운전불이행,건조,맑음,단일로 - 기타,화물,남,40세,상해없음,자전거,남,85세,중상
2012091900100246,2012년 9월 19일 13시,수요일,충청남도 공주시 쌍신동,중상사고,0,1,0,0,차대차 - 추돌 - 진행중,안전거리미확보,건조,맑음,단일로 - 기타,승용,남,54세,상해없음,화물,남,29세,중상
2012091900100272,2012년 9월 19일 14시,수요일,충청남도 태안군 소원면,중상사고,0,1,0,0,차대차 - 기타,중앙선침범,건조,맑음,단일로 - 기타,승합,여,28세,상해없음,이륜,남,68세,중상
2012091900100273,2012년 9월 19일 14시,수요일,충청남도 홍성군 홍성읍,경상사고,0,0,1,0,차대차 - 측면직각충돌,안전운전불이행,건조,맑음,단일로 - 기타,승용,여,40세,상해없음,화물,남,55세,경상
2012091900100274,2012년 9월 19일 14시,수요일,충청남도 서천군 마서면,경상사고,0,0,1,0,차대차 - 기타,안전거리미확보,건조,맑음,교차로 - 교차로부근,승용,남,52세,상해없음,승용,여,39세,경상
2012091900100275,2012년 9월 19일 14시,수요일,충청남도 서천군 한산면,경상사고,0,0,1,0,차대차 - 기타,중앙선침범,건조,맑음,교차로 - 교차로부근,이륜,남,60세,경상,화물,남,61세,상해없음
2012091900100276,2012년 9월 19일 14시,수요일,충청남도 공주시 신풍면,경상사고,0,0,2,0,차대차 - 측면직각충돌,안전운전불이행,건조,맑음,교차로 - 교차로부근,화물,남,41세,상해없음,승용,남,73세,경상
2012091900100301,2012년 9월 19일 15시,수요일,충청남도 천안시 서북구 쌍용동,사망사고,1,0,1,0,차대사람 - 횡단중,안전운전불이행,건조,맑음,단일로 - 기타,승용,여,33세,상해없음,보행자,여,73세,사망
2012091900100302,2012년 9월 19일 15시,수요일,충청남도 홍성군 금마면,중상사고,0,1,0,0,차대차 - 정면충돌,안전운전불이행,건조,맑음,단일로 - 기타,승용,여,62세,상해없음,자전거,남,70세,중상
2012091900100332,2012년 9월 19일 16시,수요일,충청남도 아산시 신창면,경상사고,0,0,1,0,차대차 - 추돌 - 진행중,안전운전불이행,건조,맑음,단일로 - 기타,화물,남,51세,상해없음,승용,남,32세,경상
2012091900100371,2012년 9월 19일 17시,수요일,충청남도 태안군 태안읍,경상사고,0,0,1,0,차대사람 - 횡단중,보행자보호의무위반,건조,맑음,교차로 - 교차로안,화물,남,52세,상해없음,보행자,여,50세,경상
2012091900100372,2012년 9월 19일 17시,수요일,충청남도 당진시 대덕리,경상사고,0,0,1,0,차대차 - 측면직각충돌,차로위반,건조,맑음,단일로 - 기타,화물,남,48세,상해없음,승용,남,30세,경상
2012091900100416,2012년 9월 19일 18시,수요일,충청남도 서산시 석남동,중상사고,0,1,0,0,차대사람 - 횡단중,안전운전불이행,건조,맑음,단일로 - 기타,승용,여,28세,상해없음,보행자,남,7세,중상
2012091900100417,2012년 9월 19일 18시,수요일,충청남도 당진시 채운동,경상사고,0,0,1,0,차대사람 - 보도통행중,보행자보호의무위반,건조,맑음,단일로 - 횡단보도상,이륜,남,44세,상해없음,보행자,남,7세,경상
2012091900100418,2012년 9월 19일 18시,수요일,충청남도 금산군 추부면,경상사고,0,0,1,0,차대차 - 기타,안전운전불이행,건조,맑음,단일로 - 기타,원동기,남,24세,상해없음,자전거,남,23세,경상
2012091900100464,2012년 9월 19일 19시,수요일,충청남도 서천군 한산면,중상사고,0,2,2,0,차대차 - 기타,중앙선침범,건조,기타,단일로 - 기타,승용,남,55세,중상,승용,여,45세,경상
2012091900100522,2012년 9월 19일 21시,수요일,충청남도 천안시 서북구 성정동,경상사고,0,0,1,0,차대차 - 측면직각충돌,교차로운행방법위반,건조,맑음,교차로 - 교차로안,승합,남,57세,상해없음,이륜,남,35세,경상
2012091900100523,2012년 9월 19일 21시,수요일,충청남도 아산시 남동,경상사고,0,0,1,0,차대차 - 추돌 - 주정차중,안전운전불이행,건조,맑음,교차로 - 교차로부근,승용,남,29세,상해없음,승용,여,34세,경상
2012091900100524,2012년 9월 19일 21시,수요일,충청남도 당진시 채운동,중상사고,0,3,1,0,차대차 - 측면직각충돌,신호위반,건조,맑음,단일로 - 기타,승용,남,57세,상해없음,승합,남,61세,중상
2012091900100551,2012년 9월 19일 22시,수요일,충청남도 천안시 서북구 성정동,중상사고,0,1,0,0,차대차 - 추돌 - 주정차중,안전운전불이행,건조,맑음,단일로 - 기타,승용,남,28세,상해없음,승용,남,32세,기타불명
2012091900100552,2012년 9월 19일 22시,수요일,충청남도 천안시 서북구 쌍용동,중상사고,0,1,0,0,차대차 - 추돌 - 진행중,안전운전불이행,건조,맑음,교차로 - 교차로부근,이륜,남,69세,중상,승합,여,43세,상해없음
2012091900100553,2012년 9월 19일 22시,수요일,충청남도 천안시 서북구 성환읍,경상사고,0,0,4,0,차대차 - 추돌 - 주정차중,안전운전불이행,건조,맑음,교차로 - 교차로부근,화물,남,55세,상해없음,승용,남,37세,경상
2012092000100017,2012년 9월 20일 00시,목요일,충청남도 청양군 청양읍,경상사고,0,0,1,0,차대차 - 추돌 - 주정차중,안전운전불이행,건조,맑음,단일로 - 기타,승용,남,50세,경상,화물,남,53세,기타불명
2012092000100089,2012년 9월 20일 06시,목요일,충청남도 천안시 서북구 성환읍,경상사고,0,0,1,0,차대차 - 기타,안전운전불이행,건조,맑음,교차로 - 교차로안,화물,남,43세,상해없음,승용,남,29세,경상
2012092000100090,2012년 9월 20일 06시,목요일,충청남도 논산시 연무읍,중상사고,0,1,1,0,차대차 - 측면직각충돌,신호위반,건조,맑음,교차로 - 교차로안,화물,남,57세,기타불명,승용,남,47세,중상
2012092000100091,2012년 9월 20일 06시,목요일,충청남도 당진시 신평면,사망사고,1,0,0,0,차대차 - 추돌 - 주정차중,안전운전불이행,건조,맑음,단일로 - 기타,화물,남,29세,상해없음,승용,남,70세,사망
2012092000100117,2012년 9월 20일 07시,목요일,충청남도 공주시 정안면,중상사고,0,2,1,0,차대차 - 추돌 - 진행중,교차로운행방법위반,건조,맑음,교차로 - 교차로부근,승용,남,25세,상해없음,승합,남,40세,경상
2012092000100119,2012년 9월 20일 07시,목요일,충청남도 당진시 신평면,사망사고,1,0,0,0,차대차 - 측면직각충돌,안전운전불이행,건조,맑음,교차로 - 교차로안,승용,남,44세,사망,화물,남,42세,상해없음
2012092000100120,2012년 9월 20일 07시,목요일,충청남도 당진시 석문면,경상사고,0,0,3,0,차대차 - 추돌 - 진행중,안전운전불이행,건조,맑음,단일로 - 기타,화물,남,68세,상해없음,농기계,남,72세,경상
2012092000100183,2012년 9월 20일 09시,목요일,충청남도 천안시 서북구 두정동,경상사고,0,0,1,0,차대사람 - 기타,안전운전불이행,건조,맑음,단일로 - 기타,승용,남,25세,상해없음,보행자,남,41세,경상