사고번호,사고일시,요일,시군구,사고내용,사망자수,중상자수,경상자수,부상신고자수,사고유형,법규위반,노면상태,기상상태,도로형태,가해운전자 차종,가해운전자 성별,가해운전자 연령,가해운전자 상해정도,피해운전자 차종,피해운전자 성별,피해운전자 연령,피해운전자 상해정도
2012092000100206,2012년 9월 20일 10시,목요일,충청남도 서천군 장항읍,경상사고,0,0,1,0,차대차 - 기타,직진우회전진행방해,건조,맑음,교차로 - 교차로안,승합,남,64세,상해없음,화물,남,41세,경상
2012092000100207,2012년 9월 20일 10시,목요일,충청남도 공주시 산성동,사망사고,1,0,0,0,차대사람 - 횡단중,보행자보호의무위반,건조,맑음,단일로 - 횡단보도상,승합,남,42세,상해없음,보행자,남,83세,사망
2012092000100208,2012년 9월 20일 10시,목요일,충청남도 천안시 동남구 신방동,부상신고사고,0,0,0,1,차대차 - 기타,교차로운행방법위반,건조,맑음,교차로 - 교차로안,승용,여,48세,상해없음,승합,남,34세,부상신고
2012092000100230,2012년 9월 20일 11시,목요일,충청남도 천안시 서북구 성환읍,경상사고,0,0,1,0,차대차 - 기타,안전운전불이행,건조,맑음,교차로 - 교차로부근,화물,남,43세,상해없음,자전거,남,60세,경상
2012092000100231,2012년 9월 20일 11시,목요일,충청남도 보령시 신흑동,경상사고,0,0,2,0,차대차 - 측면직각충돌,직진우회전진행방해,건조,맑음,교차로 - 교차로안,승용,남,37세,상해없음,승합,남,41세,상해없음
2012092000100310,2012년 9월 20일 14시,목요일,충청남도 천안시 서북구 쌍용동,경상사고,0,0,1,0,차대차 - 기타,안전운전불이행,건조,맑음,기타 - 기타,승용,남,31세,상해없음,이륜,남,64세,경상
2012092000100334,2012년 9월 20일 15시,목요일,충청남도 서천군 서천읍,경상사고,0,0,1,0,차대차 - 기타,직진우회전진행방해,건조,맑음,교차로 - 교차로안,승용,여,47세,상해없음,승용,여,55세,경상
2012092000100447,2012년 9월 20일 18시,목요일,충청남도 태안군 태안읍,중상사고,0,1,0,0,차대사람 - 횡단중,안전운전불이행,건조,맑음,단일로 - 기타,승용,남,38세,상해없음,보행자,남,68세,중상
2012092000100448,2012년 9월 20일 18시,목요일,충청남도 공주시 계룡면,중상사고,0,1,0,0,차대차 - 측면직각충돌,교차로운행방법위반,건조,맑음,교차로 - 교차로안,승용,남,67세,중상,승합,남,67세,상해없음
2012092000100449,2012년 9월 20일 18시,목요일,충청남도 예산군 예산읍,경상사고,0,0,1,0,차대차 - 측면직각충돌,차로위반,건조,맑음,단일로 - 기타,기타불명,기타불명,기타불명,기타불명,이륜,남,50세,경상
2012092000100450,2012년 9월 20일 18시,목요일,충청남도 예산군 신양면,경상사고,0,0,1,0,차량단독 - 기타,안전운전불이행,건조,맑음,단일로 - 기타,이륜,남,71세,경상,,,,
2012092000100451,2012년 9월 20일 18시,목요일,충청남도 천안시 동남구 신부동,경상사고,0,0,2,0,차대차 - 추돌 - 진행중,안전운전불이행,건조,맑음,교차로 - 교차로안,승용,남,57세,기타불명,승용,여,34세,경상
2012092000100496,2012년 9월 20일 19시,목요일,충청남도 서천군 장항읍,중상사고,0,1,0,0,차대차 - 기타,직진우회전진행방해,건조,맑음,교차로 - 교차로안,승용,남,45세,상해없음,이륜,남,40세,중상
2012092000100498,2012년 9월 20일 19시,목요일,충청남도 당진시 순성면,경상사고,0,0,1,0,차대차 - 정면충돌,중앙선침범,건조,맑음,단일로 - 기타,승용,남,55세,상해없음,화물,여,59세,경상
2012092000100585,2012년 9월 20일 21시,목요일,충청남도 홍성군 홍성읍,경상사고,0,0,1,0,차대차 - 측면직각충돌,신호위반,건조,맑음,교차로 - 교차로안,승용,남,57세,상해없음,승용,남,55세,상해없음
2012092100100040,2012년 9월 21일 02시,금요일,충청남도 당진시 신평면,경상사고,0,0,2,0,차대차 - 기타,안전운전불이행,건조,맑음,단일로 - 교량,화물,남,25세,상해없음,승용,남,42세,경상
2012092100100054,2012년 9월 21일 03시,금요일,충청남도 논산시 지산동,중상사고,0,2,0,0,차대차 - 측면직각충돌,중앙선침범,건조,맑음,단일로 - 기타,승용,남,27세,중상,승용,남,62세,중상
2012092100100090,2012년 9월 21일 06시,금요일,충청남도 계룡시 엄사면,경상사고,0,0,1,0,차대차 - 측면직각충돌,안전운전불이행,건조,맑음,단일로 - 기타,승용,남,33세,상해없음,승용,남,64세,경상
2012092100100091,2012년 9월 21일 06시,금요일,충청남도 당진시 송악읍,경상사고,0,0,1,0,차대차 - 추돌 - 진행중,안전운전불이행,건조,맑음,단일로 - 기타,승용,남,32세,상해없음,승용,남,62세,경상
2012092100100110,2012년 9월 21일 07시,금요일,충청남도 천안시 동남구 목천읍,중상사고,0,2,3,0,차대차 - 기타,중앙선침범,건조,맑음,단일로 - 기타,승용,기타불명,기타불명,기타불명,승합,남,52세,상해없음
2012092100100142,2012년 9월 21일 08시,금요일,충청남도 계룡시 엄사면,중상사고,0,1,2,0,차대차 - 추돌 - 주정차중,안전운전불이행,건조,맑음,교차로 - 교차로부근,승합,남,63세,상해없음,승용,여,42세,중상
2012092100100143,2012년 9월 21일 08시,금요일,충청남도 아산시 배방읍,경상사고,0,0,1,0,차대차 - 측면직각충돌,안전운전불이행,건조,맑음,단일로 - 기타,화물,남,49세,상해없음,승용,여,26세,경상
2012092100100144,2012년 9월 21일 08시,금요일,충청남도 서천군 마서면,중상사고,0,1,1,0,차대차 - 기타,신호위반,건조,맑음,교차로 - 교차로안,승용,남,31세,상해없음,승용,여,35세,중상
2012092100100175,2012년 9월 21일 09시,금요일,충청남도 예산군 삽교읍,경상사고,0,0,1,0,차대차 - 추돌 - 진행중,안전거리미확보,건조,맑음,교차로 - 교차로부근,화물,남,48세,상해없음,승용,남,27세,경상
2012092100100176,2012년 9월 21일 09시,금요일,충청남도 천안시 동남구 구룡동,중상사고,0,1,0,0,차량단독 - 기타,안전운전불이행,건조,맑음,교차로 - 교차로부근,승용,남,46세,상해없음,,,,
2012092100100207,2012년 9월 21일 10시,금요일,충청남도 금산군 금산읍,경상사고,0,0,1,0,차대사람 - 기타,신호위반,건조,맑음,교차로 - 교차로부근,승합,남,53세,상해없음,보행자,남,46세,경상
2012092100100236,2012년 9월 21일 11시,금요일,충청남도 서천군 장항읍,경상사고,0,0,4,0,차대차 - 기타,직진우회전진행방해,건조,맑음,교차로 - 교차로안,화물,남,70세,경상,승용,여,50세,경상
2012092100100237,2012년 9월 21일 11시,금요일,충청남도 서천군 서면,경상사고,0,0,2,0,차대차 - 추돌 - 진행중,안전운전불이행,건조,맑음,단일로 - 기타,승용,남,60세,상해없음,승용,여,29세,경상
2012092100100260,2012년 9월 21일 12시,금요일,충청남도 논산시 은진면,경상사고,0,0,1,0,차대차 - 측면직각충돌,안전운전불이행,건조,맑음,단일로 - 기타,이륜,남,86세,경상,승용,남,23세,상해없음
2012092100100261,2012년 9월 21일 12시,금요일,충청남도 공주시 우성면,중상사고,0,1,0,0,차대차 - 측면직각충돌,교차로운행방법위반,건조,맑음,단일로 - 기타,이륜,남,77세,중상,화물,남,60세,상해없음
2012092100100320,2012년 9월 21일 14시,금요일,충청남도 서산시 읍내동,중상사고,0,1,0,0,차대사람 - 횡단중,보행자보호의무위반,건조,맑음,교차로 - 교차로안,승용,여,41세,상해없음,보행자,남,22세,중상
2012092100100321,2012년 9월 21일 14시,금요일,충청남도 천안시 서북구 직산읍,경상사고,0,0,1,0,차대차 - 추돌 - 주정차중,안전거리미확보,건조,맑음,단일로 - 기타,화물,남,48세,상해없음,승용,남,32세,경상
2012092100100322,2012년 9월 21일 14시,금요일,충청남도 천안시 서북구 백석동,경상사고,0,0,2,0,차대차 - 기타,안전운전불이행,건조,맑음,단일로 - 기타,화물,남,28세,상해없음,승용,남,42세,상해없음
2012092100100323,2012년 9월 21일 14시,금요일,충청남도 예산군 예산읍,중상사고,0,1,0,0,차대차 - 기타,안전운전불이행,건조,맑음,단일로 - 기타,기타불명,기타불명,기타불명,기타불명,이륜,남,82세,중상
2012092100100351,2012년 9월 21일 15시,금요일,충청남도 당진시 송산면,경상사고,0,0,1,0,차대차 - 기타,안전거리미확보,건조,맑음,단일로 - 기타,건설기계,남,57세,상해없음,승용,남,30세,경상
2012092100100378,2012년 9월 21일 16시,금요일,충청남도 예산군 오가면,경상사고,0,0,2,0,차대차 - 측면직각충돌,안전운전불이행,건조,맑음,교차로 - 교차로부근,화물,여,66세,상해없음,승용,여,23세,경상
2012092100100411,2012년 9월 21일 17시,금요일,충청남도 서산시 해미면,중상사고,0,1,0,0,차대차 - 측면직각충돌,차로위반,건조,맑음,단일로 - 기타,원동기,남,61세,중상,승용,남,47세,상해없음
2012092100100412,2012년 9월 21일 17시,금요일,충청남도 홍성군 홍성읍,중상사고,0,1,0,0,차대차 - 측면직각충돌,교차로운행방법위반,건조,맑음,교차로 - 교차로안,승용,여,57세,상해없음,농기계,남,83세,중상
2012092100100450,2012년 9월 21일 18시,금요일,충청남도 천안시 서북구 쌍용동,부상신고사고,0,0,0,1,차대차 - 추돌 - 진행중,안전운전불이행,건조,맑음,단일로 - 기타,이륜,남,53세,부상신고,승용,남,48세,상해없음
2012092100100451,2012년 9월 21일 18시,금요일,충청남도 서천군 서천읍,중상사고,0,1,0,0,차대차 - 기타,교차로운행방법위반,건조,맑음,교차로 - 교차로안,자전거,남,72세,중상,승용,남,44세,상해없음
2012092100100505,2012년 9월 21일 19시,금요일,충청남도 서산시 성연면,사망사고,1,0,0,0,차대사람 - 횡단중,신호위반,건조,맑음,교차로 - 교차로안,화물,남,31세,상해없음,보행자,남,65세,사망
2012092100100506,2012년 9월 21일 19시,금요일,충청남도 천안시 서북구 성거읍,중상사고,0,1,0,0,차대차 - 추돌 - 진행중,안전운전불이행,건조,맑음,교차로 - 교차로부근,이륜,남,48세,중상,승용,여,29세,상해없음
2012092100100507,2012년 9월 21일 19시,금요일,충청남도 아산시 둔포면,사망사고,1,0,1,0,차대차 - 정면충돌,중앙선침범,건조,맑음,단일로 - 기타,원동기,남,60세,사망,승용,여,29세,경상
2012092100100508,2012년 9월 21일 19시,금요일,충청남도 아산시 배방읍,중상사고,0,1,4,0,차대차 - 추돌 - 진행중,안전거리미확보,건조,맑음,단일로 - 기타,승용,남,51세,상해없음,승용,남,24세,중상
2012092100100509,2012년 9월 21일 19시,금요일,충청남도 천안시 동남구 신부동,경상사고,0,0,2,0,차대차 - 측면직각충돌,안전거리미확보,건조,맑음,단일로 - 기타,승용,남,52세,상해없음,승용,여,54세,상해없음
2012092100100552,2012년 9월 21일 20시,금요일,충청남도 아산시 배방읍,중상사고,0,1,0,0,차대차 - 기타,안전운전불이행,건조,맑음,교차로 - 교차로안,승용,남,28세,상해없음,승용,남,30세,중상
2012092100100553,2012년 9월 21일 20시,금요일,충청남도 천안시 동남구 원성동,경상사고,0,0,2,0,차대차 - 추돌 - 진행중,안전거리미확보,건조,맑음,단일로 - 기타,승용,남,47세,상해없음,화물,남,39세,경상
2012092100100593,2012년 9월 21일 21시,금요일,충청남도 서산시 동문동,사망사고,1,0,0,0,차대사람 - 횡단중,보행자보호의무위반,건조,맑음,단일로 - 횡단보도상,승용,남,30세,상해없음,보행자,남,51세,사망
2012092100100594,2012년 9월 21일 21시,금요일,충청남도 논산시 연무읍,중상사고,0,1,0,0,차대사람 - 횡단중,교차로운행방법위반,건조,맑음,교차로 - 교차로안,승합,남,52세,상해없음,보행자,여,73세,중상
2012092100100668,2012년 9월 21일 23시,금요일,충청남도 금산군 금산읍,사망사고,1,0,0,0,차량단독 - 기타,안전운전불이행,건조,맑음,단일로 - 기타,원동기,남,45세,사망,,,,
2012092200100014,2012년 9월 22일 00시,토요일,충청남도 논산시 연무읍,경상사고,0,0,2,0,차대차 - 추돌 - 주정차중,안전운전불이행,건조,맑음,단일로 - 기타,특수,남,48세,상해없음,화물,남,73세,경상
2012092200100042,2012년 9월 22일 01시,토요일,충청남도 천안시 서북구 성정동,경상사고,0,0,2,0,차대사람 - 기타,안전운전불이행,건조,맑음,단일로 - 기타,승용,남,26세,경상,보행자,남,52세,경상
2012092200100043,2012년 9월 22일 01시,토요일,충청남도 천안시 서북구 성정동,경상사고,0,0,2,0,차대차 - 기타,안전운전불이행,건조,맑음,단일로 - 기타,승용,기타불명,기타불명,기타불명,승용,남,30세,경상
2012092200100073,2012년 9월 22일 03시,토요일,충청남도 당진시 송악읍,경상사고,0,0,1,0,차량단독 - 전도전복,안전운전불이행,건조,맑음,교차로 - 교차로안,승용,남,26세,상해없음,,,,
2012092200100094,2012년 9월 22일 05시,토요일,충청남도 천안시 서북구 성정동,중상사고,0,1,1,0,차대차 - 기타,신호위반,건조,맑음,교차로 - 교차로안,승용,남,64세,중상,승용,여,60세,경상
2012092200100095,2012년 9월 22일 05시,토요일,충청남도 천안시 서북구 신당동,경상사고,0,0,1,0,차대차 - 기타,중앙선침범,건조,맑음,기타 - 기타,승용,남,33세,상해없음,승용,남,44세,경상
2012092200100096,2012년 9월 22일 05시,토요일,충청남도 천안시 동남구 신부동,경상사고,0,0,2,0,차대차 - 측면직각충돌,중앙선침범,건조,맑음,교차로 - 교차로부근,승용,남,22세,상해없음,승용,남,61세,경상
2012092200100097,2012년 9월 22일 05시,토요일,충청남도 천안시 동남구 구성동,경상사고,0,0,1,0,차대차 - 추돌 - 주정차중,안전거리미확보,건조,맑음,교차로 - 교차로부근,승용,남,38세,상해없음,승용,남,37세,경상
2012092200100136,2012년 9월 22일 07시,토요일,충청남도 서천군 종천면,중상사고,0,1,1,0,차대차 - 기타,신호위반,건조,맑음,교차로 - 교차로안,이륜,남,73세,경상,승용,남,50세,상해없음
2012092200100185,2012년 9월 22일 09시,토요일,충청남도 논산시 내동,경상사고,0,0,1,0,차대사람 - 횡단중,보행자보호의무위반,건조,맑음,교차로 - 교차로안,기타불명,기타불명,기타불명,기타불명,보행자,남,6세,경상
2012092200100186,2012년 9월 22일 09시,토요일,충청남도 서천군 서천읍,중상사고,0,1,0,0,차대차 - 기타,중앙선침범,건조,맑음,단일로 - 기타,화물,남,68세,상해없음,이륜,여,66세,중상
2012092200100217,2012년 9월 22일 10시,토요일,충청남도 천안시 서북구 백석동,경상사고,0,0,1,0,차대차 - 측면직각충돌,신호위반,건조,맑음,교차로 - 교차로안,원동기,남,19세,경상,승용,남,42세,상해없음
2012092200100218,2012년 9월 22일 10시,토요일,충청남도 서천군 기산면,중상사고,0,1,0,0,차대사람 - 기타,안전운전불이행,건조,맑음,교차로 - 교차로안,승용,남,57세,상해없음,보행자,여,45세,중상
2012092200100219,2012년 9월 22일 10시,토요일,충청남도 서천군 종천면,경상사고,0,0,1,0,차대차 - 기타,안전운전불이행,건조,맑음,단일로 - 기타,승합,남,22세,상해없음,농기계,남,65세,경상
2012092200100220,2012년 9월 22일 10시,토요일,충청남도 공주시 의당면,중상사고,0,2,0,0,차대차 - 측면직각충돌,안전운전불이행,건조,맑음,교차로 - 교차로안,이륜,남,56세,중상,승용,남,53세,상해없음
2012092200100318,2012년 9월 22일 13시,토요일,충청남도 서산시 음암면,경상사고,0,0,1,0,차대차 - 추돌 - 주정차중,안전운전불이행,건조,맑음,교차로 - 교차로부근,이륜,남,60세,경상,승용,여,37세,상해없음
2012092200100349,2012년 9월 22일 14시,토요일,충청남도 서산시 수석동,경상사고,0,0,1,0,차대차 - 기타,안전운전불이행,건조,맑음,단일로 - 기타,원동기,남,34세,경상,승용,여,25세,상해없음
2012092200100350,2012년 9월 22일 14시,토요일,충청남도 천안시 서북구 성환읍,부상신고사고,0,0,0,1,차대사람 - 길가장자리구역통행중,안전운전불이행,건조,맑음,단일로 - 기타,승용,남,70세,상해없음,보행자,남,68세,부상신고
2012092200100379,2012년 9월 22일 15시,토요일,충청남도 논산시 벌곡면,경상사고,0,0,2,0,차대차 - 측면직각충돌,교차로운행방법위반,건조,맑음,교차로 - 교차로안,승용,남,68세,상해없음,승용,남,29세,경상
2012092200100380,2012년 9월 22일 15시,토요일,충청남도 서천군 서천읍,경상사고,0,0,1,0,차대사람 - 기타,안전운전불이행,건조,맑음,단일로 - 기타,화물,남,58세,상해없음,보행자,여,71세,경상
2012092200100381,2012년 9월 22일 15시,토요일,충청남도 금산군 남일면,경상사고,0,0,1,0,차대차 - 측면직각충돌,중앙선침범,건조,맑음,단일로 - 기타,건설기계,남,48세,상해없음,화물,남,30세,경상
2012092200100415,2012년 9월 22일 16시,토요일,충청남도 금산군 금산읍,중상사고,0,3,0,0,차대차 - 측면직각충돌,안전운전불이행,건조,맑음,교차로 - 교차로안,승용,남,58세,상해없음,승합,남,57세,상해없음
2012092200100460,2012년 9월 22일 17시,토요일,충청남도 천안시 서북구 성거읍,경상사고,0,0,1,0,차대사람 - 기타,안전운전불이행,건조,맑음,단일로 - 기타,승용,남,43세,상해없음,보행자,여,38세,경상
2012092200100507,2012년 9월 22일 18시,토요일,충청남도 공주시 옥룡동,중상사고,0,1,0,0,차대사람 - 횡단중,안전운전불이행,건조,맑음,교차로 - 교차로안,승용,남,31세,상해없음,보행자,남,26세,중상
2012092200100508,2012년 9월 22일 18시,토요일,충청남도 당진시 석문면,경상사고,0,0,1,0,차대차 - 측면직각충돌,교차로운행방법위반,건조,맑음,교차로 - 교차로안,승용,남,47세,상해없음,화물,남,65세,경상
2012092200100549,2012년 9월 22일 19시,토요일,충청남도 서산시 해미면,중상사고,0,1,0,0,차대사람 - 차도통행중,안전운전불이행,건조,맑음,교차로 - 교차로안,승용,남,45세,상해없음,보행자,여,6세,중상
2012092200100550,2012년 9월 22일 19시,토요일,충청남도 공주시 이인면,중상사고,0,1,0,0,차대차 - 정면충돌,중앙선침범,건조,맑음,단일로 - 기타,이륜,남,67세,중상,승용,남,32세,상해없음
2012092200100584,2012년 9월 22일 20시,토요일,충청남도 논산시 반월동,경상사고,0,0,1,0,차대차 - 기타,신호위반,건조,맑음,교차로 - 교차로안,승용,남,50세,상해없음,승합,남,66세,상해없음
2012092200100612,2012년 9월 22일 21시,토요일,충청남도 천안시 서북구 성거읍,경상사고,0,0,1,0,차대차 - 측면직각충돌,신호위반,건조,맑음,교차로 - 교차로안,승용,남,62세,상해없음,승용,남,20세,경상
2012092200100613,2012년 9월 22일 21시,토요일,충청남도 천안시 동남구 사직동,경상사고,0,0,1,0,차대사람 - 기타,안전운전불이행,건조,맑음,교차로 - 교차로안,승용,남,61세,상해없음,보행자,남,52세,경상
2012092200100635,2012년 9월 22일 22시,토요일,충청남도 아산시 용화동,중상사고,0,1,1,0,차대차 - 측면직각충돌,교차로운행방법위반,건조,맑음,교차로 - 교차로안,승용,남,37세,상해없음,승용,여,34세,중상
2012092200100636,2012년 9월 22일 22시,토요일,충청남도 아산시 신창면,중상사고,0,2,0,0,차대차 - 측면직각충돌,안전운전불이행,건조,맑음,기타 - 기타,화물,남,50세,상해없음,화물,남,43세,중상
2012092200100669,2012년 9월 22일 23시,토요일,충청남도 논산시 연산면,중상사고,0,1,4,0,차대차 - 추돌 - 주정차중,안전운전불이행,건조,맑음,단일로 - 기타,승용,남,44세,경상,승용,남,21세,중상
2012092300100104,2012년 9월 23일 06시,일요일,충청남도 당진시 송악읍,중상사고,0,1,0,0,차량단독 - 공작물충돌,안전운전불이행,건조,기타,기타 - 기타,승용,남,36세,중상,,,,
2012092300100135,2012년 9월 23일 08시,일요일,충청남도 홍성군 갈산면,경상사고,0,0,1,0,차대차 - 측면직각충돌,교차로운행방법위반,습기,맑음,교차로 - 교차로안,이륜,남,52세,경상,화물,남,43세,상해없음
2012092300100163,2012년 9월 23일 09시,일요일,충청남도 서천군 서천읍,경상사고,0,0,1,0,차대차 - 기타,직진우회전진행방해,건조,맑음,교차로 - 교차로안,승용,남,50세,상해없음,승합,남,54세,상해없음
2012092300100195,2012년 9월 23일 10시,일요일,충청남도 보령시 청라면,중상사고,0,1,0,0,차대차 - 측면직각충돌,직진우회전진행방해,건조,맑음,교차로 - 교차로안,승용,남,54세,상해없음,이륜,남,74세,중상
2012092300100216,2012년 9월 23일 11시,일요일,충청남도 금산군 금산읍,경상사고,0,0,1,0,차대차 - 측면직각충돌,안전운전불이행,건조,맑음,교차로 - 교차로부근,승합,남,68세,상해없음,자전거,남,54세,경상
2012092300100217,2012년 9월 23일 11시,일요일,충청남도 천안시 동남구 신부동,부상신고사고,0,0,0,1,차대사람 - 보도통행중,안전운전불이행,건조,맑음,단일로 - 기타,화물,남,38세,상해없음,보행자,여,67세,부상신고
2012092300100220,2012년 9월 23일 11시,일요일,충청남도 당진시 사기소리,중상사고,0,5,1,0,차대차 - 추돌 - 주정차중,신호위반,건조,맑음,단일로 - 기타,화물,남,58세,상해없음,승용,남,57세,중상
2012092300100239,2012년 9월 23일 12시,일요일,충청남도 천안시 서북구 두정동,경상사고,0,0,1,0,차대차 - 추돌 - 진행중,안전운전불이행,건조,맑음,단일로 - 기타,승용,여,24세,상해없음,자전거,남,48세,경상
2012092300100274,2012년 9월 23일 13시,일요일,충청남도 서산시 석림동,중상사고,0,1,0,0,차대차 - 측면직각충돌,직진우회전진행방해,건조,맑음,교차로 - 교차로안,승용,여,59세,중상,승용,남,44세,상해없음
2012092300100275,2012년 9월 23일 13시,일요일,충청남도 금산군 추부면,중상사고,0,1,0,0,차대차 - 측면직각충돌,직진우회전진행방해,건조,맑음,교차로 - 교차로안,승용,남,64세,상해없음,이륜,남,49세,중상
2012092300100304,2012년 9월 23일 14시,일요일,충청남도 보령시 신흑동,경상사고,0,0,2,0,차대차 - 측면직각충돌,차로위반,건조,맑음,단일로 - 기타,승용,남,27세,상해없음,승용,남,52세,상해없음
2012092300100380,2012년 9월 23일 16시,일요일,충청남도 논산시 은진면,사망사고,1,0,0,0,차량단독 - 전도전복,안전운전불이행,건조,맑음,기타 - 기타,농기계,남,74세,사망,,,,
2012092300100403,2012년 9월 23일 17시,일요일,충청남도 홍성군 광천읍,중상사고,0,1,0,0,차대차 - 정면충돌,안전운전불이행,건조,맑음,단일로 - 기타,이륜,남,16세,중상,승용,남,59세,상해없음
2012092300100404,2012년 9월 23일 17시,일요일,충청남도 당진시 읍내리,경상사고,0,0,2,0,차대차 - 추돌 - 주정차중,안전운전불이행,건조,맑음,단일로 - 기타,화물,남,47세,상해없음,승용,남,71세,경상
2012092300100477,2012년 9월 23일 19시,일요일,충청남도 천안시 동남구 신부동,사망사고,1,1,0,0,차대사람 - 횡단중,안전운전불이행,건조,맑음,단일로 - 기타,승합,남,26세,상해없음,보행자,남,51세,사망
2012092300100503,2012년 9월 23일 20시,일요일,충청남도 천안시 서북구 쌍용동,경상사고,0,0,1,0,차대차 - 추돌 - 주정차중,안전거리미확보,건조,맑음,교차로 - 교차로안,승용,남,50세,상해없음,승용,남,45세,경상
2012092300100504,2012년 9월 23일 20시,일요일,충청남도 천안시 서북구 쌍용동,경상사고,0,0,1,0,차대차 - 추돌 - 진행중,안전운전불이행,건조,맑음,교차로 - 교차로부근,이륜,남,46세,경상,승용,남,51세,상해없음
2012092300100505,2012년 9월 23일 20시,일요일,충청남도 예산군 예산읍,경상사고,0,0,5,0,차대차 - 추돌 - 주정차중,안전거리미확보,건조,맑음,교차로 - 교차로부근,승용,남,52세,경상,승용,남,35세,경상
2012092300100530,2012년 9월 23일 21시,일요일,충청남도 당진시 합덕읍,중상사고,0,2,0,0,차량단독 - 도로외이탈 - 추락,안전운전불이행,건조,맑음,단일로 - 기타,승용,남,38세,중상,,,,
2012092400100009,2012년 9월 24일 00시,월요일,충청남도 보령시 신흑동,경상사고,0,0,3,0,차량단독 - 공작물충돌,안전운전불이행,건조,흐림,교차로 - 교차로안,승용,남,27세,경상,,,,
2012092400100030,2012년 9월 24일 02시,월요일,충청남도 태안군 태안읍,중상사고,0,2,0,0,차대차 - 정면충돌,중앙선침범,건조,흐림,단일로 - 기타,화물,남,40세,중상,승용,남,44세,중상
2012092400100048,2012년 9월 24일 05시,월요일,충청남도 천안시 동남구 목천읍,중상사고,0,1,0,0,차대차 - 추돌 - 진행중,안전운전불이행,건조,맑음,단일로 - 기타,화물,남,51세,중상,화물,남,36세,상해없음
2012092400100065,2012년 9월 24일 06시,월요일,충청남도 공주시 우성면,중상사고,0,1,2,0,차대차 - 정면충돌,안전운전불이행,건조,맑음,단일로 - 기타,승용,남,39세,기타불명,화물,남,61세,경상
2012092400100089,2012년 9월 24일 07시,월요일,충청남도 천안시 서북구 직산읍,경상사고,0,0,1,0,차대사람 - 기타,안전운전불이행,건조,맑음,단일로 - 기타,승용,여,45세,상해없음,보행자,여,22세,경상
2012092400100090,2012년 9월 24일 07시,월요일,충청남도 보령시 명천동,중상사고,0,1,0,0,차대사람 - 횡단중,보행자보호의무위반,건조,맑음,교차로 - 교차로안,승용,남,63세,상해없음,보행자,남,85세,중상
2012092400100177,2012년 9월 24일 09시,월요일,충청남도 서산시 석림동,중상사고,0,1,0,0,차대차 - 기타,안전거리미확보,건조,맑음,교차로 - 교차로부근,원동기,남,78세,중상,승용,여,47세,상해없음
2012092400100207,2012년 9월 24일 10시,월요일,충청남도 천안시 서북구 쌍용동,경상사고,0,0,1,0,차대차 - 측면직각충돌,안전운전불이행,건조,맑음,단일로 - 기타,원동기,남,29세,경상,승합,남,52세,상해없음
2012092400100237,2012년 9월 24일 11시,월요일,충청남도 서천군 장항읍,중상사고,0,1,0,0,차대차 - 기타,안전운전불이행,건조,맑음,기타 - 기타,화물,남,44세,상해없음,자전거,여,69세,중상
2012092400100275,2012년 9월 24일 12시,월요일,충청남도 아산시 영인면,경상사고,0,0,1,0,차대차 - 기타,안전운전불이행,건조,맑음,기타 - 기타,화물,남,44세,상해없음,승용,여,24세,경상
2012092400100306,2012년 9월 24일 13시,월요일,충청남도 천안시 서북구 두정동,경상사고,0,0,1,0,차대사람 - 기타,안전운전불이행,건조,맑음,단일로 - 기타,승용,여,33세,상해없음,보행자,남,50세,경상
2012092400100307,2012년 9월 24일 13시,월요일,충청남도 홍성군 홍성읍,중상사고,0,1,0,0,차대차 - 추돌 - 진행중,안전운전불이행,건조,맑음,단일로 - 기타,화물,남,70세,상해없음,자전거,남,80세,중상
2012092400100337,2012년 9월 24일 14시,월요일,충청남도 천안시 서북구 쌍용동,중상사고,0,1,0,0,차대사람 - 기타,신호위반,건조,맑음,교차로 - 교차로부근,승용,여,37세,상해없음,보행자,남,13세,중상
2012092400100401,2012년 9월 24일 16시,월요일,충청남도 아산시 신창면,경상사고,0,0,3,0,차대차 - 추돌 - 진행중,안전운전불이행,건조,맑음,단일로 - 기타,이륜,남,15세,상해없음,승용,여,36세,경상
2012092400100452,2012년 9월 24일 17시,월요일,충청남도 아산시 권곡동,중상사고,0,1,0,0,차대사람 - 횡단중,보행자보호의무위반,건조,맑음,단일로 - 횡단보도상,승용,남,55세,상해없음,보행자,여,8세,중상
2012092400100453,2012년 9월 24일 17시,월요일,충청남도 천안시 동남구 신부동,경상사고,0,0,1,0,차대차 - 정면충돌,안전운전불이행,건조,맑음,단일로 - 기타,승용,남,65세,상해없음,자전거,남,31세,경상
2012092400100499,2012년 9월 24일 18시,월요일,충청남도 예산군 예산읍,중상사고,0,1,3,0,차대차 - 측면직각충돌,안전운전불이행,건조,맑음,교차로 - 교차로안,화물,남,50세,경상,화물,남,45세,경상
2012092400100500,2012년 9월 24일 18시,월요일,충청남도 당진시 석문면,경상사고,0,0,3,0,차대차 - 추돌 - 진행중,중앙선침범,건조,맑음,단일로 - 기타,승용,남,54세,상해없음,승용,여,56세,경상
2012092400100551,2012년 9월 24일 19시,월요일,충청남도 천안시 서북구 성거읍,경상사고,0,0,1,0,차대사람 - 횡단중,안전운전불이행,건조,맑음,기타 - 기타,승용,여,38세,상해없음,보행자,남,30세,경상
2012092400100552,2012년 9월 24일 19시,월요일,충청남도 천안시 서북구 두정동,경상사고,0,0,1,0,차대차 - 측면직각충돌,신호위반,건조,맑음,교차로 - 교차로안,승합,남,46세,상해없음,이륜,남,52세,경상