사고번호,사고일시,요일,시군구,사고내용,사망자수,중상자수,경상자수,부상신고자수,사고유형,법규위반,노면상태,기상상태,도로형태,가해운전자 차종,가해운전자 성별,가해운전자 연령,가해운전자 상해정도,피해운전자 차종,피해운전자 성별,피해운전자 연령,피해운전자 상해정도
2012092400100553,2012년 9월 24일 19시,월요일,충청남도 금산군 금산읍,경상사고,0,0,1,0,차대사람 - 횡단중,안전운전불이행,건조,맑음,단일로 - 기타,승용,남,73세,상해없음,보행자,여,57세,경상
2012092400100589,2012년 9월 24일 20시,월요일,충청남도 보령시 웅천읍,경상사고,0,0,7,0,차대차 - 추돌 - 진행중,안전거리미확보,건조,맑음,단일로 - 기타,승용,남,54세,경상,승용,남,50세,경상
2012092400100626,2012년 9월 24일 21시,월요일,충청남도 천안시 서북구 쌍용동,경상사고,0,0,1,0,차대차 - 측면직각충돌,안전운전불이행,건조,맑음,교차로 - 교차로부근,화물,남,41세,상해없음,원동기,남,33세,경상
2012092400100627,2012년 9월 24일 21시,월요일,충청남도 계룡시 엄사면,경상사고,0,0,1,0,차대차 - 추돌 - 주정차중,안전운전불이행,건조,맑음,교차로 - 교차로부근,승용,남,28세,상해없음,승용,여,59세,경상
2012092400100658,2012년 9월 24일 22시,월요일,충청남도 천안시 서북구 성환읍,경상사고,0,0,2,0,차대사람 - 횡단중,신호위반,건조,맑음,교차로 - 교차로부근,승용,남,44세,상해없음,보행자,여,19세,경상
2012092400100692,2012년 9월 24일 23시,월요일,충청남도 아산시 둔포면,경상사고,0,0,1,0,차대사람 - 길가장자리구역통행중,안전운전불이행,건조,맑음,기타 - 기타,승용,기타불명,기타불명,기타불명,보행자,남,38세,경상
2012092500100023,2012년 9월 25일 01시,화요일,충청남도 아산시 둔포면,사망사고,1,1,0,0,차대차 - 정면충돌,중앙선침범,건조,맑음,단일로 - 기타,승용,남,47세,사망,승용,남,23세,중상
2012092500100024,2012년 9월 25일 01시,화요일,충청남도 아산시 염치읍,경상사고,0,0,2,0,차대차 - 측면직각충돌,신호위반,건조,맑음,교차로 - 교차로안,승용,남,41세,상해없음,화물,남,44세,경상
2012092500100035,2012년 9월 25일 02시,화요일,충청남도 천안시 서북구 두정동,경상사고,0,0,1,0,차대사람 - 기타,안전운전불이행,건조,맑음,단일로 - 기타,승용,여,23세,상해없음,보행자,남,29세,경상
2012092500100051,2012년 9월 25일 04시,화요일,충청남도 보령시 신흑동,경상사고,0,0,1,0,차대사람 - 횡단중,안전운전불이행,건조,맑음,교차로 - 교차로안,승용,남,19세,상해없음,보행자,남,27세,경상
2012092500100075,2012년 9월 25일 06시,화요일,충청남도 아산시 인주면,중상사고,0,1,0,0,차량단독 - 전도전복,안전운전불이행,건조,맑음,단일로 - 기타,승용,남,27세,상해없음,,,,
2012092500100076,2012년 9월 25일 06시,화요일,충청남도 예산군 응봉면,중상사고,0,1,0,0,차대차 - 측면직각충돌,신호위반,건조,맑음,교차로 - 교차로안,화물,남,41세,상해없음,승용,남,72세,중상
2012092500100142,2012년 9월 25일 08시,화요일,충청남도 아산시 신창면,경상사고,0,0,1,0,차대차 - 측면직각충돌,신호위반,건조,맑음,교차로 - 교차로안,승용,남,58세,상해없음,승용,남,25세,경상
2012092500100143,2012년 9월 25일 08시,화요일,충청남도 당진시 송악읍,경상사고,0,0,1,0,차대차 - 측면직각충돌,교차로운행방법위반,건조,맑음,교차로 - 교차로안,화물,남,34세,상해없음,자전거,남,27세,경상
2012092500100233,2012년 9월 25일 10시,화요일,충청남도 천안시 서북구 성환읍,경상사고,0,0,2,0,차대차 - 기타,안전운전불이행,건조,맑음,기타 - 기타,화물,남,30세,경상,화물,남,50세,경상
2012092500100234,2012년 9월 25일 10시,화요일,충청남도 홍성군 홍성읍,경상사고,0,0,2,0,차대차 - 추돌 - 주정차중,안전운전불이행,건조,맑음,교차로 - 교차로부근,승용,여,45세,상해없음,승용,여,57세,경상
2012092500100235,2012년 9월 25일 10시,화요일,충청남도 서천군 비인면,경상사고,0,0,1,0,차량단독 - 전도전복,안전운전불이행,건조,맑음,단일로 - 기타,이륜,남,66세,경상,,,,
2012092500100236,2012년 9월 25일 10시,화요일,충청남도 금산군 금산읍,중상사고,0,1,1,0,차대차 - 추돌 - 진행중,안전운전불이행,건조,맑음,단일로 - 기타,화물,남,53세,기타불명,농기계,남,72세,경상
2012092500100324,2012년 9월 25일 13시,화요일,충청남도 천안시 서북구 쌍용동,중상사고,0,1,0,0,차대차 - 측면직각충돌,신호위반,건조,맑음,교차로 - 교차로안,승용,남,54세,상해없음,이륜,남,32세,중상
2012092500100326,2012년 9월 25일 13시,화요일,충청남도 천안시 동남구 병천면,중상사고,0,1,0,0,차대사람 - 횡단중,안전운전불이행,건조,맑음,단일로 - 기타,승용,여,36세,상해없음,보행자,남,74세,중상
2012092500100358,2012년 9월 25일 14시,화요일,충청남도 공주시 우성면,중상사고,0,1,0,0,차대차 - 기타,안전운전불이행,건조,맑음,단일로 - 터널,승용,남,33세,상해없음,원동기,여,67세,중상
2012092500100394,2012년 9월 25일 15시,화요일,충청남도 서산시 예천동,중상사고,0,1,1,0,차대차 - 추돌 - 주정차중,안전운전불이행,건조,맑음,교차로 - 교차로부근,화물,남,55세,상해없음,승용,남,41세,중상
2012092500100439,2012년 9월 25일 16시,화요일,충청남도 천안시 서북구 성환읍,부상신고사고,0,0,0,1,차대차 - 추돌 - 주정차중,안전운전불이행,건조,맑음,단일로 - 기타,이륜,남,49세,부상신고,승용,남,23세,상해없음
2012092500100440,2012년 9월 25일 16시,화요일,충청남도 천안시 동남구 광덕면,경상사고,0,0,1,0,차대차 - 추돌 - 진행중,안전운전불이행,건조,맑음,단일로 - 기타,승용,남,50세,상해없음,승용,남,42세,경상
2012092500100486,2012년 9월 25일 17시,화요일,충청남도 논산시 부창동,경상사고,0,0,1,0,차대차 - 측면직각충돌,신호위반,건조,맑음,교차로 - 교차로안,승용,여,34세,상해없음,이륜,남,66세,경상
2012092500100487,2012년 9월 25일 17시,화요일,충청남도 천안시 동남구 다가동,경상사고,0,0,1,0,차대차 - 기타,안전운전불이행,건조,맑음,단일로 - 기타,승용,남,37세,상해없음,자전거,남,8세,경상
2012092500100536,2012년 9월 25일 18시,화요일,충청남도 태안군 소원면,중상사고,0,1,0,0,차대차 - 측면직각충돌,안전운전불이행,건조,맑음,교차로 - 교차로안,이륜,남,54세,중상,화물,남,52세,상해없음
2012092500100537,2012년 9월 25일 18시,화요일,충청남도 예산군 고덕면,중상사고,0,1,0,0,차대차 - 기타,안전운전불이행,건조,맑음,기타 - 기타,화물,여,37세,상해없음,원동기,남,63세,중상
2012092500100538,2012년 9월 25일 18시,화요일,충청남도 천안시 동남구 목천읍,중상사고,0,1,0,0,차량단독 - 기타,안전운전불이행,건조,맑음,단일로 - 기타,승합,남,47세,상해없음,,,,
2012092500100568,2012년 9월 25일 19시,화요일,충청남도 천안시 서북구 직산읍,경상사고,0,0,2,0,차대차 - 추돌 - 진행중,안전운전불이행,건조,맑음,단일로 - 기타,승용,남,34세,상해없음,승용,여,27세,경상
2012092500100569,2012년 9월 25일 19시,화요일,충청남도 홍성군 홍성읍,중상사고,0,1,0,0,차대차 - 기타,중앙선침범,건조,맑음,단일로 - 기타,화물,남,30세,상해없음,이륜,남,17세,중상
2012092500100572,2012년 9월 25일 19시,화요일,충청남도 천안시 동남구 신방동,중상사고,0,2,0,0,차대차 - 측면직각충돌,교차로운행방법위반,건조,맑음,교차로 - 교차로안,승용,남,30세,상해없음,승용,남,25세,중상
2012092500100575,2012년 9월 25일 19시,화요일,충청남도 보령시 대천동,중상사고,0,4,1,1,차대차 - 추돌 - 진행중,안전운전불이행,건조,맑음,단일로 - 기타,승용,여,52세,상해없음,승용,남,51세,중상
2012092500100576,2012년 9월 25일 19시,화요일,충청남도 보령시 대천동,중상사고,0,2,0,0,차대차 - 기타,안전운전불이행,건조,맑음,단일로 - 기타,화물,남,52세,상해없음,화물,남,47세,중상
2012092500100620,2012년 9월 25일 20시,화요일,충청남도 태안군 태안읍,경상사고,0,0,1,0,차대차 - 추돌 - 진행중,안전운전불이행,건조,맑음,단일로 - 기타,승용,남,21세,상해없음,승용,남,29세,경상
2012092500100621,2012년 9월 25일 20시,화요일,충청남도 청양군 대치면,경상사고,0,0,1,0,차대차 - 측면직각충돌,중앙선침범,건조,맑음,단일로 - 기타,승용,여,41세,상해없음,승용,여,60세,경상
2012092600100007,2012년 9월 26일 00시,수요일,충청남도 아산시 배방읍,경상사고,0,0,1,0,차대차 - 추돌 - 주정차중,안전운전불이행,건조,맑음,교차로 - 교차로부근,승용,남,39세,상해없음,승용,여,45세,경상
2012092600100077,2012년 9월 26일 06시,수요일,충청남도 당진시 송산면,경상사고,0,0,14,0,차대차 - 측면직각충돌,신호위반,건조,맑음,교차로 - 교차로안,승용,남,43세,상해없음,승합,남,38세,경상
2012092600100106,2012년 9월 26일 07시,수요일,충청남도 금산군 금산읍,경상사고,0,0,4,0,차대차 - 측면직각충돌,교차로운행방법위반,건조,맑음,교차로 - 교차로안,승용,여,42세,상해없음,승용,여,48세,경상
2012092600100147,2012년 9월 26일 08시,수요일,충청남도 서천군 장항읍,중상사고,0,3,2,1,차대차 - 기타,안전운전불이행,건조,맑음,단일로 - 기타,승용,남,79세,경상,승용,남,45세,중상
2012092600100148,2012년 9월 26일 08시,수요일,충청남도 천안시 서북구 성거읍,중상사고,0,2,1,0,차대차 - 추돌 - 주정차중,안전운전불이행,건조,맑음,단일로 - 기타,승용,남,42세,상해없음,승합,남,49세,중상
2012092600100181,2012년 9월 26일 09시,수요일,충청남도 서산시 동문동,중상사고,0,1,0,0,차대사람 - 기타,안전운전불이행,건조,맑음,단일로 - 기타,승합,남,50세,상해없음,보행자,여,74세,중상
2012092600100182,2012년 9월 26일 09시,수요일,충청남도 홍성군 금마면,중상사고,0,1,0,0,차량단독 - 기타,안전운전불이행,건조,맑음,단일로 - 기타,승합,남,52세,상해없음,,,,
2012092600100183,2012년 9월 26일 09시,수요일,충청남도 공주시 신관동,경상사고,0,0,1,0,차대차 - 측면직각충돌,안전운전불이행,건조,맑음,단일로 - 기타,화물,남,55세,상해없음,승용,남,54세,경상
2012092600100233,2012년 9월 26일 11시,수요일,충청남도 부여군 은산면,중상사고,0,1,0,0,차대사람 - 기타,안전운전불이행,건조,맑음,단일로 - 기타,화물,남,38세,상해없음,보행자,여,83세,중상
2012092600100259,2012년 9월 26일 12시,수요일,충청남도 보령시 주포면,중상사고,0,1,0,0,차대차 - 기타,불법유턴,건조,맑음,교차로 - 교차로부근,승용,남,24세,상해없음,이륜,남,54세,중상
2012092600100260,2012년 9월 26일 12시,수요일,충청남도 부여군 부여읍,중상사고,0,2,0,0,차대차 - 측면직각충돌,신호위반,건조,맑음,교차로 - 교차로안,승용,남,56세,상해없음,이륜,남,69세,중상
2012092600100283,2012년 9월 26일 13시,수요일,충청남도 천안시 서북구 성환읍,경상사고,0,0,1,0,차대사람 - 기타,신호위반,건조,맑음,단일로 - 기타,원동기,남,63세,상해없음,보행자,남,47세,경상
2012092600100284,2012년 9월 26일 13시,수요일,충청남도 홍성군 갈산면,경상사고,0,0,1,0,차대차 - 기타,안전운전불이행,건조,맑음,단일로 - 기타,승용,여,52세,기타불명,승용,여,33세,경상
2012092600100395,2012년 9월 26일 16시,수요일,충청남도 논산시 채운면,중상사고,0,1,0,0,차대차 - 측면직각충돌,안전거리미확보,건조,맑음,단일로 - 기타,원동기,여,60세,중상,승용,남,23세,상해없음
2012092600100425,2012년 9월 26일 17시,수요일,충청남도 서산시 석남동,중상사고,0,1,4,0,차대차 - 추돌 - 주정차중,안전운전불이행,건조,맑음,교차로 - 교차로부근,승용,남,60세,경상,화물,남,35세,경상
2012092600100463,2012년 9월 26일 18시,수요일,충청남도 서산시 읍내동,중상사고,0,1,0,0,차대사람 - 길가장자리구역통행중,안전운전불이행,건조,맑음,교차로 - 교차로부근,자전거,남,16세,상해없음,보행자,남,54세,중상
2012092600100464,2012년 9월 26일 18시,수요일,충청남도 천안시 서북구 입장면,경상사고,0,0,1,0,차대사람 - 기타,안전운전불이행,건조,맑음,단일로 - 기타,화물,남,52세,기타불명,보행자,여,72세,경상
2012092600100465,2012년 9월 26일 18시,수요일,충청남도 서천군 한산면,부상신고사고,0,0,0,1,차량단독 - 전도전복,안전운전불이행,건조,맑음,단일로 - 기타,이륜,남,79세,부상신고,,,,
2012092600100634,2012년 9월 26일 22시,수요일,충청남도 아산시 초사동,중상사고,0,1,0,0,차대차 - 추돌 - 진행중,안전운전불이행,건조,맑음,단일로 - 기타,승용,남,34세,상해없음,승용,여,46세,중상
2012092600100656,2012년 9월 26일 23시,수요일,충청남도 예산군 예산읍,중상사고,0,1,0,0,차대차 - 측면직각충돌,직진우회전진행방해,건조,맑음,교차로 - 교차로안,승용,남,37세,상해없음,이륜,남,22세,중상
2012092700100038,2012년 9월 27일 01시,목요일,충청남도 아산시 실옥동,중상사고,0,1,0,0,차대차 - 측면직각충돌,신호위반,건조,맑음,교차로 - 교차로안,승용,남,31세,상해없음,승용,남,55세,중상
2012092700100094,2012년 9월 27일 06시,목요일,충청남도 공주시 신관동,중상사고,0,1,1,0,차대차 - 측면직각충돌,신호위반,건조,맑음,교차로 - 교차로안,승합,남,58세,중상,승합,남,58세,경상
2012092700100095,2012년 9월 27일 06시,목요일,충청남도 천안시 동남구 원성동,중상사고,0,2,0,0,차대차 - 측면직각충돌,신호위반,건조,맑음,교차로 - 교차로안,승용,남,65세,중상,승용,남,45세,중상
2012092700100096,2012년 9월 27일 06시,목요일,충청남도 천안시 동남구 삼룡동,중상사고,0,1,0,0,차대차 - 기타,안전운전불이행,건조,맑음,단일로 - 기타,승용,남,57세,상해없음,승용,남,40세,중상
2012092700100135,2012년 9월 27일 08시,목요일,충청남도 서산시 음암면,중상사고,0,2,0,0,차대차 - 측면직각충돌,직진우회전진행방해,건조,맑음,교차로 - 교차로안,승용,여,35세,상해없음,원동기,남,73세,중상
2012092700100136,2012년 9월 27일 08시,목요일,충청남도 논산시 연무읍,중상사고,0,1,1,0,차대차 - 추돌 - 주정차중,안전운전불이행,건조,흐림,단일로 - 기타,화물,남,28세,상해없음,승용,여,23세,경상
2012092700100137,2012년 9월 27일 08시,목요일,충청남도 보령시 명천동,경상사고,0,0,1,0,차대사람 - 기타,안전운전불이행,건조,맑음,교차로 - 교차로부근,승용,남,57세,상해없음,보행자,여,10세,경상
2012092700100138,2012년 9월 27일 08시,목요일,충청남도 금산군 금성면,중상사고,0,1,0,0,차대차 - 측면직각충돌,교차로운행방법위반,건조,맑음,교차로 - 교차로안,이륜,남,77세,중상,화물,남,74세,상해없음
2012092700100177,2012년 9월 27일 09시,목요일,충청남도 서산시 음암면,중상사고,0,1,1,0,차대차 - 정면충돌,중앙선침범,건조,맑음,단일로 - 기타,승용,여,26세,경상,화물,남,33세,중상
2012092700100272,2012년 9월 27일 12시,목요일,충청남도 천안시 서북구 성정동,경상사고,0,0,1,0,차대차 - 기타,신호위반,건조,맑음,교차로 - 교차로안,승용,여,29세,상해없음,승용,남,29세,경상
2012092700100295,2012년 9월 27일 13시,목요일,충청남도 천안시 서북구 성환읍,사망사고,1,0,0,0,차대사람 - 기타,보행자보호의무위반,습기,맑음,단일로 - 기타,기타불명,기타불명,기타불명,기타불명,보행자,남,24세,사망
2012092700100328,2012년 9월 27일 14시,목요일,충청남도 예산군 삽교읍,중상사고,0,1,0,0,차대차 - 기타,안전운전불이행,건조,맑음,단일로 - 기타,승용,여,42세,상해없음,이륜,남,58세,중상
2012092700100329,2012년 9월 27일 14시,목요일,충청남도 천안시 동남구 신방동,중상사고,0,1,0,0,차대차 - 측면직각충돌,교차로운행방법위반,건조,맑음,교차로 - 교차로안,승용,여,41세,상해없음,이륜,남,44세,중상
2012092700100394,2012년 9월 27일 16시,목요일,충청남도 논산시 대교동,중상사고,0,1,0,0,차대사람 - 기타,안전운전불이행,건조,흐림,교차로 - 교차로부근,승용,남,37세,상해없음,보행자,여,47세,중상
2012092700100439,2012년 9월 27일 17시,목요일,충청남도 서산시 해미면,중상사고,0,1,0,0,차대사람 - 횡단중,안전운전불이행,건조,맑음,단일로 - 기타,승용,남,43세,상해없음,보행자,여,19세,중상
2012092700100478,2012년 9월 27일 18시,목요일,충청남도 공주시 유구읍,사망사고,1,0,0,0,차대사람 - 횡단중,안전운전불이행,건조,맑음,단일로 - 기타,승용,남,38세,상해없음,보행자,여,78세,사망
2012092700100526,2012년 9월 27일 19시,목요일,충청남도 논산시 취암동,경상사고,0,0,3,0,차대차 - 측면직각충돌,교차로운행방법위반,건조,맑음,교차로 - 교차로안,승용,남,49세,상해없음,화물,남,52세,경상
2012092700100527,2012년 9월 27일 19시,목요일,충청남도 아산시 염치읍,중상사고,0,1,1,0,차대차 - 추돌 - 진행중,안전운전불이행,건조,맑음,단일로 - 기타,승용,남,50세,상해없음,승용,남,68세,중상
2012092700100529,2012년 9월 27일 19시,목요일,충청남도 금산군 제원면,중상사고,0,1,0,0,차대차 - 측면직각충돌,중앙선침범,건조,흐림,단일로 - 기타,이륜,남,62세,중상,승용,남,26세,상해없음
2012092700100611,2012년 9월 27일 21시,목요일,충청남도 천안시 서북구 성정동,경상사고,0,0,1,0,차대차 - 추돌 - 주정차중,안전운전불이행,건조,맑음,교차로 - 교차로부근,승용,남,41세,상해없음,승용,남,37세,경상
2012092700100647,2012년 9월 27일 22시,목요일,충청남도 천안시 서북구 백석동,경상사고,0,0,2,0,차대차 - 추돌 - 주정차중,안전운전불이행,건조,맑음,교차로 - 교차로부근,승용,남,58세,상해없음,승용,남,32세,경상
2012092800100058,2012년 9월 28일 02시,금요일,충청남도 아산시 탕정면,경상사고,0,0,1,0,차대차 - 측면직각충돌,안전운전불이행,건조,맑음,교차로 - 교차로부근,이륜,남,17세,경상,승용,남,48세,상해없음
2012092800100086,2012년 9월 28일 05시,금요일,충청남도 천안시 서북구 백석동,경상사고,0,0,1,0,차대차 - 추돌 - 주정차중,안전운전불이행,건조,맑음,교차로 - 교차로부근,승용,남,45세,상해없음,승용,남,23세,상해없음
2012092800100157,2012년 9월 28일 08시,금요일,충청남도 천안시 서북구 성거읍,중상사고,0,1,12,8,차대차 - 추돌 - 주정차중,안전거리미확보,건조,맑음,교차로 - 교차로부근,승합,남,40세,상해없음,승용,남,48세,부상신고
2012092800100202,2012년 9월 28일 09시,금요일,충청남도 서천군 장항읍,경상사고,0,0,1,0,차대차 - 기타,안전운전불이행,건조,맑음,단일로 - 횡단보도부근,자전거,남,78세,경상,승용,여,56세,상해없음
2012092800100237,2012년 9월 28일 10시,금요일,충청남도 논산시 가야곡면,중상사고,0,1,0,0,차대차 - 기타,교차로운행방법위반,건조,맑음,교차로 - 교차로안,원동기,남,75세,중상,화물,남,58세,상해없음
2012092800100300,2012년 9월 28일 12시,금요일,충청남도 서산시 예천동,중상사고,0,2,1,0,차대차 - 측면직각충돌,안전운전불이행,건조,흐림,교차로 - 교차로부근,화물,남,46세,상해없음,승용,여,53세,중상
2012092800100301,2012년 9월 28일 12시,금요일,충청남도 예산군 오가면,중상사고,0,1,1,0,차대차 - 측면직각충돌,중앙선침범,건조,맑음,단일로 - 기타,승용,여,51세,중상,화물,남,38세,경상
2012092800100390,2012년 9월 28일 14시,금요일,충청남도 보령시 성주면,경상사고,0,0,4,0,차대차 - 측면직각충돌,직진우회전진행방해,습기,비,교차로 - 교차로안,승용,남,35세,경상,화물,남,40세,경상
2012092800100391,2012년 9월 28일 14시,금요일,충청남도 천안시 동남구 오룡동,중상사고,0,1,0,0,차대사람 - 기타,안전운전불이행,건조,맑음,단일로 - 기타,승용,남,35세,상해없음,보행자,여,52세,중상
2012092800100422,2012년 9월 28일 15시,금요일,충청남도 논산시 연무읍,중상사고,0,1,0,0,차대차 - 기타,안전운전불이행,건조,맑음,단일로 - 기타,기타불명,기타불명,기타불명,기타불명,자전거,여,78세,중상
2012092800100475,2012년 9월 28일 16시,금요일,충청남도 서산시 잠홍동,경상사고,0,0,3,0,차대차 - 추돌 - 진행중,안전운전불이행,건조,맑음,단일로 - 기타,승용,남,35세,상해없음,화물,여,38세,경상
2012092800100476,2012년 9월 28일 16시,금요일,충청남도 천안시 서북구 성거읍,중상사고,0,1,1,0,차대차 - 추돌 - 주정차중,안전운전불이행,건조,흐림,교차로 - 교차로부근,화물,남,61세,상해없음,승용,남,41세,경상
2012092800100477,2012년 9월 28일 16시,금요일,충청남도 천안시 서북구 성거읍,중상사고,0,2,0,0,차대차 - 추돌 - 진행중,안전운전불이행,습기,흐림,단일로 - 기타,화물,남,24세,상해없음,승용,남,54세,중상
2012092800100478,2012년 9월 28일 16시,금요일,충청남도 예산군 광시면,중상사고,0,1,1,0,차대차 - 추돌 - 진행중,안전운전불이행,습기,흐림,단일로 - 기타,이륜,남,73세,중상,승용,여,35세,상해없음
2012092800100523,2012년 9월 28일 17시,금요일,충청남도 서산시 석남동,경상사고,0,0,1,0,차대차 - 측면직각충돌,안전운전불이행,건조,맑음,교차로 - 교차로안,승용,남,44세,상해없음,원동기,남,70세,경상
2012092800100524,2012년 9월 28일 17시,금요일,충청남도 청양군 청양읍,중상사고,0,1,1,0,차대차 - 측면직각충돌,직진우회전진행방해,건조,맑음,교차로 - 교차로안,승용,남,68세,상해없음,화물,남,60세,경상
2012092800100583,2012년 9월 28일 18시,금요일,충청남도 천안시 서북구 쌍용동,중상사고,0,1,0,0,차대사람 - 기타,안전운전불이행,건조,맑음,단일로 - 횡단보도상,승용,여,40세,상해없음,보행자,여,37세,중상
2012092800100647,2012년 9월 28일 19시,금요일,충청남도 논산시 취암동,중상사고,0,1,0,0,차대차 - 기타,신호위반,건조,맑음,교차로 - 교차로안,원동기,남,17세,중상,승용,남,53세,상해없음
2012092800100648,2012년 9월 28일 19시,금요일,충청남도 아산시 염치읍,중상사고,0,1,2,0,차대차 - 정면충돌,중앙선침범,건조,맑음,교차로 - 교차로안,승용,여,22세,경상,승용,남,26세,중상
2012092800100649,2012년 9월 28일 19시,금요일,충청남도 천안시 동남구 다가동,중상사고,0,3,12,0,차대차 - 추돌 - 진행중,안전운전불이행,건조,맑음,단일로 - 교량,승합,남,52세,상해없음,승용,여,32세,중상
2012092800100733,2012년 9월 28일 21시,금요일,충청남도 천안시 서북구 두정동,경상사고,0,0,1,0,차대차 - 기타,안전운전불이행,건조,맑음,단일로 - 기타,승용,남,29세,상해없음,승합,남,43세,경상
2012092800100774,2012년 9월 28일 22시,금요일,충청남도 보령시 미산면,사망사고,1,0,0,0,차대사람 - 횡단중,보행자보호의무위반,건조,맑음,단일로 - 횡단보도부근,승용,남,40세,상해없음,보행자,남,37세,사망
2012092800100807,2012년 9월 28일 23시,금요일,충청남도 아산시 둔포면,경상사고,0,0,3,0,차대차 - 측면직각충돌,안전운전불이행,건조,맑음,단일로 - 기타,승용,남,28세,기타불명,승용,남,36세,경상
2012092900100138,2012년 9월 29일 07시,토요일,충청남도 보령시 동대동,경상사고,0,0,1,0,차대차 - 측면직각충돌,신호위반,건조,맑음,교차로 - 교차로안,승용,남,42세,상해없음,승용,남,30세,경상
2012092900100139,2012년 9월 29일 07시,토요일,충청남도 천안시 동남구 구성동,경상사고,0,0,2,0,차대차 - 추돌 - 주정차중,안전운전불이행,건조,맑음,단일로 - 기타,화물,남,22세,상해없음,승용,남,37세,경상
2012092900100165,2012년 9월 29일 08시,토요일,충청남도 예산군 예산읍,중상사고,0,1,2,0,차대차 - 측면직각충돌,신호위반,건조,맑음,교차로 - 교차로안,승합,남,43세,상해없음,승용,여,32세,중상
2012092900100214,2012년 9월 29일 10시,토요일,충청남도 홍성군 서부면,경상사고,0,0,1,0,차대차 - 측면직각충돌,교차로운행방법위반,건조,맑음,교차로 - 교차로안,화물,남,57세,상해없음,승용,여,51세,경상
2012092900100294,2012년 9월 29일 13시,토요일,충청남도 당진시 읍내리,경상사고,0,0,2,0,차대차 - 측면직각충돌,교차로운행방법위반,건조,맑음,교차로 - 교차로안,이륜,남,16세,상해없음,이륜,남,41세,경상
2012092900100317,2012년 9월 29일 14시,토요일,충청남도 서산시 해미면,경상사고,0,0,1,0,차대사람 - 길가장자리구역통행중,안전운전불이행,건조,맑음,단일로 - 기타,기타불명,기타불명,기타불명,기타불명,보행자,여,12세,경상
2012092900100318,2012년 9월 29일 14시,토요일,충청남도 천안시 동남구 사직동,중상사고,0,1,0,0,차대사람 - 기타,안전운전불이행,건조,맑음,단일로 - 횡단보도상,화물,남,60세,상해없음,보행자,여,50세,중상
2012092900100343,2012년 9월 29일 15시,토요일,충청남도 금산군 금산읍,경상사고,0,0,3,0,차대차 - 측면직각충돌,직진우회전진행방해,건조,맑음,교차로 - 교차로안,승용,여,50세,기타불명,승용,남,56세,경상
2012092900100364,2012년 9월 29일 16시,토요일,충청남도 천안시 서북구 성거읍,경상사고,0,0,1,0,차대차 - 측면직각충돌,안전운전불이행,건조,맑음,단일로 - 기타,승합,남,58세,상해없음,승합,남,44세,상해없음
2012092900100382,2012년 9월 29일 17시,토요일,충청남도 홍성군 결성면,경상사고,0,0,2,0,차대차 - 측면직각충돌,교차로운행방법위반,건조,맑음,교차로 - 교차로안,승용,남,37세,상해없음,승용,남,42세,경상
2012092900100383,2012년 9월 29일 17시,토요일,충청남도 공주시 반포면,중상사고,0,4,0,0,차대차 - 측면직각충돌,신호위반,건조,맑음,교차로 - 교차로안,승용,남,38세,상해없음,승용,여,41세,중상
2012092900100385,2012년 9월 29일 17시,토요일,충청남도 금산군 부리면,경상사고,0,0,4,0,차대차 - 측면직각충돌,교차로운행방법위반,건조,맑음,교차로 - 교차로안,승용,남,22세,경상,승용,남,40세,경상
2012092900100386,2012년 9월 29일 17시,토요일,충청남도 천안시 동남구 병천면,경상사고,0,0,1,0,차대차 - 측면직각충돌,안전운전불이행,건조,맑음,단일로 - 기타,승용,남,30세,상해없음,이륜,남,70세,경상
2012092900100423,2012년 9월 29일 18시,토요일,충청남도 서산시 동문동,경상사고,0,0,1,0,차대사람 - 횡단중,보행자보호의무위반,건조,맑음,교차로 - 교차로안,승용,여,44세,상해없음,보행자,여,77세,경상
2012092900100424,2012년 9월 29일 18시,토요일,충청남도 예산군 광시면,중상사고,0,1,0,0,차대차 - 기타,중앙선침범,건조,맑음,단일로 - 기타,승용,남,43세,상해없음,화물,남,39세,중상
2012092900100425,2012년 9월 29일 18시,토요일,충청남도 천안시 동남구 청당동,경상사고,0,0,1,0,차대차 - 기타,기타,건조,맑음,단일로 - 터널,화물,남,26세,상해없음,승용,남,33세,경상
2012092900100462,2012년 9월 29일 19시,토요일,충청남도 아산시 영인면,중상사고,0,1,1,0,차대사람 - 기타,안전운전불이행,건조,맑음,기타 - 기타,화물,남,53세,상해없음,보행자,여,7세,경상
2012092900100504,2012년 9월 29일 21시,토요일,충청남도 천안시 서북구 성거읍,중상사고,0,1,0,0,차대사람 - 횡단중,안전운전불이행,건조,맑음,단일로 - 기타,승용,남,51세,상해없음,보행자,남,71세,중상
2012092900100505,2012년 9월 29일 21시,토요일,충청남도 천안시 동남구 청수동,중상사고,0,1,0,0,차대차 - 정면충돌,중앙선침범,건조,맑음,교차로 - 교차로부근,승용,남,49세,기타불명,승용,남,58세,중상
2012093000100046,2012년 9월 30일 03시,일요일,충청남도 서천군 장항읍,사망사고,1,0,0,0,차대사람 - 기타,안전운전불이행,건조,맑음,단일로 - 기타,승용,여,29세,상해없음,보행자,남,42세,사망
2012093000100067,2012년 9월 30일 06시,일요일,충청남도 홍성군 홍성읍,중상사고,0,1,0,0,차량단독 - 공작물충돌,안전운전불이행,건조,맑음,단일로 - 기타,승용,남,21세,상해없음,,,,