사고번호,사고일시,요일,시군구,사고내용,사망자수,중상자수,경상자수,부상신고자수,사고유형,법규위반,노면상태,기상상태,도로형태,가해운전자 차종,가해운전자 성별,가해운전자 연령,가해운전자 상해정도,피해운전자 차종,피해운전자 성별,피해운전자 연령,피해운전자 상해정도
2012101700100055,2012년 10월 17일 03시,수요일,충청남도 아산시 용화동,경상사고,0,0,2,0,차대차 - 측면직각충돌,안전운전불이행,건조,맑음,교차로 - 교차로안,승용,기타불명,기타불명,기타불명,승용,여,41세,경상
2012101700100069,2012년 10월 17일 04시,수요일,충청남도 천안시 서북구 두정동,경상사고,0,0,4,0,차대차 - 측면직각충돌,안전운전불이행,습기,비,교차로 - 교차로부근,승용,남,24세,경상,승용,남,25세,경상
2012101700100162,2012년 10월 17일 08시,수요일,충청남도 공주시 의당면,중상사고,0,1,0,0,차대차 - 정면충돌,중앙선침범,습기,비,교차로 - 교차로부근,승용,여,43세,기타불명,화물,남,31세,중상
2012101700100211,2012년 10월 17일 09시,수요일,충청남도 공주시 반포면,중상사고,0,1,0,0,차대차 - 추돌 - 진행중,안전운전불이행,건조,맑음,단일로 - 터널,화물,남,38세,기타불명,건설기계,남,52세,상해없음
2012101700100241,2012년 10월 17일 10시,수요일,충청남도 서산시 동문동,중상사고,0,1,0,0,차대사람 - 횡단중,보행자보호의무위반,건조,맑음,교차로 - 교차로부근,승용,남,65세,상해없음,보행자,여,46세,중상
2012101700100242,2012년 10월 17일 10시,수요일,충청남도 천안시 동남구 청당동,경상사고,0,0,3,0,차대차 - 추돌 - 주정차중,안전운전불이행,습기,비,교차로 - 교차로부근,승용,남,58세,상해없음,승용,여,21세,경상
2012101700100268,2012년 10월 17일 11시,수요일,충청남도 부여군 초촌면,중상사고,0,1,0,0,차대사람 - 길가장자리구역통행중,안전운전불이행,건조,맑음,단일로 - 교량,화물,남,46세,상해없음,보행자,여,79세,중상
2012101700100269,2012년 10월 17일 11시,수요일,충청남도 당진시 송악읍,중상사고,0,3,0,0,차대차 - 측면직각충돌,안전운전불이행,건조,맑음,단일로 - 기타,승합,남,40세,상해없음,승용,여,50세,중상
2012101700100284,2012년 10월 17일 12시,수요일,충청남도 천안시 서북구 성거읍,경상사고,0,0,1,0,차대차 - 기타,안전운전불이행,건조,맑음,단일로 - 기타,승용,남,31세,상해없음,승용,남,56세,경상
2012101700100285,2012년 10월 17일 12시,수요일,충청남도 논산시 강경읍,경상사고,0,0,1,0,차대차 - 기타,안전운전불이행,건조,맑음,교차로 - 교차로부근,원동기,남,58세,경상,승용,남,55세,상해없음
2012101700100335,2012년 10월 17일 14시,수요일,충청남도 부여군 부여읍,중상사고,0,1,1,0,차대차 - 정면충돌,안전운전불이행,건조,맑음,단일로 - 기타,승용,여,54세,중상,승용,남,52세,경상
2012101700100369,2012년 10월 17일 15시,수요일,충청남도 보령시 죽정동,중상사고,0,1,0,0,차대차 - 추돌 - 주정차중,안전거리미확보,건조,맑음,단일로 - 기타,이륜,남,83세,중상,승용,남,32세,상해없음
2012101700100410,2012년 10월 17일 16시,수요일,충청남도 보령시 궁촌동,경상사고,0,0,1,0,차대사람 - 횡단중,보행자보호의무위반,건조,맑음,교차로 - 교차로부근,승용,여,53세,상해없음,보행자,여,8세,경상
2012101700100433,2012년 10월 17일 17시,수요일,충청남도 부여군 남면,중상사고,0,1,0,0,차대차 - 기타,중앙선침범,건조,맑음,교차로 - 교차로부근,승용,남,48세,상해없음,승용,남,41세,중상
2012101700100472,2012년 10월 17일 18시,수요일,충청남도 서천군 서천읍,경상사고,0,0,1,0,차대차 - 기타,직진우회전진행방해,건조,맑음,교차로 - 교차로안,승합,남,55세,상해없음,승용,남,41세,상해없음
2012101700100524,2012년 10월 17일 19시,수요일,충청남도 천안시 서북구 백석동,경상사고,0,0,2,0,차대차 - 기타,안전운전불이행,건조,맑음,교차로 - 교차로부근,화물,남,36세,상해없음,승용,남,44세,경상
2012101700100525,2012년 10월 17일 19시,수요일,충청남도 아산시 모종동,경상사고,0,0,1,0,차대차 - 추돌 - 주정차중,안전운전불이행,건조,맑음,교차로 - 교차로부근,화물,남,41세,상해없음,승용,여,32세,경상
2012101700100526,2012년 10월 17일 19시,수요일,충청남도 서천군 서면,중상사고,0,1,0,0,차량단독 - 공작물충돌,안전운전불이행,건조,맑음,단일로 - 기타,승용,남,46세,중상,,,,
2012101700100527,2012년 10월 17일 19시,수요일,충청남도 보령시 대천동,경상사고,0,0,1,0,차대차 - 측면직각충돌,중앙선침범,건조,맑음,단일로 - 기타,승용,남,기타불명,기타불명,승용,남,40세,경상
2012101700100600,2012년 10월 17일 21시,수요일,충청남도 천안시 서북구 성환읍,경상사고,0,0,1,0,차대사람 - 기타,안전운전불이행,건조,맑음,단일로 - 교량,승용,남,50세,기타불명,보행자,여,20세,경상
2012101700100639,2012년 10월 17일 22시,수요일,충청남도 천안시 서북구 백석동,경상사고,0,0,2,0,차대차 - 측면직각충돌,중앙선침범,건조,맑음,교차로 - 교차로부근,승합,남,54세,상해없음,승용,남,25세,경상
2012101700100640,2012년 10월 17일 22시,수요일,충청남도 논산시 취암동,중상사고,0,1,0,0,차대차 - 기타,교차로운행방법위반,건조,맑음,교차로 - 교차로부근,승용,남,39세,상해없음,원동기,남,17세,중상
2012101700100641,2012년 10월 17일 22시,수요일,충청남도 아산시 온천동,경상사고,0,0,2,0,차대사람 - 기타,안전운전불이행,건조,맑음,단일로 - 기타,승용,남,49세,상해없음,보행자,남,28세,경상
2012101700100642,2012년 10월 17일 22시,수요일,충청남도 공주시 신관동,경상사고,0,0,2,0,차대차 - 추돌 - 주정차중,안전운전불이행,건조,맑음,교차로 - 교차로부근,승용,여,37세,상해없음,승용,남,22세,경상
2012101700100672,2012년 10월 17일 23시,수요일,충청남도 당진시 정미면,경상사고,0,0,2,0,차대차 - 정면충돌,안전운전불이행,건조,맑음,단일로 - 기타,승용,남,46세,상해없음,승용,남,51세,경상
2012101800100011,2012년 10월 18일 00시,목요일,충청남도 당진시 송악읍,경상사고,0,0,3,0,차대차 - 측면직각충돌,안전운전불이행,건조,맑음,교차로 - 교차로안,승용,남,30세,상해없음,승용,남,48세,경상
2012101800100109,2012년 10월 18일 07시,목요일,충청남도 천안시 서북구 직산읍,중상사고,0,1,0,0,차대차 - 측면직각충돌,교차로운행방법위반,건조,맑음,교차로 - 교차로안,승용,남,22세,상해없음,원동기,남,40세,중상
2012101800100151,2012년 10월 18일 08시,목요일,충청남도 청양군 청양읍,중상사고,0,2,0,0,차량단독 - 전도전복,안전운전불이행,건조,맑음,단일로 - 기타,화물,여,52세,중상,,,,
2012101800100227,2012년 10월 18일 10시,목요일,충청남도 공주시 반죽동,중상사고,0,1,0,0,차대사람 - 기타,안전운전불이행,건조,맑음,단일로 - 기타,화물,남,19세,상해없음,보행자,여,83세,중상
2012101800100250,2012년 10월 18일 11시,목요일,충청남도 태안군 태안읍,중상사고,0,1,0,0,차대사람 - 횡단중,안전운전불이행,건조,맑음,단일로 - 기타,화물,남,60세,상해없음,보행자,여,76세,중상
2012101800100281,2012년 10월 18일 12시,목요일,충청남도 서천군 판교면,부상신고사고,0,0,0,1,차량단독 - 전도전복,안전운전불이행,건조,맑음,기타 - 기타,이륜,남,81세,부상신고,,,,
2012101800100282,2012년 10월 18일 12시,목요일,충청남도 보령시 대천동,중상사고,0,1,0,0,차대사람 - 횡단중,보행자보호의무위반,건조,맑음,단일로 - 횡단보도상,승용,남,56세,상해없음,보행자,여,82세,중상
2012101800100283,2012년 10월 18일 12시,목요일,충청남도 보령시 동대동,경상사고,0,0,1,0,차대차 - 정면충돌,중앙선침범,건조,맑음,단일로 - 기타,화물,남,51세,상해없음,화물,남,54세,경상
2012101800100284,2012년 10월 18일 12시,목요일,충청남도 천안시 동남구 병천면,중상사고,0,1,0,0,차대사람 - 기타,안전운전불이행,건조,맑음,단일로 - 기타,화물,남,70세,상해없음,보행자,남,56세,중상
2012101800100285,2012년 10월 18일 12시,목요일,충청남도 천안시 동남구 병천면,경상사고,0,0,1,0,차대차 - 기타,안전운전불이행,건조,맑음,교차로 - 교차로부근,화물,남,46세,상해없음,승용,여,36세,경상
2012101800100315,2012년 10월 18일 13시,목요일,충청남도 태안군 남면,중상사고,0,1,1,0,차대차 - 측면직각충돌,안전운전불이행,건조,맑음,교차로 - 교차로안,승용,남,56세,상해없음,화물,남,60세,경상
2012101800100316,2012년 10월 18일 13시,목요일,충청남도 당진시 신평면,경상사고,0,0,1,0,차대차 - 기타,중앙선침범,건조,맑음,단일로 - 기타,화물,남,54세,상해없음,원동기,남,36세,경상
2012101800100350,2012년 10월 18일 14시,목요일,충청남도 천안시 동남구 대흥동,경상사고,0,0,1,0,차대사람 - 횡단중,보행자보호의무위반,건조,맑음,교차로 - 교차로부근,승용,남,60세,상해없음,보행자,여,47세,경상
2012101800100428,2012년 10월 18일 16시,목요일,충청남도 논산시 가야곡면,경상사고,0,0,1,0,차대차 - 측면직각충돌,신호위반,건조,맑음,교차로 - 교차로안,이륜,남,39세,경상,화물,남,49세,상해없음
2012101800100429,2012년 10월 18일 16시,목요일,충청남도 천안시 동남구 원성동,경상사고,0,0,1,0,차대사람 - 횡단중,보행자보호의무위반,건조,맑음,교차로 - 교차로부근,승용,여,22세,상해없음,보행자,남,75세,경상
2012101800100464,2012년 10월 18일 17시,목요일,충청남도 서천군 서천읍,경상사고,0,0,2,1,차대차 - 기타,안전운전불이행,건조,맑음,교차로 - 교차로안,화물,남,48세,부상신고,승용,여,47세,경상
2012101800100514,2012년 10월 18일 18시,목요일,충청남도 천안시 서북구 불당동,경상사고,0,0,2,0,차대차 - 기타,안전운전불이행,건조,맑음,교차로 - 교차로부근,승용,여,42세,상해없음,승용,여,33세,경상
2012101800100515,2012년 10월 18일 18시,목요일,충청남도 서천군 장항읍,사망사고,1,0,0,0,차대차 - 추돌 - 진행중,중앙선침범,건조,맑음,기타 - 기타,이륜,남,67세,사망,승용,여,43세,상해없음
2012101800100516,2012년 10월 18일 18시,목요일,충청남도 천안시 동남구 목천읍,중상사고,0,1,0,0,차대차 - 기타,교차로운행방법위반,건조,맑음,교차로 - 교차로안,승용,남,43세,상해없음,이륜,남,46세,중상
2012101800100556,2012년 10월 18일 19시,목요일,충청남도 서산시 동문동,중상사고,0,1,0,0,차대차 - 측면직각충돌,직진우회전진행방해,건조,맑음,교차로 - 교차로안,화물,남,62세,상해없음,원동기,남,65세,중상
2012101800100557,2012년 10월 18일 19시,목요일,충청남도 아산시 용화동,중상사고,0,1,0,0,차대사람 - 횡단중,안전운전불이행,건조,맑음,단일로 - 횡단보도상,승용,남,46세,상해없음,보행자,여,52세,중상
2012101800100558,2012년 10월 18일 19시,목요일,충청남도 아산시 선장면,경상사고,0,0,1,0,차대차 - 측면직각충돌,안전운전불이행,건조,맑음,교차로 - 교차로안,화물,남,57세,상해없음,화물,남,50세,경상
2012101800100559,2012년 10월 18일 19시,목요일,충청남도 천안시 동남구 신방동,중상사고,0,1,0,0,차대사람 - 기타,안전운전불이행,건조,맑음,기타 - 기타,승용,남,43세,상해없음,보행자,남,51세,중상
2012101800100589,2012년 10월 18일 20시,목요일,충청남도 계룡시 금암동,중상사고,0,1,0,0,차대사람 - 보도통행중,안전운전불이행,건조,맑음,단일로 - 횡단보도상,화물,남,63세,상해없음,보행자,여,40세,중상
2012101800100590,2012년 10월 18일 20시,목요일,충청남도 아산시 신창면,중상사고,0,2,0,0,차대차 - 측면직각충돌,직진우회전진행방해,건조,맑음,교차로 - 교차로안,승용,여,39세,상해없음,이륜,남,48세,중상
2012101800100623,2012년 10월 18일 21시,목요일,충청남도 천안시 서북구 신당동,중상사고,0,1,0,0,차대차 - 기타,신호위반,건조,맑음,교차로 - 교차로안,승용,남,27세,상해없음,승용,남,23세,중상
2012101900100022,2012년 10월 19일 01시,금요일,충청남도 천안시 동남구 안서동,경상사고,0,0,1,0,차대차 - 추돌 - 진행중,안전운전불이행,건조,맑음,교차로 - 교차로부근,승용,남,21세,상해없음,승용,남,31세,경상
2012101900100071,2012년 10월 19일 06시,금요일,충청남도 서산시 지곡면,사망사고,1,0,0,0,차대사람 - 횡단중,신호위반,건조,맑음,교차로 - 교차로부근,승용,여,35세,상해없음,보행자,남,83세,사망
2012101900100138,2012년 10월 19일 08시,금요일,충청남도 천안시 서북구 성거읍,중상사고,0,1,1,0,차대차 - 추돌 - 주정차중,안전운전불이행,건조,맑음,교차로 - 교차로부근,승용,남,44세,중상,화물,남,57세,경상
2012101900100139,2012년 10월 19일 08시,금요일,충청남도 서천군 장항읍,경상사고,0,0,2,0,차대차 - 기타,직진우회전진행방해,건조,맑음,교차로 - 교차로안,화물,남,60세,경상,건설기계,남,49세,경상
2012101900100189,2012년 10월 19일 09시,금요일,충청남도 아산시 온천동,사망사고,1,0,0,0,차대사람 - 보도통행중,안전운전불이행,건조,맑음,단일로 - 횡단보도부근,화물,남,53세,상해없음,보행자,여,79세,사망
2012101900100224,2012년 10월 19일 10시,금요일,충청남도 당진시 합덕읍,중상사고,0,1,0,0,차대차 - 추돌 - 진행중,안전운전불이행,건조,맑음,단일로 - 기타,화물,남,33세,상해없음,이륜,남,53세,중상
2012101900100258,2012년 10월 19일 12시,금요일,충청남도 예산군 예산읍,경상사고,0,0,2,0,차대차 - 기타,안전거리미확보,건조,맑음,단일로 - 기타,원동기,남,77세,경상,원동기,남,76세,상해없음
2012101900100259,2012년 10월 19일 12시,금요일,충청남도 당진시 시곡리,경상사고,0,0,2,0,차대차 - 측면직각충돌,중앙선침범,건조,맑음,단일로 - 기타,승용,남,55세,상해없음,승용,남,40세,경상
2012101900100260,2012년 10월 19일 12시,금요일,충청남도 천안시 동남구 삼룡동,경상사고,0,0,2,0,차대차 - 측면직각충돌,교차로운행방법위반,건조,맑음,교차로 - 교차로안,승용,남,48세,상해없음,승용,여,40세,경상
2012101900100337,2012년 10월 19일 14시,금요일,충청남도 논산시 연산면,경상사고,0,0,2,0,차대차 - 기타,안전운전불이행,건조,맑음,교차로 - 교차로안,화물,남,49세,상해없음,화물,여,51세,기타불명
2012101900100369,2012년 10월 19일 15시,금요일,충청남도 서산시 읍내동,경상사고,0,0,1,0,차대사람 - 차도통행중,중앙선침범,건조,맑음,단일로 - 기타,원동기,남,22세,상해없음,보행자,여,15세,경상
2012101900100370,2012년 10월 19일 15시,금요일,충청남도 서천군 서천읍,경상사고,0,0,2,0,차대차 - 기타,직진우회전진행방해,건조,맑음,교차로 - 교차로안,승용,남,30세,경상,승용,남,42세,경상
2012101900100395,2012년 10월 19일 16시,금요일,충청남도 당진시 읍내리,경상사고,0,0,2,0,차대차 - 기타,신호위반,건조,맑음,교차로 - 교차로안,화물,남,57세,상해없음,승합,남,32세,경상
2012101900100396,2012년 10월 19일 16시,금요일,충청남도 당진시 읍내리,경상사고,0,0,1,0,차대사람 - 기타,안전운전불이행,건조,맑음,교차로 - 교차로부근,기타불명,기타불명,기타불명,기타불명,보행자,여,7세,경상
2012101900100439,2012년 10월 19일 17시,금요일,충청남도 보령시 죽정동,경상사고,0,0,1,0,차대차 - 정면충돌,중앙선침범,건조,맑음,단일로 - 기타,이륜,남,67세,경상,승합,남,38세,상해없음
2012101900100475,2012년 10월 19일 18시,금요일,충청남도 홍성군 장곡면,사망사고,1,0,0,0,차대사람 - 차도통행중,안전운전불이행,건조,맑음,단일로 - 기타,승용,남,72세,상해없음,보행자,여,75세,사망
2012101900100476,2012년 10월 19일 18시,금요일,충청남도 예산군 고덕면,중상사고,0,2,0,0,차대차 - 추돌 - 진행중,안전운전불이행,건조,맑음,단일로 - 기타,화물,남,46세,상해없음,원동기,남,42세,중상
2012101900100477,2012년 10월 19일 18시,금요일,충청남도 부여군 은산면,중상사고,0,1,1,0,차대차 - 기타,중앙선침범,건조,맑음,단일로 - 교량,승용,남,49세,상해없음,승합,여,66세,경상
2012101900100478,2012년 10월 19일 18시,금요일,충청남도 당진시 신평면,중상사고,0,1,0,0,차대차 - 추돌 - 주정차중,안전운전불이행,건조,맑음,단일로 - 기타,승합,남,43세,상해없음,농기계,남,69세,중상
2012101900100539,2012년 10월 19일 19시,금요일,충청남도 당진시 송산면,경상사고,0,0,3,0,차대차 - 추돌 - 진행중,안전거리미확보,건조,맑음,교차로 - 교차로부근,승용,남,50세,상해없음,승용,남,59세,경상
2012101900100540,2012년 10월 19일 19시,금요일,충청남도 금산군 금산읍,중상사고,0,1,0,0,차대차 - 추돌 - 진행중,안전운전불이행,건조,맑음,단일로 - 기타,승용,남,63세,상해없음,이륜,남,71세,중상
2012101900100582,2012년 10월 19일 20시,금요일,충청남도 서천군 화양면,경상사고,0,0,5,0,차대차 - 기타,안전거리미확보,건조,맑음,단일로 - 기타,승합,남,52세,상해없음,화물,남,72세,경상
2012101900100583,2012년 10월 19일 20시,금요일,충청남도 당진시 송산면,사망사고,1,0,0,0,차대사람 - 길가장자리구역통행중,안전운전불이행,건조,맑음,단일로 - 기타,승용,남,42세,상해없음,보행자,남,34세,사망
2012101900100681,2012년 10월 19일 23시,금요일,충청남도 서산시 석남동,중상사고,0,3,0,0,차대차 - 측면직각충돌,신호위반,건조,맑음,교차로 - 교차로안,기타불명,기타불명,기타불명,기타불명,승용,남,60세,중상
2012102000100040,2012년 10월 20일 01시,토요일,충청남도 서산시 읍내동,중상사고,0,2,0,0,차대차 - 정면충돌,중앙선침범,건조,맑음,단일로 - 기타,승용,남,37세,중상,승용,남,25세,중상
2012102000100041,2012년 10월 20일 01시,토요일,충청남도 서산시 석림동,중상사고,0,1,0,0,차대차 - 측면직각충돌,안전운전불이행,건조,맑음,교차로 - 교차로안,승용,남,39세,상해없음,화물,남,41세,중상
2012102000100042,2012년 10월 20일 01시,토요일,충청남도 아산시 음봉면,중상사고,0,1,0,0,차대차 - 추돌 - 주정차중,안전운전불이행,건조,맑음,교차로 - 교차로부근,승용,남,25세,기타불명,승용,남,29세,중상
2012102000100043,2012년 10월 20일 01시,토요일,충청남도 보령시 신흑동,경상사고,0,0,1,0,차량단독 - 도로외이탈 - 기타,안전운전불이행,건조,맑음,단일로 - 기타,이륜,남,19세,상해없음,,,,
2012102000100059,2012년 10월 20일 02시,토요일,충청남도 논산시 은진면,중상사고,0,1,1,0,차대차 - 추돌 - 주정차중,안전운전불이행,건조,맑음,교차로 - 교차로부근,승용,남,33세,상해없음,승용,여,42세,중상
2012102000100093,2012년 10월 20일 04시,토요일,충청남도 천안시 서북구 두정동,중상사고,0,2,0,0,차대차 - 측면직각충돌,신호위반,건조,맑음,교차로 - 교차로안,승용,남,22세,상해없음,승용,남,44세,중상
2012102000100106,2012년 10월 20일 05시,토요일,충청남도 논산시 벌곡면,중상사고,0,1,0,0,차대사람 - 기타,안전운전불이행,건조,맑음,단일로 - 기타,승용,남,60세,상해없음,보행자,남,74세,중상
2012102000100225,2012년 10월 20일 11시,토요일,충청남도 천안시 서북구 두정동,경상사고,0,0,1,0,차대차 - 추돌 - 주정차중,안전운전불이행,건조,맑음,교차로 - 교차로부근,승용,남,58세,상해없음,승용,남,53세,경상
2012102000100226,2012년 10월 20일 11시,토요일,충청남도 천안시 동남구 신부동,중상사고,0,1,0,0,차대사람 - 횡단중,보행자보호의무위반,건조,맑음,교차로 - 교차로안,승합,남,57세,상해없음,보행자,여,22세,중상
2012102000100251,2012년 10월 20일 12시,토요일,충청남도 천안시 서북구 불당동,경상사고,0,0,2,0,차대차 - 측면직각충돌,안전운전불이행,건조,맑음,교차로 - 교차로부근,화물,남,63세,상해없음,승용,남,29세,경상
2012102000100252,2012년 10월 20일 12시,토요일,충청남도 홍성군 갈산면,중상사고,0,1,3,0,차대차 - 기타,안전운전불이행,건조,맑음,단일로 - 기타,화물,남,53세,상해없음,승용,남,63세,경상
2012102000100253,2012년 10월 20일 12시,토요일,충청남도 금산군 부리면,중상사고,0,1,0,0,차대차 - 측면직각충돌,안전운전불이행,건조,맑음,단일로 - 기타,승용,남,65세,상해없음,이륜,남,65세,중상
2012102000100254,2012년 10월 20일 12시,토요일,충청남도 천안시 동남구 유량동,경상사고,0,0,1,0,차대사람 - 기타,안전운전불이행,건조,맑음,기타 - 기타,승용,남,52세,상해없음,보행자,남,40세,경상
2012102000100292,2012년 10월 20일 13시,토요일,충청남도 예산군 예산읍,중상사고,0,1,0,0,차대차 - 측면직각충돌,안전운전불이행,건조,맑음,단일로 - 기타,승용,여,65세,상해없음,원동기,남,84세,중상
2012102000100367,2012년 10월 20일 15시,토요일,충청남도 서산시 읍내동,중상사고,0,1,0,0,차대사람 - 횡단중,안전운전불이행,건조,맑음,교차로 - 교차로부근,승용,남,43세,상해없음,보행자,여,47세,중상
2012102000100368,2012년 10월 20일 15시,토요일,충청남도 천안시 서북구 성정동,중상사고,0,1,0,0,차대사람 - 횡단중,안전운전불이행,건조,맑음,기타 - 기타,승용,남,36세,상해없음,보행자,남,12세,중상
2012102000100369,2012년 10월 20일 15시,토요일,충청남도 천안시 서북구 차암동,경상사고,0,0,1,0,차대차 - 기타,안전운전불이행,건조,맑음,교차로 - 교차로부근,화물,남,45세,상해없음,승용,남,39세,경상
2012102000100370,2012년 10월 20일 15시,토요일,충청남도 공주시 계룡면,사망사고,1,0,0,0,차량단독 - 도로외이탈 - 기타,안전운전불이행,건조,맑음,단일로 - 기타,농기계,남,43세,사망,,,,
2012102000100395,2012년 10월 20일 16시,토요일,충청남도 서천군 서천읍,경상사고,0,0,1,0,차대사람 - 기타,보행자보호의무위반,건조,맑음,단일로 - 기타,화물,남,50세,상해없음,보행자,남,6세,경상
2012102000100396,2012년 10월 20일 16시,토요일,충청남도 예산군 예산읍,중상사고,0,1,1,0,차대차 - 정면충돌,직진우회전진행방해,건조,맑음,교차로 - 교차로안,승용,남,27세,경상,승용,여,36세,중상
2012102000100397,2012년 10월 20일 16시,토요일,충청남도 천안시 동남구 신방동,경상사고,0,0,2,0,차대차 - 추돌 - 진행중,안전거리미확보,건조,맑음,단일로 - 기타,승용,남,47세,상해없음,승용,여,33세,경상
2012102000100475,2012년 10월 20일 18시,토요일,충청남도 서산시 예천동,경상사고,0,0,2,0,차대차 - 추돌 - 주정차중,안전운전불이행,건조,맑음,교차로 - 교차로부근,승용,남,63세,상해없음,승용,남,41세,경상
2012102000100476,2012년 10월 20일 18시,토요일,충청남도 서천군 종천면,경상사고,0,0,2,0,차대차 - 기타,안전운전불이행,건조,기타,단일로 - 기타,승용,남,63세,상해없음,승용,여,38세,경상
2012102000100477,2012년 10월 20일 18시,토요일,충청남도 천안시 동남구 신방동,경상사고,0,0,1,0,차대차 - 측면직각충돌,안전운전불이행,건조,맑음,교차로 - 교차로안,승용,남,29세,상해없음,승용,여,36세,경상
2012102000100521,2012년 10월 20일 19시,토요일,충청남도 부여군 부여읍,중상사고,0,1,0,0,차대차 - 추돌 - 진행중,안전운전불이행,건조,맑음,단일로 - 기타,화물,남,43세,상해없음,농기계,남,46세,중상
2012102000100522,2012년 10월 20일 19시,토요일,충청남도 천안시 서북구 입장면,중상사고,0,2,4,0,차대차 - 측면직각충돌,안전운전불이행,건조,맑음,단일로 - 기타,승용,기타불명,기타불명,기타불명,승용,남,48세,중상
2012102000100561,2012년 10월 20일 20시,토요일,충청남도 천안시 동남구 풍세면,경상사고,0,0,2,0,차대차 - 측면직각충돌,중앙선침범,건조,맑음,단일로 - 기타,기타불명,기타불명,기타불명,기타불명,승용,남,22세,경상
2012102000100588,2012년 10월 20일 21시,토요일,충청남도 아산시 득산동,중상사고,0,1,0,0,차대사람 - 횡단중,기타,건조,맑음,기타 - 기타,승용,남,39세,상해없음,보행자,남,37세,중상
2012102100100014,2012년 10월 21일 00시,일요일,충청남도 금산군 금성면,중상사고,0,1,0,0,차대차 - 추돌 - 진행중,안전운전불이행,건조,맑음,단일로 - 기타,승용,남,47세,기타불명,승용,여,53세,중상
2012102100100015,2012년 10월 21일 00시,일요일,충청남도 천안시 동남구 문화동,경상사고,0,0,2,0,차대차 - 추돌 - 주정차중,안전거리미확보,건조,맑음,교차로 - 교차로부근,승용,남,20세,상해없음,승용,남,19세,경상
2012102100100016,2012년 10월 21일 00시,일요일,충청남도 천안시 동남구 풍세면,경상사고,0,0,1,0,차량단독 - 전도전복,안전운전불이행,건조,맑음,단일로 - 기타,승용,남,40세,경상,,,,
2012102100100081,2012년 10월 21일 03시,일요일,충청남도 천안시 서북구 성정동,경상사고,0,0,2,0,차대차 - 측면직각충돌,신호위반,건조,맑음,교차로 - 교차로안,승용,남,24세,상해없음,승용,남,33세,경상
2012102100100095,2012년 10월 21일 04시,일요일,충청남도 천안시 서북구 쌍용동,중상사고,0,1,0,0,차대사람 - 횡단중,안전운전불이행,건조,맑음,단일로 - 횡단보도상,승용,남,52세,상해없음,보행자,남,17세,중상
2012102100100096,2012년 10월 21일 04시,일요일,충청남도 아산시 남동,중상사고,0,1,0,0,차량단독 - 공작물충돌,안전운전불이행,건조,맑음,기타 - 기타,원동기,남,16세,상해없음,,,,
2012102100100117,2012년 10월 21일 06시,일요일,충청남도 천안시 서북구 성정동,경상사고,0,0,1,0,차대차 - 추돌 - 진행중,안전운전불이행,건조,맑음,교차로 - 교차로안,화물,남,52세,상해없음,승용,남,28세,경상
2012102100100118,2012년 10월 21일 06시,일요일,충청남도 논산시 내동,경상사고,0,0,1,0,차대차 - 측면직각충돌,교차로운행방법위반,건조,맑음,교차로 - 교차로안,이륜,남,14세,경상,승용,남,25세,상해없음
2012102100100155,2012년 10월 21일 09시,일요일,충청남도 금산군 군북면,사망사고,1,0,0,0,차대차 - 정면충돌,중앙선침범,건조,맑음,단일로 - 기타,원동기,남,30세,사망,승용,남,52세,상해없음
2012102100100170,2012년 10월 21일 10시,일요일,충청남도 천안시 동남구 다가동,중상사고,0,1,0,0,차대사람 - 길가장자리구역통행중,안전운전불이행,건조,맑음,단일로 - 교량,이륜,남,17세,상해없음,보행자,여,75세,중상
2012102100100217,2012년 10월 21일 12시,일요일,충청남도 서산시 운산면,경상사고,0,0,2,0,차대차 - 추돌 - 진행중,안전운전불이행,건조,맑음,단일로 - 기타,화물,남,58세,상해없음,승용,남,37세,경상
2012102100100259,2012년 10월 21일 14시,일요일,충청남도 청양군 장평면,경상사고,0,0,3,0,차대차 - 측면직각충돌,안전운전불이행,건조,맑음,단일로 - 기타,승용,남,61세,경상,승용,여,50세,경상
2012102100100291,2012년 10월 21일 15시,일요일,충청남도 홍성군 홍성읍,중상사고,0,1,0,0,차대차 - 측면직각충돌,중앙선침범,건조,맑음,단일로 - 기타,승용,남,42세,상해없음,원동기,남,53세,중상
2012102100100336,2012년 10월 21일 16시,일요일,충청남도 당진시 석문면,중상사고,0,1,0,0,차량단독 - 전도전복,안전운전불이행,건조,맑음,단일로 - 기타,승용,남,29세,상해없음,,,,
2012102100100337,2012년 10월 21일 16시,일요일,충청남도 천안시 동남구 신부동,경상사고,0,0,1,0,차대사람 - 기타,안전운전불이행,건조,맑음,단일로 - 기타,승용,남,40세,상해없음,보행자,남,18세,경상
2012102100100361,2012년 10월 21일 17시,일요일,충청남도 홍성군 홍성읍,경상사고,0,0,2,0,차대차 - 측면직각충돌,교차로운행방법위반,건조,맑음,교차로 - 교차로안,승용,남,52세,상해없음,승용,남,61세,경상
2012102100100399,2012년 10월 21일 18시,일요일,충청남도 부여군 세도면,경상사고,0,0,2,0,차대차 - 측면직각충돌,직진우회전진행방해,건조,맑음,교차로 - 교차로안,화물,남,59세,상해없음,승용,남,44세,경상