사고번호,사고일시,요일,시군구,사고내용,사망자수,중상자수,경상자수,부상신고자수,사고유형,법규위반,노면상태,기상상태,도로형태,가해운전자 차종,가해운전자 성별,가해운전자 연령,가해운전자 상해정도,피해운전자 차종,피해운전자 성별,피해운전자 연령,피해운전자 상해정도
2012102100100400,2012년 10월 21일 18시,일요일,충청남도 당진시 원당리,중상사고,0,1,0,0,차대차 - 측면직각충돌,안전운전불이행,건조,맑음,단일로 - 기타,승용,남,39세,상해없음,이륜,남,18세,중상
2012102100100401,2012년 10월 21일 18시,일요일,충청남도 청양군 화성면,중상사고,0,1,0,0,차대차 - 추돌 - 진행중,안전운전불이행,건조,흐림,단일로 - 기타,승용,남,46세,상해없음,농기계,남,75세,중상
2012102100100442,2012년 10월 21일 19시,일요일,충청남도 천안시 서북구 성환읍,경상사고,0,0,1,0,차대차 - 측면직각충돌,안전운전불이행,건조,맑음,단일로 - 기타,승용,남,62세,상해없음,이륜,남,34세,경상
2012102100100443,2012년 10월 21일 19시,일요일,충청남도 논산시 상월면,경상사고,0,0,1,0,차대차 - 기타,안전운전불이행,건조,맑음,단일로 - 기타,화물,남,51세,상해없음,이륜,남,71세,경상
2012102100100478,2012년 10월 21일 20시,일요일,충청남도 천안시 서북구 입장면,경상사고,0,0,5,0,차대차 - 추돌 - 주정차중,안전운전불이행,건조,맑음,교차로 - 교차로부근,화물,남,40세,상해없음,화물,남,64세,경상
2012102100100479,2012년 10월 21일 20시,일요일,충청남도 천안시 서북구 성거읍,경상사고,0,0,1,0,차대차 - 기타,차로위반,건조,맑음,단일로 - 기타,승합,남,53세,상해없음,승용,남,52세,경상
2012102100100501,2012년 10월 21일 21시,일요일,충청남도 천안시 서북구 두정동,경상사고,0,0,1,0,차대차 - 기타,신호위반,건조,맑음,교차로 - 교차로안,승용,남,47세,상해없음,이륜,남,18세,경상
2012102100100526,2012년 10월 21일 22시,일요일,충청남도 서산시 석남동,중상사고,0,1,0,0,차대차 - 추돌 - 주정차중,안전운전불이행,건조,맑음,교차로 - 교차로부근,승용,남,53세,상해없음,승용,여,45세,중상
2012102100100527,2012년 10월 21일 22시,일요일,충청남도 보령시 청소면,경상사고,0,0,1,0,차대차 - 기타,안전운전불이행,건조,맑음,단일로 - 기타,승용,여,47세,상해없음,승용,남,42세,상해없음
2012102100100528,2012년 10월 21일 22시,일요일,충청남도 청양군 청양읍,경상사고,0,0,1,0,차대사람 - 기타,안전운전불이행,건조,맑음,단일로 - 기타,승용,남,24세,상해없음,보행자,남,48세,경상
2012102200100035,2012년 10월 22일 04시,월요일,충청남도 보령시 주산면,사망사고,1,0,0,0,차량단독 - 공작물충돌,안전운전불이행,습기,비,단일로 - 기타,승용,남,35세,사망,,,,
2012102200100048,2012년 10월 22일 05시,월요일,충청남도 홍성군 홍성읍,중상사고,0,2,1,0,차대차 - 정면충돌,안전운전불이행,습기,비,단일로 - 기타,승용,여,57세,중상,승용,남,24세,경상
2012102200100081,2012년 10월 22일 06시,월요일,충청남도 천안시 서북구 쌍용동,중상사고,0,1,0,0,차대차 - 기타,신호위반,건조,맑음,기타 - 기타,승용,남,62세,상해없음,화물,남,41세,중상
2012102200100082,2012년 10월 22일 06시,월요일,충청남도 논산시 연산면,중상사고,0,3,3,0,차대차 - 측면직각충돌,신호위반,습기,비,교차로 - 교차로안,승용,남,53세,중상,승용,남,25세,경상
2012102200100107,2012년 10월 22일 07시,월요일,충청남도 천안시 서북구 쌍용동,중상사고,0,1,0,0,차대사람 - 기타,안전운전불이행,습기,비,기타 - 기타,승용,남,57세,상해없음,보행자,여,52세,중상
2012102200100137,2012년 10월 22일 08시,월요일,충청남도 태안군 태안읍,경상사고,0,0,1,0,차대차 - 측면직각충돌,안전운전불이행,습기,비,단일로 - 기타,화물,남,56세,상해없음,승용,여,37세,경상
2012102200100207,2012년 10월 22일 10시,월요일,충청남도 태안군 근흥면,경상사고,0,0,2,0,차대차 - 측면직각충돌,중앙선침범,습기,비,단일로 - 기타,화물,남,59세,상해없음,화물,남,22세,상해없음
2012102200100208,2012년 10월 22일 10시,월요일,충청남도 보령시 주포면,중상사고,0,1,0,0,차대차 - 정면충돌,안전운전불이행,습기,비,단일로 - 기타,승용,남,24세,상해없음,승용,여,45세,중상
2012102200100209,2012년 10월 22일 10시,월요일,충청남도 천안시 동남구 신부동,중상사고,0,1,0,0,차대사람 - 횡단중,보행자보호의무위반,습기,비,교차로 - 교차로안,승용,남,31세,상해없음,보행자,남,51세,중상
2012102200100238,2012년 10월 22일 11시,월요일,충청남도 아산시 온천동,경상사고,0,0,1,0,차대사람 - 횡단중,안전운전불이행,습기,비,교차로 - 교차로부근,승용,남,59세,상해없음,보행자,남,52세,경상
2012102200100267,2012년 10월 22일 12시,월요일,충청남도 예산군 예산읍,중상사고,0,1,1,0,차대차 - 측면직각충돌,직진우회전진행방해,습기,비,교차로 - 교차로안,승용,남,22세,상해없음,승합,남,66세,경상
2012102200100268,2012년 10월 22일 12시,월요일,충청남도 천안시 동남구 병천면,중상사고,0,1,0,0,차대차 - 추돌 - 진행중,안전운전불이행,습기,비,단일로 - 기타,건설기계,남,39세,상해없음,화물,남,43세,중상
2012102200100269,2012년 10월 22일 12시,월요일,충청남도 공주시 우성면,경상사고,0,0,1,0,차대차 - 측면직각충돌,안전운전불이행,건조,맑음,단일로 - 기타,승용,남,52세,상해없음,화물,남,38세,경상
2012102200100303,2012년 10월 22일 13시,월요일,충청남도 논산시 연무읍,중상사고,0,3,0,0,차대차 - 추돌 - 진행중,안전운전불이행,습기,비,단일로 - 기타,승용,남,53세,상해없음,승용,여,48세,중상
2012102200100408,2012년 10월 22일 16시,월요일,충청남도 천안시 서북구 직산읍,중상사고,0,1,0,0,차대차 - 기타,안전운전불이행,습기,흐림,교차로 - 교차로안,승용,남,48세,상해없음,화물,남,48세,중상
2012102200100512,2012년 10월 22일 18시,월요일,충청남도 천안시 서북구 백석동,경상사고,0,0,1,0,차대차 - 추돌 - 진행중,안전거리미확보,건조,맑음,단일로 - 기타,승용,남,51세,상해없음,승용,남,29세,상해없음
2012102200100513,2012년 10월 22일 18시,월요일,충청남도 천안시 서북구 백석동,경상사고,0,0,1,0,차대차 - 측면직각충돌,신호위반,건조,흐림,교차로 - 교차로안,승용,여,43세,상해없음,원동기,남,17세,경상
2012102200100514,2012년 10월 22일 18시,월요일,충청남도 논산시 채운면,경상사고,0,0,1,0,차대차 - 측면직각충돌,불법유턴,습기,흐림,단일로 - 기타,승용,남,49세,상해없음,화물,남,67세,경상
2012102200100515,2012년 10월 22일 18시,월요일,충청남도 홍성군 홍성읍,중상사고,0,1,0,0,차대사람 - 차도통행중,안전운전불이행,건조,흐림,교차로 - 교차로안,승용,남,25세,상해없음,보행자,남,65세,중상
2012102200100516,2012년 10월 22일 18시,월요일,충청남도 예산군 예산읍,중상사고,0,1,2,0,차대차 - 추돌 - 진행중,안전거리미확보,건조,맑음,단일로 - 기타,승용,여,57세,상해없음,승용,남,57세,중상
2012102200100592,2012년 10월 22일 19시,월요일,충청남도 아산시 탕정면,중상사고,0,1,0,0,차대차 - 측면직각충돌,신호위반,건조,맑음,교차로 - 교차로안,승용,여,52세,상해없음,승용,남,50세,중상
2012102200100625,2012년 10월 22일 20시,월요일,충청남도 당진시 합덕읍,중상사고,0,1,0,0,차대사람 - 횡단중,안전운전불이행,건조,맑음,단일로 - 기타,승용,남,62세,상해없음,보행자,남,35세,중상
2012102200100626,2012년 10월 22일 20시,월요일,충청남도 당진시 합덕읍,경상사고,0,0,1,0,차대사람 - 길가장자리구역통행중,안전운전불이행,건조,맑음,단일로 - 기타,승용,남,62세,상해없음,보행자,남,35세,경상
2012102200100627,2012년 10월 22일 20시,월요일,충청남도 천안시 동남구 목천읍,중상사고,0,1,2,0,차대차 - 추돌 - 진행중,안전운전불이행,건조,맑음,단일로 - 기타,화물,남,43세,경상,화물,남,48세,경상
2012102200100671,2012년 10월 22일 21시,월요일,충청남도 서산시 동문동,경상사고,0,0,8,0,차대차 - 추돌 - 주정차중,안전운전불이행,습기,흐림,교차로 - 교차로부근,승용,남,52세,상해없음,승합,남,44세,경상
2012102200100672,2012년 10월 22일 21시,월요일,충청남도 공주시 신관동,경상사고,0,0,2,0,차대사람 - 횡단중,안전운전불이행,건조,맑음,단일로 - 기타,승용,남,25세,상해없음,보행자,남,58세,경상
2012102200100735,2012년 10월 22일 23시,월요일,충청남도 천안시 서북구 백석동,경상사고,0,0,1,0,차대차 - 추돌 - 진행중,안전운전불이행,건조,흐림,교차로 - 교차로부근,승용,남,35세,상해없음,승용,남,39세,경상
2012102200100736,2012년 10월 22일 23시,월요일,충청남도 논산시 취암동,경상사고,0,0,1,0,차대차 - 추돌 - 주정차중,안전운전불이행,건조,맑음,교차로 - 교차로부근,화물,남,47세,상해없음,승용,남,42세,경상
2012102300100108,2012년 10월 23일 07시,화요일,충청남도 아산시 방축동,경상사고,0,0,1,0,차대차 - 측면직각충돌,신호위반,건조,맑음,교차로 - 교차로안,승합,남,62세,상해없음,승용,남,43세,경상
2012102300100109,2012년 10월 23일 07시,화요일,충청남도 서천군 서천읍,중상사고,0,1,0,0,차대사람 - 기타,안전운전불이행,건조,맑음,교차로 - 교차로안,승용,남,47세,상해없음,보행자,남,67세,중상
2012102300100153,2012년 10월 23일 08시,화요일,충청남도 논산시 채운면,중상사고,0,1,0,0,차대차 - 기타,안전운전불이행,건조,맑음,단일로 - 기타,승용,남,57세,상해없음,원동기,여,64세,중상
2012102300100154,2012년 10월 23일 08시,화요일,충청남도 당진시 고대면,부상신고사고,0,0,0,1,차대사람 - 횡단중,안전운전불이행,건조,맑음,교차로 - 교차로안,승용,남,49세,상해없음,보행자,여,79세,부상신고
2012102300100209,2012년 10월 23일 09시,화요일,충청남도 서산시 잠홍동,중상사고,0,1,1,0,차대차 - 측면직각충돌,신호위반,건조,맑음,교차로 - 교차로안,승합,여,51세,상해없음,화물,남,36세,경상
2012102300100246,2012년 10월 23일 10시,화요일,충청남도 금산군 금산읍,경상사고,0,0,1,0,차대차 - 측면직각충돌,교차로운행방법위반,건조,맑음,교차로 - 교차로안,승용,여,54세,상해없음,이륜,여,70세,경상
2012102300100273,2012년 10월 23일 11시,화요일,충청남도 청양군 정산면,경상사고,0,0,1,0,차대차 - 측면직각충돌,직진우회전진행방해,건조,맑음,교차로 - 교차로안,화물,남,58세,상해없음,승용,여,50세,경상
2012102300100291,2012년 10월 23일 12시,화요일,충청남도 천안시 동남구 원성동,중상사고,0,4,2,0,차대차 - 추돌 - 진행중,안전운전불이행,건조,맑음,단일로 - 기타,승용,남,35세,상해없음,승합,여,60세,중상
2012102300100316,2012년 10월 23일 13시,화요일,충청남도 천안시 서북구 두정동,중상사고,0,1,0,0,차대차 - 측면직각충돌,중앙선침범,건조,맑음,교차로 - 교차로안,이륜,남,19세,중상,승용,여,35세,상해없음
2012102300100317,2012년 10월 23일 13시,화요일,충청남도 보령시 대천동,중상사고,0,1,0,0,차대사람 - 횡단중,안전운전불이행,건조,맑음,단일로 - 기타,승용,남,71세,상해없음,보행자,여,76세,중상
2012102300100348,2012년 10월 23일 14시,화요일,충청남도 예산군 예산읍,중상사고,0,2,0,0,차대차 - 측면직각충돌,안전운전불이행,건조,맑음,교차로 - 교차로안,승합,남,71세,중상,화물,남,45세,중상
2012102300100382,2012년 10월 23일 15시,화요일,충청남도 서천군 기산면,경상사고,0,0,2,0,차대차 - 기타,안전운전불이행,건조,맑음,단일로 - 기타,화물,남,72세,상해없음,승용,남,42세,경상
2012102300100383,2012년 10월 23일 15시,화요일,충청남도 보령시 주교면,중상사고,0,1,0,0,차대차 - 정면충돌,중앙선침범,건조,맑음,단일로 - 기타,화물,남,57세,상해없음,이륜,남,62세,중상
2012102300100384,2012년 10월 23일 15시,화요일,충청남도 금산군 금산읍,사망사고,1,0,0,0,차대차 - 정면충돌,교차로운행방법위반,건조,맑음,교차로 - 교차로안,이륜,남,74세,사망,화물,남,72세,상해없음
2012102300100429,2012년 10월 23일 16시,화요일,충청남도 청양군 정산면,중상사고,0,1,0,0,차대차 - 측면직각충돌,중앙선침범,건조,맑음,단일로 - 기타,승용,남,32세,상해없음,승용,남,33세,중상
2012102300100464,2012년 10월 23일 17시,화요일,충청남도 예산군 신암면,중상사고,0,1,0,0,차대사람 - 횡단중,안전운전불이행,건조,맑음,교차로 - 교차로안,화물,남,52세,상해없음,보행자,여,10세,중상
2012102300100526,2012년 10월 23일 18시,화요일,충청남도 서천군 화양면,중상사고,0,1,1,0,차대차 - 기타,안전운전불이행,건조,맑음,단일로 - 기타,승용,남,53세,중상,농기계,남,49세,경상
2012102300100578,2012년 10월 23일 19시,화요일,충청남도 계룡시 금암동,중상사고,0,1,2,0,차대차 - 기타,교차로운행방법위반,건조,맑음,교차로 - 교차로안,승용,남,51세,경상,승용,남,54세,중상
2012102300100672,2012년 10월 23일 22시,화요일,충청남도 논산시 은진면,경상사고,0,0,1,0,차대차 - 추돌 - 주정차중,안전운전불이행,건조,맑음,단일로 - 기타,승용,남,44세,기타불명,승용,남,40세,경상
2012102300100709,2012년 10월 23일 23시,화요일,충청남도 부여군 규암면,중상사고,0,1,1,0,차대차 - 측면직각충돌,안전운전불이행,건조,맑음,교차로 - 교차로안,승용,남,47세,상해없음,승용,남,37세,중상
2012102300100710,2012년 10월 23일 23시,화요일,충청남도 당진시 수청리,중상사고,0,3,0,0,차대차 - 기타,안전운전불이행,건조,맑음,교차로 - 교차로부근,승용,남,32세,상해없음,승용,여,39세,중상
2012102400100015,2012년 10월 24일 00시,수요일,충청남도 당진시 송악읍,사망사고,1,0,0,0,차대사람 - 기타,안전운전불이행,건조,맑음,단일로 - 기타,승합,남,46세,상해없음,보행자,남,44세,사망
2012102400100030,2012년 10월 24일 01시,수요일,충청남도 보령시 동대동,경상사고,0,0,1,0,차대차 - 측면직각충돌,신호위반,건조,맑음,교차로 - 교차로안,승용,여,31세,상해없음,승용,남,31세,경상
2012102400100031,2012년 10월 24일 01시,수요일,충청남도 천안시 동남구 신방동,경상사고,0,0,1,0,차대차 - 측면직각충돌,안전운전불이행,건조,맑음,교차로 - 교차로안,승용,남,41세,상해없음,승용,남,58세,경상
2012102400100106,2012년 10월 24일 07시,수요일,충청남도 천안시 서북구 쌍용동,경상사고,0,0,3,0,차대차 - 기타,안전운전불이행,건조,맑음,단일로 - 기타,승용,여,38세,상해없음,승용,남,53세,경상
2012102400100107,2012년 10월 24일 07시,수요일,충청남도 예산군 예산읍,경상사고,0,0,1,0,차대차 - 기타,안전운전불이행,건조,맑음,단일로 - 기타,승용,여,58세,상해없음,이륜,남,72세,상해없음
2012102400100141,2012년 10월 24일 08시,수요일,충청남도 홍성군 홍성읍,중상사고,0,1,0,0,차대차 - 측면직각충돌,중앙선침범,건조,맑음,교차로 - 교차로부근,승용,여,53세,상해없음,이륜,남,64세,중상
2012102400100142,2012년 10월 24일 08시,수요일,충청남도 아산시 온천동,중상사고,0,1,0,0,차대차 - 기타,안전운전불이행,건조,맑음,교차로 - 교차로안,승합,남,56세,상해없음,자전거,남,17세,중상
2012102400100143,2012년 10월 24일 08시,수요일,충청남도 천안시 동남구 동면,경상사고,0,0,1,0,차대차 - 측면직각충돌,중앙선침범,건조,맑음,단일로 - 기타,화물,남,33세,상해없음,화물,남,39세,경상
2012102400100179,2012년 10월 24일 09시,수요일,충청남도 천안시 서북구 입장면,중상사고,0,1,0,0,차대차 - 측면직각충돌,교차로운행방법위반,건조,맑음,교차로 - 교차로안,원동기,남,78세,중상,승용,남,58세,상해없음
2012102400100180,2012년 10월 24일 09시,수요일,충청남도 서천군 종천면,중상사고,0,1,3,0,차대차 - 기타,안전거리미확보,건조,맑음,단일로 - 기타,승용,여,68세,중상,승용,여,33세,경상
2012102400100198,2012년 10월 24일 10시,수요일,충청남도 예산군 고덕면,중상사고,0,1,0,0,차대차 - 측면직각충돌,직진우회전진행방해,건조,맑음,교차로 - 교차로안,이륜,남,76세,중상,화물,남,29세,상해없음
2012102400100258,2012년 10월 24일 12시,수요일,충청남도 예산군 덕산면,경상사고,0,0,1,0,차대사람 - 길가장자리구역통행중,안전운전불이행,건조,맑음,단일로 - 기타,승용,남,79세,상해없음,보행자,여,74세,경상
2012102400100259,2012년 10월 24일 12시,수요일,충청남도 부여군 부여읍,중상사고,0,1,0,0,차대사람 - 보도통행중,기타,건조,맑음,단일로 - 기타,화물,남,47세,상해없음,보행자,여,80세,중상
2012102400100282,2012년 10월 24일 13시,수요일,충청남도 논산시 덕지동,경상사고,0,0,2,0,차대차 - 측면직각충돌,불법유턴,건조,맑음,단일로 - 기타,화물,여,52세,상해없음,화물,남,32세,경상
2012102400100362,2012년 10월 24일 16시,수요일,충청남도 천안시 동남구 목천읍,경상사고,0,0,1,0,차대차 - 측면직각충돌,교차로운행방법위반,건조,맑음,교차로 - 교차로안,화물,남,59세,상해없음,승합,여,60세,상해없음
2012102400100390,2012년 10월 24일 17시,수요일,충청남도 천안시 동남구 청수동,중상사고,0,1,0,0,차대차 - 추돌 - 진행중,직진우회전진행방해,건조,맑음,교차로 - 교차로안,이륜,남,65세,중상,승합,남,50세,상해없음
2012102400100430,2012년 10월 24일 18시,수요일,충청남도 보령시 동대동,중상사고,0,1,0,0,차대차 - 측면직각충돌,직진우회전진행방해,건조,맑음,교차로 - 교차로안,승용,여,62세,상해없음,이륜,남,35세,중상
2012102400100480,2012년 10월 24일 19시,수요일,충청남도 천안시 동남구 신부동,경상사고,0,0,1,0,차대차 - 측면직각충돌,신호위반,건조,맑음,단일로 - 횡단보도부근,승용,남,25세,상해없음,이륜,남,20세,경상
2012102400100548,2012년 10월 24일 21시,수요일,충청남도 논산시 연무읍,중상사고,0,1,0,0,차량단독 - 전도전복,안전운전불이행,건조,맑음,교차로 - 교차로안,이륜,남,52세,중상,,,,
2012102400100549,2012년 10월 24일 21시,수요일,충청남도 당진시 석문면,중상사고,0,1,1,0,차대차 - 정면충돌,중앙선침범,건조,맑음,단일로 - 기타,승용,남,42세,상해없음,승용,남,27세,경상
2012102400100550,2012년 10월 24일 21시,수요일,충청남도 당진시 읍내리,경상사고,0,0,2,0,차대차 - 측면직각충돌,차로위반,건조,맑음,교차로 - 교차로부근,승용,남,26세,상해없음,승용,남,29세,경상
2012102400100609,2012년 10월 24일 23시,수요일,충청남도 태안군 태안읍,경상사고,0,0,1,0,차대사람 - 길가장자리구역통행중,안전운전불이행,건조,맑음,교차로 - 교차로부근,기타불명,기타불명,기타불명,기타불명,보행자,남,16세,경상
2012102400100610,2012년 10월 24일 23시,수요일,충청남도 천안시 서북구 성정동,경상사고,0,0,2,0,차대차 - 정면충돌,중앙선침범,건조,맑음,교차로 - 교차로안,승용,여,46세,상해없음,승용,남,26세,경상
2012102400100611,2012년 10월 24일 23시,수요일,충청남도 아산시 온천동,경상사고,0,0,1,0,차대차 - 기타,신호위반,건조,맑음,교차로 - 교차로부근,승용,남,63세,상해없음,자전거,남,33세,경상
2012102500100011,2012년 10월 25일 00시,목요일,충청남도 천안시 서북구 쌍용동,경상사고,0,0,1,0,차대사람 - 차도통행중,안전운전불이행,건조,맑음,교차로 - 교차로안,승합,남,46세,상해없음,보행자,남,39세,경상
2012102500100036,2012년 10월 25일 02시,목요일,충청남도 서산시 인지면,경상사고,0,0,3,0,차대차 - 측면직각충돌,차로위반,건조,맑음,기타 - 기타,승용,남,31세,상해없음,승용,남,27세,경상
2012102500100049,2012년 10월 25일 03시,목요일,충청남도 천안시 동남구 청수동,경상사고,0,0,1,0,차대차 - 측면직각충돌,신호위반,건조,맑음,교차로 - 교차로안,승용,남,33세,상해없음,화물,남,53세,경상
2012102500100085,2012년 10월 25일 06시,목요일,충청남도 천안시 동남구 신부동,중상사고,0,1,0,0,차대사람 - 기타,안전운전불이행,건조,맑음,교차로 - 교차로안,기타불명,기타불명,기타불명,기타불명,보행자,여,68세,중상
2012102500100108,2012년 10월 25일 07시,목요일,충청남도 서천군 장항읍,경상사고,0,0,1,0,차대차 - 기타,직진우회전진행방해,건조,맑음,교차로 - 교차로안,승용,여,53세,상해없음,승용,남,62세,경상
2012102500100151,2012년 10월 25일 08시,목요일,충청남도 홍성군 광천읍,중상사고,0,1,0,0,차량단독 - 공작물충돌,안전운전불이행,건조,맑음,단일로 - 기타,승용,남,48세,중상,,,,
2012102500100152,2012년 10월 25일 08시,목요일,충청남도 서천군 마서면,경상사고,0,0,2,0,차대차 - 기타,직진우회전진행방해,건조,맑음,교차로 - 교차로안,승용,여,28세,경상,화물,남,47세,경상
2012102500100154,2012년 10월 25일 08시,목요일,충청남도 천안시 동남구 청당동,중상사고,0,1,0,0,차대차 - 기타,신호위반,건조,맑음,교차로 - 교차로안,승합,남,68세,상해없음,승용,남,60세,중상
2012102500100185,2012년 10월 25일 09시,목요일,충청남도 당진시 면천면,사망사고,1,0,0,0,차대사람 - 횡단중,안전운전불이행,건조,맑음,단일로 - 기타,화물,남,41세,상해없음,보행자,남,73세,사망
2012102500100205,2012년 10월 25일 10시,목요일,충청남도 공주시 옥룡동,경상사고,0,0,2,0,차대차 - 추돌 - 진행중,안전거리미확보,건조,맑음,단일로 - 기타,승용,여,46세,상해없음,승용,여,34세,경상
2012102500100258,2012년 10월 25일 12시,목요일,충청남도 천안시 서북구 성정동,중상사고,0,1,0,0,차대차 - 기타,신호위반,건조,맑음,교차로 - 교차로안,승용,여,51세,상해없음,승용,남,46세,중상
2012102500100343,2012년 10월 25일 15시,목요일,충청남도 예산군 예산읍,경상사고,0,0,1,0,차대차 - 기타,불법유턴,건조,맑음,단일로 - 기타,승용,남,56세,상해없음,원동기,남,56세,경상
2012102500100362,2012년 10월 25일 16시,목요일,충청남도 당진시 석문면,경상사고,0,0,1,0,차대사람 - 차도통행중,안전운전불이행,건조,맑음,단일로 - 기타,화물,남,28세,상해없음,보행자,여,56세,경상
2012102500100399,2012년 10월 25일 17시,목요일,충청남도 천안시 서북구 직산읍,경상사고,0,0,1,0,차량단독 - 기타,기타,건조,맑음,기타 - 기타,승합,남,43세,상해없음,,,,
2012102500100400,2012년 10월 25일 17시,목요일,충청남도 청양군 청양읍,중상사고,0,1,0,0,차대차 - 측면직각충돌,안전거리미확보,건조,맑음,교차로 - 교차로부근,화물,남,50세,상해없음,화물,남,33세,중상
2012102500100401,2012년 10월 25일 17시,목요일,충청남도 청양군 청남면,중상사고,0,1,0,0,차대차 - 측면직각충돌,안전운전불이행,건조,맑음,단일로 - 기타,이륜,남,64세,중상,승용,남,52세,상해없음
2012102500100441,2012년 10월 25일 18시,목요일,충청남도 공주시 의당면,중상사고,0,1,0,0,차대차 - 추돌 - 진행중,안전운전불이행,건조,맑음,단일로 - 기타,화물,남,44세,상해없음,자전거,남,44세,중상
2012102500100442,2012년 10월 25일 18시,목요일,충청남도 예산군 대흥면,중상사고,0,1,0,0,차량단독 - 기타,안전운전불이행,건조,맑음,단일로 - 기타,원동기,남,80세,중상,,,,
2012102500100484,2012년 10월 25일 19시,목요일,충청남도 천안시 서북구 백석동,경상사고,0,0,1,0,차대차 - 추돌 - 진행중,안전운전불이행,건조,맑음,단일로 - 기타,승용,남,27세,상해없음,승용,남,51세,경상
2012102500100485,2012년 10월 25일 19시,목요일,충청남도 천안시 서북구 성정동,경상사고,0,0,1,0,차대차 - 측면직각충돌,안전운전불이행,건조,맑음,단일로 - 기타,화물,남,50세,상해없음,자전거,남,7세,경상
2012102500100524,2012년 10월 25일 20시,목요일,충청남도 서산시 대산읍,중상사고,0,1,0,0,차대사람 - 기타,안전운전불이행,건조,맑음,단일로 - 기타,승용,남,45세,상해없음,보행자,남,59세,중상
2012102500100525,2012년 10월 25일 20시,목요일,충청남도 공주시 옥룡동,경상사고,0,0,1,0,차대차 - 기타,교차로운행방법위반,건조,맑음,교차로 - 교차로안,승합,남,60세,상해없음,승용,남,43세,경상
2012102500100549,2012년 10월 25일 21시,목요일,충청남도 공주시 신관동,경상사고,0,0,3,0,차대차 - 기타,불법유턴,건조,맑음,단일로 - 기타,승용,남,65세,상해없음,승용,남,30세,경상
2012102500100550,2012년 10월 25일 21시,목요일,충청남도 부여군 부여읍,경상사고,0,0,1,0,차대차 - 추돌 - 주정차중,안전운전불이행,건조,맑음,교차로 - 교차로부근,승용,남,36세,경상,건설기계,미분류,기타불명,기타불명
2012102500100585,2012년 10월 25일 22시,목요일,충청남도 공주시 옥룡동,경상사고,0,0,1,0,차대차 - 측면직각충돌,신호위반,건조,맑음,교차로 - 교차로부근,승용,여,45세,상해없음,이륜,남,17세,경상
2012102500100586,2012년 10월 25일 22시,목요일,충청남도 천안시 동남구 신부동,경상사고,0,0,1,0,차대사람 - 기타,안전운전불이행,건조,맑음,단일로 - 기타,승용,남,43세,상해없음,보행자,남,36세,경상
2012102600100012,2012년 10월 26일 00시,금요일,충청남도 공주시 금흥동,경상사고,0,0,1,0,차대차 - 기타,중앙선침범,건조,맑음,단일로 - 기타,승용,남,53세,상해없음,승용,남,53세,경상
2012102600100034,2012년 10월 26일 01시,금요일,충청남도 논산시 채운면,중상사고,0,1,1,0,차대차 - 측면직각충돌,안전운전불이행,건조,맑음,단일로 - 기타,승합,남,51세,상해없음,승용,남,51세,경상
2012102600100092,2012년 10월 26일 05시,금요일,충청남도 천안시 서북구 성환읍,중상사고,0,1,1,0,차대차 - 기타,안전운전불이행,건조,맑음,단일로 - 기타,화물,남,49세,상해없음,농기계,남,72세,경상
2012102600100135,2012년 10월 26일 07시,금요일,충청남도 서산시 죽성동,경상사고,0,0,1,0,차대차 - 측면직각충돌,기타,건조,맑음,교차로 - 교차로안,원동기,남,79세,경상,승용,여,42세,상해없음
2012102600100136,2012년 10월 26일 07시,금요일,충청남도 논산시 상월면,사망사고,1,0,0,0,차량단독 - 공작물충돌,안전운전불이행,건조,맑음,단일로 - 기타,이륜,남,54세,사망,,,,
2012102600100180,2012년 10월 26일 08시,금요일,충청남도 예산군 대흥면,경상사고,0,0,3,0,차대차 - 측면직각충돌,직진우회전진행방해,건조,맑음,교차로 - 교차로안,화물,남,65세,경상,승용,남,40세,경상
2012102600100216,2012년 10월 26일 09시,금요일,충청남도 태안군 태안읍,중상사고,0,1,0,0,차대차 - 측면직각충돌,안전운전불이행,건조,맑음,단일로 - 기타,건설기계,남,54세,상해없음,화물,남,56세,중상
2012102600100217,2012년 10월 26일 09시,금요일,충청남도 논산시 채운면,중상사고,0,1,0,0,차대사람 - 횡단중,안전운전불이행,건조,맑음,단일로 - 기타,화물,남,38세,상해없음,보행자,여,70세,중상
2012102600100218,2012년 10월 26일 09시,금요일,충청남도 천안시 동남구 신부동,중상사고,0,1,0,0,차대사람 - 기타,안전운전불이행,건조,맑음,단일로 - 기타,승용,여,49세,상해없음,보행자,남,79세,중상
2012102600100276,2012년 10월 26일 11시,금요일,충청남도 서천군 한산면,중상사고,0,1,0,0,차대사람 - 기타,안전운전불이행,건조,맑음,교차로 - 교차로안,화물,남,60세,상해없음,보행자,남,79세,중상
2012102600100277,2012년 10월 26일 11시,금요일,충청남도 공주시 중동,경상사고,0,0,1,0,차대차 - 기타,안전운전불이행,건조,맑음,단일로 - 기타,화물,남,76세,상해없음,이륜,여,50세,경상
2012102600100296,2012년 10월 26일 12시,금요일,충청남도 논산시 연산면,경상사고,0,0,3,0,차대차 - 추돌 - 주정차중,안전운전불이행,건조,맑음,교차로 - 교차로부근,화물,남,55세,상해없음,승용,남,57세,경상
2012102600100297,2012년 10월 26일 12시,금요일,충청남도 금산군 복수면,중상사고,0,1,2,0,차대차 - 측면직각충돌,중앙선침범,건조,맑음,단일로 - 기타,승용,남,33세,상해없음,승용,여,48세,경상