사고번호,사고일시,요일,시군구,사고내용,사망자수,중상자수,경상자수,부상신고자수,사고유형,법규위반,노면상태,기상상태,도로형태,가해운전자 차종,가해운전자 성별,가해운전자 연령,가해운전자 상해정도,피해운전자 차종,피해운전자 성별,피해운전자 연령,피해운전자 상해정도
2012103100100333,2012년 10월 31일 16시,수요일,충청남도 금산군 금산읍,경상사고,0,0,1,0,차대사람 - 차도통행중,안전운전불이행,건조,맑음,단일로 - 기타,화물,남,28세,상해없음,보행자,여,74세,경상
2012103100100373,2012년 10월 31일 17시,수요일,충청남도 공주시 유구읍,중상사고,0,2,0,0,차대차 - 측면직각충돌,교차로운행방법위반,건조,맑음,교차로 - 교차로안,화물,남,36세,상해없음,원동기,여,46세,중상
2012103100100374,2012년 10월 31일 17시,수요일,충청남도 당진시 원당리,중상사고,0,1,0,0,차대사람 - 횡단중,신호위반,건조,맑음,교차로 - 교차로부근,승용,남,63세,상해없음,보행자,남,11세,중상
2012103100100430,2012년 10월 31일 18시,수요일,충청남도 서산시 동문동,중상사고,0,1,0,0,차대사람 - 횡단중,보행자보호의무위반,건조,맑음,단일로 - 횡단보도상,승용,여,39세,상해없음,보행자,남,22세,중상
2012103100100431,2012년 10월 31일 18시,수요일,충청남도 천안시 서북구 쌍용동,경상사고,0,0,1,0,차대사람 - 횡단중,보행자보호의무위반,습기,비,교차로 - 교차로부근,승용,남,47세,상해없음,보행자,여,33세,경상
2012103100100432,2012년 10월 31일 18시,수요일,충청남도 아산시 영인면,경상사고,0,0,1,0,차대차 - 기타,안전운전불이행,습기,비,기타 - 기타,승용,남,62세,상해없음,승용,남,43세,경상
2012103100100433,2012년 10월 31일 18시,수요일,충청남도 아산시 도고면,중상사고,0,1,0,0,차대사람 - 차도통행중,안전운전불이행,습기,비,단일로 - 기타,화물,남,43세,상해없음,보행자,여,77세,중상
2012103100100434,2012년 10월 31일 18시,수요일,충청남도 보령시 동대동,중상사고,0,1,0,0,차대사람 - 횡단중,신호위반,습기,비,교차로 - 교차로안,승용,남,51세,상해없음,보행자,남,8세,중상
2012103100100435,2012년 10월 31일 18시,수요일,충청남도 보령시 요암동,중상사고,0,1,0,0,차대사람 - 횡단중,신호위반,건조,맑음,교차로 - 교차로부근,승용,남,48세,상해없음,보행자,여,62세,중상
2012103100100436,2012년 10월 31일 18시,수요일,충청남도 청양군 운곡면,중상사고,0,1,0,0,차대차 - 추돌 - 진행중,안전운전불이행,습기,비,단일로 - 기타,승용,남,29세,상해없음,농기계,남,52세,중상
2012103100100437,2012년 10월 31일 18시,수요일,충청남도 천안시 동남구 봉명동,경상사고,0,0,2,0,차대차 - 추돌 - 진행중,안전운전불이행,건조,맑음,단일로 - 기타,승용,남,40세,상해없음,승용,여,26세,경상
2012103100100445,2012년 10월 31일 18시,수요일,충청남도 보령시 웅천읍,경상사고,0,0,1,0,차대차 - 기타,안전운전불이행,건조,맑음,단일로 - 기타,승용,여,48세,상해없음,화물,남,36세,경상
2012103100100499,2012년 10월 31일 19시,수요일,충청남도 예산군 고덕면,경상사고,0,0,2,0,차대차 - 추돌 - 주정차중,안전거리미확보,기타,기타,단일로 - 기타,승용,여,50세,경상,승용,남,28세,경상
2012103100100500,2012년 10월 31일 19시,수요일,충청남도 당진시 석문면,중상사고,0,1,1,0,차대차 - 기타,안전운전불이행,습기,흐림,기타 - 기타,승용,남,38세,상해없음,승용,남,50세,경상
2012103100100541,2012년 10월 31일 20시,수요일,충청남도 계룡시 엄사면,경상사고,0,0,1,0,차대사람 - 횡단중,안전운전불이행,습기,흐림,단일로 - 기타,이륜,남,48세,상해없음,보행자,여,45세,경상
2012103100100542,2012년 10월 31일 20시,수요일,충청남도 보령시 동대동,중상사고,0,1,0,0,차대사람 - 횡단중,안전운전불이행,습기,비,교차로 - 교차로부근,이륜,남,46세,상해없음,보행자,여,43세,중상
2012103100100580,2012년 10월 31일 21시,수요일,충청남도 천안시 서북구 두정동,중상사고,0,1,0,0,차대사람 - 횡단중,보행자보호의무위반,습기,비,교차로 - 교차로안,승용,남,57세,상해없음,보행자,여,50세,중상
2012103100100581,2012년 10월 31일 21시,수요일,충청남도 홍성군 홍성읍,중상사고,0,1,0,0,차대차 - 기타,교차로운행방법위반,건조,맑음,교차로 - 교차로안,승용,남,29세,상해없음,승용,남,34세,중상
2012103100100618,2012년 10월 31일 22시,수요일,충청남도 예산군 예산읍,사망사고,1,0,1,0,차대차 - 정면충돌,안전운전불이행,습기,비,교차로 - 교차로부근,승용,남,24세,사망,화물,남,47세,경상
2012110100100032,2012년 11월 1일 01시,목요일,충청남도 천안시 서북구 백석동,중상사고,0,3,0,0,차대차 - 기타,중앙선침범,습기,비,기타 - 기타,승용,남,46세,중상,승용,남,46세,중상
2012110100100033,2012년 11월 1일 01시,목요일,충청남도 천안시 서북구 쌍용동,경상사고,0,0,1,0,차대차 - 기타,안전운전불이행,습기,비,기타 - 기타,승용,남,43세,상해없음,승용,남,33세,경상
2012110100100056,2012년 11월 1일 03시,목요일,충청남도 서산시 해미면,사망사고,2,0,0,0,차대차 - 추돌 - 주정차중,안전운전불이행,건조,맑음,단일로 - 기타,승용,남,37세,사망,승용,여,44세,기타불명
2012110100100057,2012년 11월 1일 03시,목요일,충청남도 천안시 서북구 성환읍,중상사고,0,1,0,0,차대차 - 기타,안전운전불이행,건조,맑음,교차로 - 교차로안,기타불명,기타불명,기타불명,기타불명,승용,남,49세,중상
2012110100100148,2012년 11월 1일 08시,목요일,충청남도 홍성군 홍성읍,중상사고,0,1,1,0,차대차 - 기타,안전운전불이행,건조,맑음,교차로 - 교차로안,승용,여,24세,경상,화물,남,60세,중상
2012110100100241,2012년 11월 1일 11시,목요일,충청남도 서산시 석남동,경상사고,0,0,1,0,차대차 - 기타,안전운전불이행,건조,맑음,단일로 - 기타,화물,남,50세,상해없음,승용,남,30세,경상
2012110100100243,2012년 11월 1일 11시,목요일,충청남도 청양군 대치면,중상사고,0,1,3,0,차대차 - 측면직각충돌,중앙선침범,건조,맑음,단일로 - 기타,승용,남,59세,경상,승합,남,49세,경상
2012110100100301,2012년 11월 1일 13시,목요일,충청남도 서산시 수석동,중상사고,0,1,0,0,차대차 - 기타,안전운전불이행,건조,맑음,단일로 - 기타,원동기,남,72세,중상,승용,여,52세,상해없음
2012110100100326,2012년 11월 1일 14시,목요일,충청남도 서산시 고북면,중상사고,0,1,0,0,차대차 - 측면직각충돌,교차로운행방법위반,건조,맑음,교차로 - 교차로안,원동기,여,52세,중상,화물,남,50세,상해없음
2012110100100327,2012년 11월 1일 14시,목요일,충청남도 천안시 동남구 풍세면,중상사고,0,1,0,0,차대차 - 기타,안전운전불이행,건조,맑음,단일로 - 기타,화물,여,55세,상해없음,자전거,여,54세,중상
2012110100100348,2012년 11월 1일 15시,목요일,충청남도 아산시 도고면,중상사고,0,1,0,0,차대차 - 추돌 - 주정차중,안전운전불이행,건조,맑음,교차로 - 교차로부근,화물,남,29세,상해없음,승용,남,47세,중상
2012110100100386,2012년 11월 1일 16시,목요일,충청남도 공주시 탄천면,중상사고,0,1,1,0,차대차 - 측면직각충돌,중앙선침범,건조,맑음,단일로 - 기타,농기계,남,64세,중상,건설기계,남,49세,경상
2012110100100421,2012년 11월 1일 17시,목요일,충청남도 태안군 원북면,중상사고,0,1,0,0,차대차 - 기타,안전운전불이행,건조,맑음,단일로 - 기타,화물,남,59세,상해없음,원동기,남,64세,중상
2012110100100422,2012년 11월 1일 17시,목요일,충청남도 논산시 광석면,경상사고,0,0,2,0,차대차 - 측면직각충돌,교차로운행방법위반,건조,맑음,교차로 - 교차로안,화물,남,53세,경상,승용,남,45세,경상
2012110100100423,2012년 11월 1일 17시,목요일,충청남도 부여군 구룡면,중상사고,0,1,0,0,차대사람 - 기타,안전운전불이행,건조,맑음,단일로 - 기타,승합,남,47세,상해없음,보행자,남,6세,중상
2012110100100473,2012년 11월 1일 18시,목요일,충청남도 논산시 연무읍,경상사고,0,0,1,1,차대차 - 기타,안전거리미확보,건조,맑음,단일로 - 기타,화물,남,37세,부상신고,승용,여,35세,경상
2012110100100474,2012년 11월 1일 18시,목요일,충청남도 논산시 연산면,중상사고,0,1,1,0,차대차 - 기타,신호위반,건조,맑음,교차로 - 교차로안,화물,남,76세,상해없음,승용,남,62세,경상
2012110100100475,2012년 11월 1일 18시,목요일,충청남도 예산군 신암면,중상사고,0,1,0,0,차대사람 - 횡단중,안전운전불이행,건조,맑음,단일로 - 기타,승용,여,52세,상해없음,보행자,남,76세,중상
2012110100100476,2012년 11월 1일 18시,목요일,충청남도 예산군 삽교읍,중상사고,0,1,0,0,차량단독 - 기타,안전운전불이행,건조,맑음,단일로 - 기타,원동기,남,37세,중상,,,,
2012110100100535,2012년 11월 1일 19시,목요일,충청남도 예산군 오가면,경상사고,0,0,1,0,차대사람 - 기타,안전운전불이행,건조,맑음,단일로 - 기타,승용,남,34세,상해없음,보행자,남,33세,경상
2012110100100573,2012년 11월 1일 20시,목요일,충청남도 천안시 서북구 입장면,중상사고,0,1,0,0,차대차 - 측면직각충돌,중앙선침범,건조,맑음,단일로 - 기타,승용,남,48세,상해없음,원동기,남,39세,중상
2012110100100574,2012년 11월 1일 20시,목요일,충청남도 아산시 신창면,경상사고,0,0,1,0,차대차 - 정면충돌,중앙선침범,건조,맑음,기타 - 기타,승용,남,45세,상해없음,승합,남,53세,경상
2012110100100575,2012년 11월 1일 20시,목요일,충청남도 천안시 동남구 봉명동,경상사고,0,0,1,0,차대차 - 추돌 - 주정차중,안전거리미확보,건조,맑음,단일로 - 기타,승용,남,41세,상해없음,승용,남,52세,경상
2012110100100603,2012년 11월 1일 21시,목요일,충청남도 천안시 서북구 두정동,경상사고,0,0,1,0,차대차 - 기타,안전운전불이행,건조,맑음,교차로 - 교차로안,승용,기타불명,기타불명,기타불명,자전거,남,17세,경상
2012110100100604,2012년 11월 1일 21시,목요일,충청남도 공주시 반죽동,중상사고,0,2,0,0,차대사람 - 기타,안전운전불이행,건조,맑음,교차로 - 교차로부근,승합,남,42세,상해없음,보행자,여,47세,중상
2012110100100636,2012년 11월 1일 22시,목요일,충청남도 홍성군 홍성읍,사망사고,1,0,0,0,차대사람 - 차도통행중,안전운전불이행,건조,맑음,단일로 - 기타,승용,남,39세,상해없음,보행자,남,51세,사망
2012110200100011,2012년 11월 2일 00시,금요일,충청남도 당진시 원당리,중상사고,0,1,0,0,차량단독 - 전도전복,교차로운행방법위반,건조,맑음,교차로 - 교차로부근,승용,남,35세,상해없음,,,,
2012110200100076,2012년 11월 2일 06시,금요일,충청남도 당진시 송산면,경상사고,0,0,1,0,차대차 - 기타,신호위반,건조,맑음,교차로 - 교차로안,승용,여,41세,상해없음,이륜,남,32세,경상
2012110200100099,2012년 11월 2일 07시,금요일,충청남도 보령시 주산면,중상사고,0,1,1,0,차대차 - 추돌 - 진행중,안전운전불이행,건조,맑음,단일로 - 기타,승용,남,37세,상해없음,농기계,남,72세,중상
2012110200100200,2012년 11월 2일 10시,금요일,충청남도 홍성군 홍성읍,중상사고,0,1,0,0,차대차 - 측면직각충돌,안전운전불이행,건조,맑음,단일로 - 기타,승용,남,61세,상해없음,이륜,여,61세,중상
2012110200100201,2012년 11월 2일 10시,금요일,충청남도 천안시 동남구 성황동,경상사고,0,0,1,0,차대차 - 측면직각충돌,교차로운행방법위반,건조,맑음,교차로 - 교차로안,승용,남,63세,상해없음,승용,여,44세,경상
2012110200100202,2012년 11월 2일 10시,금요일,충청남도 천안시 동남구 목천읍,부상신고사고,0,0,0,1,차대차 - 측면직각충돌,교차로운행방법위반,건조,맑음,교차로 - 교차로안,이륜,남,79세,부상신고,승용,여,51세,상해없음
2012110200100232,2012년 11월 2일 11시,금요일,충청남도 천안시 동남구 신부동,경상사고,0,0,1,0,차대사람 - 차도통행중,안전운전불이행,건조,맑음,단일로 - 기타,승용,여,40세,상해없음,보행자,남,29세,경상
2012110200100271,2012년 11월 2일 12시,금요일,충청남도 당진시 읍내리,중상사고,0,1,0,0,차대차 - 측면직각충돌,안전운전불이행,건조,맑음,단일로 - 기타,승용,여,45세,상해없음,승용,남,52세,중상
2012110200100272,2012년 11월 2일 12시,금요일,충청남도 공주시 우성면,중상사고,0,5,2,0,차대차 - 측면직각충돌,차로위반,건조,맑음,단일로 - 기타,승용,여,19세,상해없음,승용,여,18세,경상
2012110200100302,2012년 11월 2일 13시,금요일,충청남도 태안군 태안읍,사망사고,1,0,0,0,차대차 - 기타,안전운전불이행,건조,맑음,교차로 - 교차로안,원동기,남,74세,사망,화물,남,64세,상해없음
2012110200100303,2012년 11월 2일 13시,금요일,충청남도 천안시 서북구 성환읍,경상사고,0,0,2,0,차대차 - 기타,안전운전불이행,건조,맑음,단일로 - 기타,승용,기타불명,기타불명,기타불명,화물,남,46세,경상
2012110200100335,2012년 11월 2일 14시,금요일,충청남도 당진시 고대면,경상사고,0,0,3,0,차대차 - 추돌 - 주정차중,안전운전불이행,건조,맑음,단일로 - 기타,화물,남,44세,상해없음,화물,남,55세,경상
2012110200100400,2012년 11월 2일 16시,금요일,충청남도 논산시 노성면,중상사고,0,1,0,0,차대사람 - 기타,안전운전불이행,건조,맑음,단일로 - 기타,기타불명,기타불명,기타불명,기타불명,보행자,여,68세,중상
2012110200100401,2012년 11월 2일 16시,금요일,충청남도 부여군 세도면,중상사고,0,1,0,0,차대차 - 추돌 - 주정차중,안전운전불이행,건조,맑음,단일로 - 기타,화물,남,23세,상해없음,원동기,남,64세,중상
2012110200100432,2012년 11월 2일 17시,금요일,충청남도 천안시 서북구 성정동,중상사고,0,1,0,0,차대사람 - 횡단중,보행자보호의무위반,건조,맑음,교차로 - 교차로부근,화물,남,45세,상해없음,보행자,남,67세,중상
2012110200100433,2012년 11월 2일 17시,금요일,충청남도 아산시 선장면,중상사고,0,1,0,0,차대차 - 기타,안전운전불이행,건조,맑음,교차로 - 교차로부근,이륜,남,75세,중상,화물,남,47세,상해없음
2012110200100434,2012년 11월 2일 17시,금요일,충청남도 보령시 동대동,경상사고,0,0,1,0,차대사람 - 길가장자리구역통행중,안전운전불이행,건조,맑음,단일로 - 기타,승용,여,33세,상해없음,보행자,남,14세,경상
2012110200100435,2012년 11월 2일 17시,금요일,충청남도 예산군 오가면,중상사고,0,1,0,0,차대차 - 측면직각충돌,안전운전불이행,건조,맑음,교차로 - 교차로부근,화물,남,30세,상해없음,승용,여,57세,중상
2012110200100488,2012년 11월 2일 18시,금요일,충청남도 천안시 서북구 입장면,경상사고,0,0,2,0,차대차 - 추돌 - 주정차중,안전운전불이행,건조,맑음,교차로 - 교차로부근,화물,남,71세,상해없음,승용,여,47세,경상
2012110200100489,2012년 11월 2일 18시,금요일,충청남도 당진시 송악읍,경상사고,0,0,1,0,차대차 - 추돌 - 진행중,안전운전불이행,건조,맑음,단일로 - 기타,승용,남,47세,상해없음,승용,남,23세,경상
2012110200100543,2012년 11월 2일 19시,금요일,충청남도 천안시 서북구 백석동,경상사고,0,0,1,0,차대차 - 측면직각충돌,신호위반,건조,맑음,교차로 - 교차로안,승용,여,44세,상해없음,승용,남,30세,경상
2012110200100544,2012년 11월 2일 19시,금요일,충청남도 천안시 동남구 목천읍,경상사고,0,0,6,0,차대차 - 추돌 - 주정차중,안전운전불이행,건조,맑음,단일로 - 기타,승용,남,23세,상해없음,승용,여,55세,경상
2012110200100634,2012년 11월 2일 21시,금요일,충청남도 당진시 읍내리,중상사고,0,2,1,0,차대차 - 정면충돌,중앙선침범,습기,맑음,단일로 - 기타,승용,여,34세,상해없음,승용,남,31세,중상
2012110200100671,2012년 11월 2일 22시,금요일,충청남도 당진시 대덕리,중상사고,0,1,0,0,차대사람 - 횡단중,안전운전불이행,건조,맑음,단일로 - 기타,승용,남,24세,상해없음,보행자,여,57세,중상
2012110200100703,2012년 11월 2일 23시,금요일,충청남도 천안시 서북구 직산읍,중상사고,0,1,1,0,차대차 - 추돌 - 주정차중,안전운전불이행,건조,맑음,교차로 - 교차로부근,화물,남,45세,상해없음,승용,남,34세,경상
2012110200100704,2012년 11월 2일 23시,금요일,충청남도 홍성군 홍성읍,중상사고,0,1,0,0,차대차 - 측면직각충돌,안전운전불이행,건조,맑음,교차로 - 교차로안,승용,남,54세,상해없음,이륜,남,18세,중상
2012110300100017,2012년 11월 3일 00시,토요일,충청남도 천안시 동남구 신방동,경상사고,0,0,2,0,차대차 - 측면직각충돌,안전운전불이행,건조,맑음,단일로 - 기타,승용,남,39세,상해없음,승용,남,35세,경상
2012110300100079,2012년 11월 3일 03시,토요일,충청남도 서산시 지곡면,중상사고,0,1,0,0,차량단독 - 공작물충돌,안전운전불이행,건조,흐림,단일로 - 기타,승용,남,35세,상해없음,,,,
2012110300100080,2012년 11월 3일 03시,토요일,충청남도 예산군 봉산면,중상사고,0,1,1,0,차대차 - 정면충돌,중앙선침범,건조,맑음,단일로 - 기타,승용,남,25세,경상,화물,남,52세,중상
2012110300100128,2012년 11월 3일 06시,토요일,충청남도 천안시 서북구 두정동,경상사고,0,0,2,0,차대차 - 기타,안전운전불이행,건조,맑음,단일로 - 기타,승용,남,23세,상해없음,승용,여,22세,경상
2012110300100145,2012년 11월 3일 07시,토요일,충청남도 서산시 동문동,중상사고,0,3,3,0,차대차 - 기타,신호위반,건조,맑음,교차로 - 교차로안,승용,남,37세,상해없음,승용,남,39세,중상
2012110300100146,2012년 11월 3일 07시,토요일,충청남도 서천군 비인면,경상사고,0,0,1,0,차량단독 - 공작물충돌,안전운전불이행,건조,맑음,단일로 - 기타,화물,남,21세,경상,,,,
2012110300100147,2012년 11월 3일 07시,토요일,충청남도 당진시 송산면,경상사고,0,0,2,0,차대차 - 추돌 - 진행중,안전운전불이행,건조,맑음,단일로 - 기타,승합,남,54세,상해없음,승합,남,55세,경상
2012110300100180,2012년 11월 3일 08시,토요일,충청남도 보령시 성주면,중상사고,0,1,0,0,차대사람 - 횡단중,안전운전불이행,건조,맑음,교차로 - 교차로안,화물,남,41세,상해없음,보행자,여,7세,중상
2012110300100204,2012년 11월 3일 09시,토요일,충청남도 태안군 고남면,경상사고,0,0,5,0,차대차 - 정면충돌,교차로운행방법위반,건조,맑음,교차로 - 교차로부근,화물,남,61세,경상,승용,남,44세,경상
2012110300100205,2012년 11월 3일 09시,토요일,충청남도 아산시 음봉면,중상사고,0,1,0,0,차대사람 - 횡단중,신호위반,건조,맑음,교차로 - 교차로부근,승용,남,38세,상해없음,보행자,남,56세,중상
2012110300100240,2012년 11월 3일 10시,토요일,충청남도 서산시 부석면,경상사고,0,0,4,0,차대차 - 측면직각충돌,안전운전불이행,건조,맑음,단일로 - 기타,기타불명,기타불명,기타불명,기타불명,승용,남,58세,경상
2012110300100278,2012년 11월 3일 11시,토요일,충청남도 서천군 서천읍,중상사고,0,1,0,0,차대차 - 기타,안전운전불이행,건조,흐림,교차로 - 교차로부근,기타불명,기타불명,기타불명,기타불명,이륜,여,54세,중상
2012110300100279,2012년 11월 3일 11시,토요일,충청남도 천안시 동남구 병천면,중상사고,0,1,6,0,차대차 - 추돌 - 진행중,안전운전불이행,건조,맑음,단일로 - 기타,승용,남,50세,상해없음,승용,남,47세,경상
2012110300100320,2012년 11월 3일 12시,토요일,충청남도 논산시 취암동,중상사고,0,1,4,0,차대차 - 측면직각충돌,교차로운행방법위반,건조,맑음,교차로 - 교차로안,승용,여,52세,경상,승용,남,59세,상해없음
2012110300100321,2012년 11월 3일 12시,토요일,충청남도 홍성군 갈산면,중상사고,0,1,0,0,차대차 - 추돌 - 진행중,안전운전불이행,건조,맑음,단일로 - 터널,화물,남,62세,상해없음,농기계,남,75세,중상
2012110300100322,2012년 11월 3일 12시,토요일,충청남도 예산군 예산읍,경상사고,0,0,2,0,차대차 - 측면직각충돌,불법유턴,건조,맑음,단일로 - 기타,승용,남,72세,상해없음,승용,남,49세,경상
2012110300100323,2012년 11월 3일 12시,토요일,충청남도 부여군 양화면,중상사고,0,3,1,0,차대사람 - 기타,안전운전불이행,건조,맑음,기타 - 기타,화물,남,66세,상해없음,보행자,남,54세,중상
2012110300100324,2012년 11월 3일 12시,토요일,충청남도 청양군 장평면,경상사고,0,0,2,0,차대차 - 기타,차로위반,건조,맑음,단일로 - 기타,기타불명,기타불명,기타불명,기타불명,승용,여,32세,경상
2012110300100358,2012년 11월 3일 13시,토요일,충청남도 천안시 서북구 업성동,중상사고,0,1,0,0,차대차 - 기타,신호위반,건조,맑음,교차로 - 교차로부근,승용,남,18세,상해없음,승용,남,43세,중상
2012110300100399,2012년 11월 3일 14시,토요일,충청남도 홍성군 홍성읍,경상사고,0,0,1,0,차대차 - 측면직각충돌,안전운전불이행,건조,맑음,교차로 - 교차로부근,화물,남,56세,상해없음,승용,남,30세,경상
2012110300100400,2012년 11월 3일 14시,토요일,충청남도 서천군 마산면,중상사고,0,1,0,0,차대차 - 기타,기타,건조,맑음,교차로 - 교차로안,승용,여,68세,상해없음,이륜,남,77세,중상
2012110300100441,2012년 11월 3일 15시,토요일,충청남도 부여군 초촌면,중상사고,0,1,0,0,차대차 - 정면충돌,안전운전불이행,건조,맑음,단일로 - 기타,이륜,남,67세,중상,승용,남,63세,상해없음
2012110300100480,2012년 11월 3일 16시,토요일,충청남도 서산시 동문동,경상사고,0,0,1,0,차대사람 - 횡단중,보행자보호의무위반,건조,맑음,교차로 - 교차로부근,승용,여,32세,상해없음,보행자,여,26세,경상
2012110300100481,2012년 11월 3일 16시,토요일,충청남도 예산군 고덕면,중상사고,0,1,2,0,차대차 - 측면직각충돌,안전운전불이행,건조,맑음,단일로 - 기타,승용,남,33세,경상,이륜,남,61세,중상
2012110300100572,2012년 11월 3일 18시,토요일,충청남도 예산군 예산읍,경상사고,0,0,1,0,차대차 - 정면충돌,중앙선침범,건조,맑음,단일로 - 기타,승용,남,58세,상해없음,이륜,여,61세,경상
2012110300100573,2012년 11월 3일 18시,토요일,충청남도 예산군 예산읍,경상사고,0,0,5,0,차대차 - 추돌 - 주정차중,안전운전불이행,건조,맑음,단일로 - 교량,승용,남,52세,경상,승용,여,33세,경상
2012110300100660,2012년 11월 3일 20시,토요일,충청남도 당진시 합덕읍,중상사고,0,1,0,0,차대차 - 측면직각충돌,교차로운행방법위반,건조,맑음,교차로 - 교차로안,승용,여,40세,상해없음,승용,남,51세,중상
2012110300100661,2012년 11월 3일 20시,토요일,충청남도 천안시 동남구 청당동,경상사고,0,0,5,0,차대차 - 기타,안전운전불이행,건조,맑음,교차로 - 교차로부근,화물,남,44세,상해없음,승용,남,50세,경상
2012110300100702,2012년 11월 3일 21시,토요일,충청남도 천안시 서북구 두정동,경상사고,0,0,2,0,차대차 - 추돌 - 주정차중,안전운전불이행,건조,흐림,교차로 - 교차로부근,승용,남,24세,상해없음,승용,남,27세,경상
2012110300100703,2012년 11월 3일 21시,토요일,충청남도 논산시 강경읍,경상사고,0,0,1,0,차대사람 - 기타,안전운전불이행,건조,맑음,단일로 - 기타,승용,남,56세,상해없음,보행자,남,32세,경상
2012110300100704,2012년 11월 3일 21시,토요일,충청남도 홍성군 홍성읍,중상사고,0,1,0,0,차대차 - 측면직각충돌,신호위반,건조,맑음,교차로 - 교차로안,이륜,남,17세,중상,승용,남,47세,상해없음
2012110300100779,2012년 11월 3일 23시,토요일,충청남도 서산시 동문동,경상사고,0,0,2,0,차대차 - 측면직각충돌,불법유턴,건조,맑음,단일로 - 기타,원동기,남,16세,상해없음,이륜,남,20세,경상
2012110300100780,2012년 11월 3일 23시,토요일,충청남도 천안시 서북구 성거읍,경상사고,0,0,1,0,차대차 - 추돌 - 진행중,안전운전불이행,건조,맑음,단일로 - 기타,승용,남,47세,상해없음,승용,남,43세,경상
2012110300100781,2012년 11월 3일 23시,토요일,충청남도 천안시 서북구 쌍용동,경상사고,0,0,3,1,차대차 - 추돌 - 진행중,안전운전불이행,건조,맑음,교차로 - 교차로부근,화물,여,41세,상해없음,승용,남,25세,경상
2012110400100033,2012년 11월 4일 01시,일요일,충청남도 천안시 서북구 백석동,중상사고,0,1,4,0,차대차 - 정면충돌,중앙선침범,건조,맑음,단일로 - 기타,승용,남,32세,상해없음,승용,남,41세,중상
2012110400100053,2012년 11월 4일 02시,일요일,충청남도 논산시 광석면,경상사고,0,0,2,0,차대차 - 기타,안전거리미확보,건조,맑음,단일로 - 기타,승용,남,27세,상해없음,승용,남,27세,경상
2012110400100096,2012년 11월 4일 05시,일요일,충청남도 천안시 서북구 성정동,경상사고,0,0,1,0,차대사람 - 기타,안전운전불이행,건조,맑음,교차로 - 교차로부근,이륜,남,46세,기타불명,보행자,남,55세,경상
2012110400100138,2012년 11월 4일 09시,일요일,충청남도 천안시 동남구 성남면,중상사고,0,1,0,0,차대차 - 기타,안전운전불이행,건조,맑음,단일로 - 기타,이륜,남,49세,중상,화물,남,54세,상해없음
2012110400100155,2012년 11월 4일 10시,일요일,충청남도 보령시 남포면,중상사고,0,1,0,0,차대차 - 기타,안전운전불이행,건조,흐림,단일로 - 기타,승용,남,49세,상해없음,자전거,남,33세,중상
2012110400100193,2012년 11월 4일 12시,일요일,충청남도 천안시 서북구 쌍용동,중상사고,0,1,0,0,차대사람 - 기타,기타,건조,맑음,기타 - 기타,자전거,남,48세,기타불명,보행자,여,59세,중상
2012110400100194,2012년 11월 4일 12시,일요일,충청남도 논산시 내동,경상사고,0,0,1,0,차대차 - 측면직각충돌,안전운전불이행,건조,흐림,교차로 - 교차로안,승용,남,46세,상해없음,승용,남,59세,경상
2012110400100195,2012년 11월 4일 12시,일요일,충청남도 보령시 화산동,중상사고,0,2,2,0,차대차 - 측면직각충돌,안전운전불이행,습기,비,교차로 - 교차로부근,승용,남,31세,경상,승용,남,20세,경상
2012110400100196,2012년 11월 4일 12시,일요일,충청남도 천안시 동남구 봉명동,경상사고,0,0,1,0,차대사람 - 기타,안전운전불이행,건조,맑음,단일로 - 기타,승용,여,59세,상해없음,보행자,여,41세,경상
2012110400100214,2012년 11월 4일 13시,일요일,충청남도 서천군 장항읍,경상사고,0,0,1,0,차대차 - 기타,직진우회전진행방해,습기,비,교차로 - 교차로안,승용,남,55세,상해없음,이륜,남,50세,경상
2012110400100215,2012년 11월 4일 13시,일요일,충청남도 예산군 신양면,경상사고,0,0,5,0,차대차 - 정면충돌,중앙선침범,습기,비,단일로 - 기타,승용,남,35세,경상,승합,남,54세,경상
2012110400100349,2012년 11월 4일 17시,일요일,충청남도 서산시 운산면,중상사고,0,1,3,0,차대차 - 기타,신호위반,습기,흐림,교차로 - 교차로안,화물,남,55세,상해없음,승용,남,40세,중상
2012110400100350,2012년 11월 4일 17시,일요일,충청남도 천안시 동남구 신부동,중상사고,0,1,1,0,차대차 - 추돌 - 주정차중,안전운전불이행,습기,비,교차로 - 교차로부근,승용,남,62세,상해없음,승용,여,39세,중상
2012110400100407,2012년 11월 4일 18시,일요일,충청남도 서산시 수석동,사망사고,1,0,0,0,차대사람 - 횡단중,안전운전불이행,습기,비,교차로 - 교차로안,승합,남,58세,상해없음,보행자,여,61세,사망
2012110400100408,2012년 11월 4일 18시,일요일,충청남도 천안시 서북구 성정동,경상사고,0,0,1,0,차대사람 - 기타,안전운전불이행,습기,비,단일로 - 기타,기타불명,기타불명,기타불명,기타불명,보행자,남,53세,경상
2012110400100409,2012년 11월 4일 18시,일요일,충청남도 논산시 취암동,경상사고,0,0,1,0,차대차 - 추돌 - 주정차중,안전운전불이행,습기,비,교차로 - 교차로부근,화물,남,49세,상해없음,화물,남,54세,경상
2012110400100410,2012년 11월 4일 18시,일요일,충청남도 논산시 내동,중상사고,0,1,0,0,차대사람 - 횡단중,보행자보호의무위반,습기,비,단일로 - 횡단보도상,승용,남,37세,상해없음,보행자,여,56세,중상
2012110400100411,2012년 11월 4일 18시,일요일,충청남도 공주시 신관동,경상사고,0,0,2,0,차대차 - 측면직각충돌,신호위반,습기,비,교차로 - 교차로안,화물,남,57세,상해없음,승용,남,40세,기타불명