사고번호,사고일시,요일,시군구,사고내용,사망자수,중상자수,경상자수,부상신고자수,사고유형,법규위반,노면상태,기상상태,도로형태,가해운전자 차종,가해운전자 성별,가해운전자 연령,가해운전자 상해정도,피해운전자 차종,피해운전자 성별,피해운전자 연령,피해운전자 상해정도
2012110400100412,2012년 11월 4일 18시,일요일,충청남도 예산군 고덕면,사망사고,1,0,0,0,차대사람 - 횡단중,안전운전불이행,습기,비,교차로 - 교차로안,승용,남,31세,상해없음,보행자,남,58세,사망
2012110400100413,2012년 11월 4일 18시,일요일,충청남도 천안시 동남구 신부동,경상사고,0,0,1,0,차대차 - 기타,교차로운행방법위반,습기,비,교차로 - 교차로부근,승용,여,25세,상해없음,승용,남,29세,경상
2012110400100479,2012년 11월 4일 19시,일요일,충청남도 천안시 서북구 백석동,중상사고,0,1,0,0,차대사람 - 횡단중,신호위반,습기,비,단일로 - 횡단보도상,승용,남,36세,상해없음,보행자,남,54세,중상
2012110400100480,2012년 11월 4일 19시,일요일,충청남도 당진시 석문면,경상사고,0,0,1,0,차대차 - 정면충돌,안전운전불이행,습기,비,단일로 - 기타,화물,남,52세,상해없음,승용,남,57세,경상
2012110400100481,2012년 11월 4일 19시,일요일,충청남도 청양군 장평면,중상사고,0,2,0,0,차량단독 - 도로외이탈 - 추락,안전운전불이행,습기,비,단일로 - 교량,승용,남,53세,중상,,,,
2012110400100552,2012년 11월 4일 20시,일요일,충청남도 천안시 동남구 안서동,중상사고,0,1,1,0,차대차 - 기타,중앙선침범,습기,비,교차로 - 교차로부근,승용,남,47세,상해없음,승용,남,63세,중상
2012110400100553,2012년 11월 4일 20시,일요일,충청남도 천안시 동남구 구성동,경상사고,0,0,1,0,차대사람 - 기타,안전운전불이행,습기,비,단일로 - 기타,승용,남,24세,상해없음,보행자,남,36세,경상
2012110400100595,2012년 11월 4일 21시,일요일,충청남도 천안시 동남구 구성동,중상사고,0,1,1,0,차대차 - 기타,안전운전불이행,습기,비,단일로 - 기타,승용,여,47세,중상,승용,남,31세,경상
2012110400100631,2012년 11월 4일 22시,일요일,충청남도 천안시 서북구 성환읍,경상사고,0,0,1,0,차대사람 - 기타,안전운전불이행,습기,비,단일로 - 기타,승용,여,46세,상해없음,보행자,여,68세,경상
2012110400100632,2012년 11월 4일 22시,일요일,충청남도 천안시 동남구 원성동,경상사고,0,0,1,0,차대차 - 기타,안전운전불이행,습기,비,단일로 - 기타,화물,남,62세,상해없음,승용,여,43세,경상
2012110400100666,2012년 11월 4일 23시,일요일,충청남도 아산시 둔포면,중상사고,0,1,0,0,차대사람 - 기타,안전운전불이행,습기,비,단일로 - 기타,화물,남,39세,상해없음,보행자,여,27세,중상
2012110500100095,2012년 11월 5일 07시,월요일,충청남도 태안군 태안읍,중상사고,0,1,0,0,차대차 - 정면충돌,중앙선침범,건조,맑음,단일로 - 기타,승용,남,46세,상해없음,승용,여,49세,중상
2012110500100136,2012년 11월 5일 08시,월요일,충청남도 천안시 서북구 성거읍,중상사고,0,1,1,0,차대차 - 기타,안전운전불이행,습기,맑음,교차로 - 교차로부근,승용,여,23세,상해없음,승용,여,37세,중상
2012110500100180,2012년 11월 5일 09시,월요일,충청남도 논산시 취암동,경상사고,0,0,1,0,차대차 - 기타,안전거리미확보,건조,맑음,교차로 - 교차로부근,승용,여,50세,상해없음,승합,남,51세,상해없음
2012110500100257,2012년 11월 5일 12시,월요일,충청남도 논산시 대교동,중상사고,0,1,0,0,차대사람 - 기타,안전운전불이행,건조,맑음,단일로 - 기타,화물,남,44세,상해없음,보행자,여,57세,중상
2012110500100288,2012년 11월 5일 13시,월요일,충청남도 청양군 정산면,중상사고,0,1,0,0,차대사람 - 횡단중,안전운전불이행,습기,비,단일로 - 기타,승용,남,53세,상해없음,보행자,여,69세,중상
2012110500100344,2012년 11월 5일 15시,월요일,충청남도 천안시 서북구 성정동,중상사고,0,2,2,0,차대차 - 측면직각충돌,교차로운행방법위반,건조,맑음,교차로 - 교차로안,화물,여,43세,상해없음,승용,남,51세,중상
2012110500100345,2012년 11월 5일 15시,월요일,충청남도 논산시 강산동,경상사고,0,0,1,0,차대사람 - 기타,보행자보호의무위반,건조,맑음,교차로 - 교차로부근,승용,남,34세,상해없음,보행자,남,9세,경상
2012110500100386,2012년 11월 5일 16시,월요일,충청남도 천안시 서북구 성정동,경상사고,0,0,2,0,차대차 - 기타,안전운전불이행,건조,맑음,단일로 - 기타,승용,기타불명,기타불명,기타불명,승용,여,42세,경상
2012110500100427,2012년 11월 5일 17시,월요일,충청남도 계룡시 엄사면,중상사고,0,1,0,0,차대사람 - 횡단중,보행자보호의무위반,습기,비,단일로 - 기타,승합,남,53세,상해없음,보행자,남,50세,중상
2012110500100428,2012년 11월 5일 17시,월요일,충청남도 홍성군 홍동면,중상사고,0,1,0,0,차대사람 - 횡단중,안전운전불이행,건조,흐림,단일로 - 기타,화물,남,63세,상해없음,보행자,여,18세,중상
2012110500100482,2012년 11월 5일 18시,월요일,충청남도 천안시 서북구 입장면,경상사고,0,0,1,0,차대차 - 기타,안전운전불이행,건조,맑음,단일로 - 기타,승용,기타불명,기타불명,기타불명,승용,남,47세,경상
2012110500100567,2012년 11월 5일 20시,월요일,충청남도 천안시 서북구 백석동,경상사고,0,0,2,0,차대차 - 기타,중앙선침범,건조,맑음,기타 - 기타,승용,남,23세,상해없음,승용,남,23세,경상
2012110500100568,2012년 11월 5일 20시,월요일,충청남도 계룡시 금암동,경상사고,0,0,1,0,차대차 - 기타,신호위반,건조,맑음,교차로 - 교차로안,승용,남,45세,상해없음,화물,남,41세,경상
2012110500100597,2012년 11월 5일 21시,월요일,충청남도 논산시 내동,경상사고,0,0,1,0,차대차 - 추돌 - 주정차중,안전운전불이행,건조,맑음,단일로 - 기타,화물,남,46세,상해없음,승용,남,31세,기타불명
2012110500100598,2012년 11월 5일 21시,월요일,충청남도 천안시 동남구 안서동,중상사고,0,1,0,0,차대사람 - 횡단중,안전거리미확보,건조,흐림,단일로 - 기타,이륜,남,19세,상해없음,보행자,여,25세,중상
2012110500100632,2012년 11월 5일 22시,월요일,충청남도 논산시 취암동,경상사고,0,0,1,0,차대차 - 기타,안전운전불이행,습기,비,단일로 - 기타,승용,남,54세,상해없음,원동기,남,57세,경상
2012110500100633,2012년 11월 5일 22시,월요일,충청남도 서천군 서천읍,중상사고,0,1,0,0,차량단독 - 공작물충돌,안전운전불이행,습기,비,교차로 - 교차로안,승용,남,66세,중상,,,,
2012110500100634,2012년 11월 5일 22시,월요일,충청남도 천안시 동남구 대흥동,경상사고,0,0,1,0,차대차 - 추돌 - 진행중,안전거리미확보,건조,맑음,단일로 - 기타,승합,남,44세,상해없음,승용,남,58세,경상
2012110600100020,2012년 11월 6일 00시,화요일,충청남도 홍성군 홍북면,중상사고,0,1,0,0,차량단독 - 공작물충돌,안전운전불이행,습기,흐림,단일로 - 기타,승합,여,23세,중상,,,,
2012110600100080,2012년 11월 6일 03시,화요일,충청남도 서산시 읍내동,중상사고,0,1,1,0,차대차 - 측면직각충돌,중앙선침범,습기,비,교차로 - 교차로안,승용,남,28세,상해없음,승용,남,52세,중상
2012110600100081,2012년 11월 6일 03시,화요일,충청남도 서산시 석림동,경상사고,0,0,1,0,차대차 - 기타,신호위반,습기,비,교차로 - 교차로안,승용,남,32세,경상,특수,남,55세,상해없음
2012110600100144,2012년 11월 6일 07시,화요일,충청남도 천안시 서북구 직산읍,경상사고,0,0,1,0,차대차 - 측면직각충돌,신호위반,습기,흐림,교차로 - 교차로안,화물,남,59세,상해없음,승용,남,42세,경상
2012110600100181,2012년 11월 6일 08시,화요일,충청남도 당진시 석문면,사망사고,1,4,1,0,차대차 - 정면충돌,중앙선침범,건조,맑음,단일로 - 기타,화물,남,50세,사망,화물,남,49세,경상
2012110600100182,2012년 11월 6일 08시,화요일,충청남도 천안시 동남구 성남면,경상사고,0,0,4,0,차대차 - 기타,안전운전불이행,건조,맑음,단일로 - 기타,화물,남,40세,상해없음,화물,남,50세,경상
2012110600100216,2012년 11월 6일 09시,화요일,충청남도 공주시 중동,경상사고,0,0,2,0,차대차 - 측면직각충돌,직진우회전진행방해,건조,맑음,교차로 - 교차로안,승용,남,74세,경상,승용,여,48세,경상
2012110600100300,2012년 11월 6일 13시,화요일,충청남도 당진시 송악읍,중상사고,0,1,1,0,차대차 - 추돌 - 진행중,안전운전불이행,습기,비,단일로 - 기타,승용,남,61세,상해없음,승용,남,46세,중상
2012110600100333,2012년 11월 6일 14시,화요일,충청남도 서산시 대산읍,경상사고,0,0,1,0,차대차 - 추돌 - 주정차중,안전운전불이행,습기,비,교차로 - 교차로부근,화물,남,53세,상해없음,승용,남,30세,경상
2012110600100334,2012년 11월 6일 14시,화요일,충청남도 논산시 가야곡면,경상사고,0,0,2,0,차대차 - 정면충돌,신호위반,건조,맑음,단일로 - 기타,승용,남,29세,상해없음,승용,여,42세,경상
2012110600100335,2012년 11월 6일 14시,화요일,충청남도 홍성군 홍북면,경상사고,0,0,1,0,차대차 - 기타,신호위반,습기,비,교차로 - 교차로안,화물,남,38세,상해없음,화물,남,42세,상해없음
2012110600100427,2012년 11월 6일 17시,화요일,충청남도 천안시 서북구 성정동,중상사고,0,1,0,0,차대사람 - 기타,교차로운행방법위반,건조,맑음,교차로 - 교차로부근,화물,여,59세,상해없음,보행자,남,47세,중상
2012110600100429,2012년 11월 6일 17시,화요일,충청남도 천안시 동남구 안서동,경상사고,0,0,1,0,차대사람 - 횡단중,안전운전불이행,건조,맑음,교차로 - 교차로부근,승용,여,24세,상해없음,보행자,남,50세,경상
2012110600100480,2012년 11월 6일 18시,화요일,충청남도 태안군 태안읍,중상사고,0,2,0,0,차대차 - 추돌 - 진행중,안전운전불이행,건조,흐림,단일로 - 기타,화물,남,46세,상해없음,농기계,남,80세,중상
2012110600100481,2012년 11월 6일 18시,화요일,충청남도 계룡시 신도안면,경상사고,0,0,2,0,차대차 - 측면직각충돌,안전운전불이행,건조,맑음,교차로 - 교차로안,승용,여,38세,상해없음,승용,여,39세,경상
2012110600100482,2012년 11월 6일 18시,화요일,충청남도 아산시 도고면,경상사고,0,0,4,0,차대차 - 추돌 - 주정차중,안전운전불이행,건조,맑음,교차로 - 교차로부근,승용,남,47세,상해없음,승용,남,25세,경상
2012110600100483,2012년 11월 6일 18시,화요일,충청남도 보령시 신흑동,중상사고,0,1,0,0,차대차 - 추돌 - 진행중,안전운전불이행,건조,맑음,단일로 - 기타,승합,남,47세,상해없음,승용,남,47세,중상
2012110600100484,2012년 11월 6일 18시,화요일,충청남도 청양군 청양읍,경상사고,0,0,2,0,차대차 - 측면직각충돌,직진우회전진행방해,건조,맑음,교차로 - 교차로안,승용,여,46세,경상,승합,남,48세,경상
2012110600100524,2012년 11월 6일 19시,화요일,충청남도 서산시 팔봉면,사망사고,1,2,0,0,차대차 - 추돌 - 진행중,안전운전불이행,건조,맑음,단일로 - 기타,화물,남,41세,중상,화물,남,75세,사망
2012110600100526,2012년 11월 6일 19시,화요일,충청남도 당진시 면천면,사망사고,1,0,0,0,차대사람 - 길가장자리구역통행중,안전운전불이행,건조,맑음,단일로 - 기타,화물,남,49세,상해없음,보행자,남,55세,사망
2012110600100595,2012년 11월 6일 21시,화요일,충청남도 천안시 서북구 두정동,경상사고,0,0,1,0,차대사람 - 길가장자리구역통행중,안전운전불이행,습기,흐림,기타 - 기타,승용,남,49세,상해없음,보행자,남,41세,경상
2012110600100596,2012년 11월 6일 21시,화요일,충청남도 천안시 동남구 용곡동,중상사고,0,1,0,0,차대사람 - 횡단중,안전운전불이행,건조,맑음,단일로 - 기타,승합,남,28세,상해없음,보행자,남,12세,중상
2012110600100597,2012년 11월 6일 21시,화요일,충청남도 천안시 동남구 신부동,경상사고,0,0,1,0,차대사람 - 차도통행중,안전운전불이행,건조,맑음,단일로 - 기타,승용,남,35세,상해없음,보행자,여,19세,경상
2012110600100618,2012년 11월 6일 22시,화요일,충청남도 천안시 서북구 성거읍,경상사고,0,0,1,0,차대차 - 추돌 - 주정차중,안전운전불이행,건조,맑음,교차로 - 교차로안,화물,남,51세,상해없음,승용,남,52세,경상
2012110700100014,2012년 11월 7일 00시,수요일,충청남도 아산시 풍기동,경상사고,0,0,2,0,차대차 - 추돌 - 주정차중,안전운전불이행,건조,맑음,교차로 - 교차로안,승용,남,22세,기타불명,승용,남,41세,경상
2012110700100060,2012년 11월 7일 04시,수요일,충청남도 천안시 서북구 쌍용동,중상사고,0,1,1,0,차대차 - 기타,안전거리미확보,건조,맑음,교차로 - 교차로부근,승용,남,32세,상해없음,승용,여,55세,경상
2012110700100061,2012년 11월 7일 04시,수요일,충청남도 아산시 인주면,중상사고,0,1,0,0,차대사람 - 횡단중,안전운전불이행,건조,맑음,교차로 - 교차로안,화물,남,50세,상해없음,보행자,남,57세,중상
2012110700100089,2012년 11월 7일 06시,수요일,충청남도 당진시 수청리,중상사고,0,1,0,0,차대사람 - 횡단중,안전운전불이행,습기,안개,단일로 - 기타,승용,남,32세,상해없음,보행자,여,70세,중상
2012110700100144,2012년 11월 7일 08시,수요일,충청남도 당진시 신평면,중상사고,0,1,0,0,차대차 - 기타,중앙선침범,건조,맑음,단일로 - 기타,화물,남,51세,상해없음,승용,여,38세,중상
2012110700100175,2012년 11월 7일 09시,수요일,충청남도 당진시 석문면,경상사고,0,0,1,0,차대차 - 측면직각충돌,안전운전불이행,건조,맑음,단일로 - 기타,화물,남,66세,상해없음,승용,여,38세,경상
2012110700100201,2012년 11월 7일 10시,수요일,충청남도 청양군 정산면,중상사고,0,1,0,0,차대차 - 기타,안전운전불이행,건조,맑음,단일로 - 기타,기타불명,기타불명,12세,기타불명,이륜,남,58세,중상
2012110700100324,2012년 11월 7일 15시,수요일,충청남도 천안시 서북구 성환읍,경상사고,0,0,1,0,차대사람 - 기타,안전운전불이행,건조,맑음,단일로 - 기타,기타불명,기타불명,기타불명,기타불명,보행자,남,18세,경상
2012110700100387,2012년 11월 7일 17시,수요일,충청남도 홍성군 홍성읍,경상사고,0,0,3,0,차대차 - 측면직각충돌,교차로운행방법위반,건조,흐림,교차로 - 교차로안,승용,남,44세,상해없음,원동기,여,16세,경상
2012110700100388,2012년 11월 7일 17시,수요일,충청남도 금산군 복수면,경상사고,0,0,1,0,차량단독 - 도로외이탈 - 기타,안전운전불이행,건조,맑음,단일로 - 기타,승합,남,65세,상해없음,,,,
2012110700100389,2012년 11월 7일 17시,수요일,충청남도 천안시 동남구 수신면,사망사고,1,0,0,0,차량단독 - 도로외이탈 - 추락,기타,건조,맑음,교차로 - 교차로부근,승용,남,46세,사망,,,,
2012110700100446,2012년 11월 7일 18시,수요일,충청남도 계룡시 엄사면,중상사고,0,1,0,0,차대사람 - 횡단중,안전운전불이행,건조,맑음,교차로 - 교차로안,승용,남,69세,상해없음,보행자,남,48세,중상
2012110700100447,2012년 11월 7일 18시,수요일,충청남도 공주시 옥룡동,중상사고,0,1,0,0,차대차 - 측면직각충돌,안전운전불이행,건조,맑음,교차로 - 교차로안,승용,여,48세,상해없음,이륜,남,58세,중상
2012110700100504,2012년 11월 7일 19시,수요일,충청남도 보령시 대천동,중상사고,0,1,0,0,차대사람 - 차도통행중,안전운전불이행,건조,맑음,단일로 - 기타,승용,남,43세,상해없음,보행자,여,75세,중상
2012110700100544,2012년 11월 7일 20시,수요일,충청남도 서산시 수석동,중상사고,0,1,3,0,차대차 - 정면충돌,중앙선침범,건조,맑음,단일로 - 기타,승용,여,45세,중상,승용,남,38세,경상
2012110700100545,2012년 11월 7일 20시,수요일,충청남도 서천군 장항읍,중상사고,0,1,0,0,차대차 - 기타,직진우회전진행방해,건조,맑음,교차로 - 교차로안,화물,남,57세,상해없음,승용,남,41세,상해없음
2012110700100546,2012년 11월 7일 20시,수요일,충청남도 서천군 마서면,경상사고,0,0,3,0,차대차 - 기타,안전운전불이행,건조,맑음,기타 - 기타,승용,남,19세,경상,승용,남,35세,경상
2012110700100574,2012년 11월 7일 21시,수요일,충청남도 천안시 동남구 신부동,경상사고,0,0,1,0,차대사람 - 기타,안전운전불이행,건조,맑음,단일로 - 기타,승합,남,46세,상해없음,보행자,남,70세,경상
2012110800100062,2012년 11월 8일 03시,목요일,충청남도 당진시 송산면,사망사고,2,0,0,0,차량단독 - 공작물충돌,안전운전불이행,건조,맑음,교차로 - 교차로부근,승용,남,19세,상해없음,,,,
2012110800100074,2012년 11월 8일 04시,목요일,충청남도 홍성군 홍성읍,경상사고,0,0,1,0,차대차 - 기타,교차로운행방법위반,건조,맑음,교차로 - 교차로안,승용,남,37세,상해없음,자전거,여,54세,경상
2012110800100095,2012년 11월 8일 06시,목요일,충청남도 천안시 서북구 쌍용동,경상사고,0,0,1,0,차대차 - 추돌 - 주정차중,안전운전불이행,건조,맑음,단일로 - 기타,승용,남,74세,상해없음,승용,남,27세,경상
2012110800100096,2012년 11월 8일 06시,목요일,충청남도 부여군 부여읍,경상사고,0,0,1,0,차대차 - 추돌 - 진행중,안전운전불이행,습기,안개,단일로 - 기타,화물,남,25세,상해없음,화물,남,37세,상해없음
2012110800100097,2012년 11월 8일 06시,목요일,충청남도 금산군 복수면,중상사고,0,1,0,0,차대차 - 측면직각충돌,안전운전불이행,기타,안개,단일로 - 기타,건설기계,남,51세,상해없음,원동기,여,68세,중상
2012110800100112,2012년 11월 8일 07시,목요일,충청남도 천안시 서북구 직산읍,경상사고,0,0,8,0,차대차 - 측면직각충돌,중앙선침범,건조,맑음,단일로 - 기타,화물,남,50세,상해없음,승합,남,56세,경상
2012110800100113,2012년 11월 8일 07시,목요일,충청남도 천안시 서북구 성거읍,경상사고,0,0,2,0,차대차 - 측면직각충돌,안전운전불이행,건조,맑음,교차로 - 교차로안,승용,남,23세,경상,건설기계,남,56세,경상
2012110800100134,2012년 11월 8일 08시,목요일,충청남도 금산군 진산면,중상사고,0,1,1,0,차대차 - 정면충돌,중앙선침범,건조,맑음,단일로 - 기타,승합,남,73세,중상,화물,남,63세,경상
2012110800100162,2012년 11월 8일 09시,목요일,충청남도 홍성군 홍성읍,중상사고,0,1,0,0,차대사람 - 길가장자리구역통행중,안전운전불이행,건조,흐림,단일로 - 기타,승용,남,38세,상해없음,보행자,여,43세,중상
2012110800100226,2012년 11월 8일 12시,목요일,충청남도 천안시 서북구 성거읍,경상사고,0,0,1,0,차대차 - 기타,신호위반,건조,맑음,교차로 - 교차로안,승용,남,58세,상해없음,승용,남,33세,경상
2012110800100248,2012년 11월 8일 13시,목요일,충청남도 홍성군 홍성읍,경상사고,0,0,1,0,차대차 - 정면충돌,교차로운행방법위반,건조,흐림,교차로 - 교차로안,승용,여,43세,상해없음,이륜,남,77세,경상
2012110800100249,2012년 11월 8일 13시,목요일,충청남도 서천군 서면,경상사고,0,0,3,1,차대차 - 기타,신호위반,건조,흐림,교차로 - 교차로안,승용,남,39세,부상신고,승용,여,32세,경상
2012110800100280,2012년 11월 8일 14시,목요일,충청남도 아산시 배방읍,중상사고,0,1,0,0,차대차 - 기타,안전운전불이행,건조,맑음,미분류 - 미분류,건설기계,남,41세,상해없음,승용,남,51세,중상
2012110800100282,2012년 11월 8일 14시,목요일,충청남도 금산군 추부면,중상사고,0,1,1,0,차대차 - 측면직각충돌,교차로운행방법위반,건조,맑음,교차로 - 교차로안,화물,남,52세,상해없음,승용,남,36세,경상
2012110800100304,2012년 11월 8일 15시,목요일,충청남도 천안시 서북구 성정동,중상사고,0,1,1,0,차대차 - 측면직각충돌,교차로운행방법위반,건조,맑음,교차로 - 교차로안,승용,여,32세,경상,승용,여,50세,중상
2012110800100305,2012년 11월 8일 15시,목요일,충청남도 서천군 장항읍,중상사고,0,1,0,0,차대사람 - 기타,안전운전불이행,건조,맑음,단일로 - 기타,기타불명,기타불명,기타불명,기타불명,보행자,여,71세,중상
2012110800100306,2012년 11월 8일 15시,목요일,충청남도 보령시 웅천읍,중상사고,0,1,0,0,차대사람 - 기타,안전운전불이행,건조,맑음,단일로 - 기타,건설기계,남,26세,상해없음,보행자,남,78세,중상
2012110800100331,2012년 11월 8일 16시,목요일,충청남도 천안시 서북구 백석동,경상사고,0,0,1,0,차대차 - 측면직각충돌,안전운전불이행,건조,맑음,단일로 - 기타,건설기계,남,64세,상해없음,승용,여,34세,경상
2012110800100332,2012년 11월 8일 16시,목요일,충청남도 계룡시 금암동,경상사고,0,0,1,0,차대차 - 측면직각충돌,불법유턴,건조,맑음,단일로 - 기타,승용,여,50세,상해없음,승용,여,44세,경상
2012110800100333,2012년 11월 8일 16시,목요일,충청남도 청양군 청남면,사망사고,1,1,0,0,차량단독 - 전도전복,안전운전불이행,건조,맑음,단일로 - 기타,농기계,남,76세,중상,,,,
2012110800100366,2012년 11월 8일 17시,목요일,충청남도 서천군 마서면,부상신고사고,0,0,0,1,차대차 - 기타,안전운전불이행,건조,맑음,단일로 - 기타,이륜,남,68세,부상신고,건설기계,미분류,기타불명,기타불명
2012110800100367,2012년 11월 8일 17시,목요일,충청남도 예산군 대흥면,중상사고,0,1,0,0,차대차 - 측면직각충돌,기타,건조,맑음,교차로 - 교차로안,화물,여,50세,상해없음,원동기,여,49세,중상
2012110800100368,2012년 11월 8일 17시,목요일,충청남도 부여군 규암면,경상사고,0,0,1,0,차대사람 - 기타,안전운전불이행,건조,맑음,단일로 - 기타,승용,남,52세,상해없음,보행자,남,8세,경상
2012110800100408,2012년 11월 8일 18시,목요일,충청남도 부여군 규암면,중상사고,0,1,0,0,차대차 - 기타,안전운전불이행,건조,맑음,교차로 - 교차로안,승용,여,62세,상해없음,자전거,여,47세,중상
2012110800100459,2012년 11월 8일 19시,목요일,충청남도 천안시 서북구 성환읍,경상사고,0,0,1,0,차대사람 - 기타,안전운전불이행,건조,맑음,단일로 - 기타,승용,남,46세,상해없음,보행자,남,58세,경상
2012110800100493,2012년 11월 8일 20시,목요일,충청남도 서산시 인지면,중상사고,0,1,0,1,차대사람 - 차도통행중,안전운전불이행,건조,맑음,단일로 - 기타,승용,남,45세,부상신고,보행자,남,87세,중상
2012110800100545,2012년 11월 8일 22시,목요일,충청남도 아산시 음봉면,사망사고,1,0,0,0,차대차 - 정면충돌,중앙선침범,습기,안개,기타 - 기타,승용,남,27세,상해없음,이륜,남,35세,사망
2012110800100575,2012년 11월 8일 23시,목요일,충청남도 아산시 온천동,중상사고,0,1,0,0,차대사람 - 기타,안전운전불이행,건조,맑음,단일로 - 기타,승용,남,47세,상해없음,보행자,남,44세,중상
2012110800100576,2012년 11월 8일 23시,목요일,충청남도 아산시 모종동,사망사고,1,0,0,0,차대사람 - 차도통행중,안전운전불이행,습기,안개,단일로 - 기타,승합,남,54세,상해없음,보행자,남,81세,사망
2012110800100577,2012년 11월 8일 23시,목요일,충청남도 천안시 동남구 구성동,부상신고사고,0,0,0,1,차대사람 - 기타,안전운전불이행,건조,맑음,단일로 - 기타,승용,남,43세,상해없음,보행자,남,38세,부상신고
2012110900100025,2012년 11월 9일 01시,금요일,충청남도 서산시 석남동,중상사고,0,1,0,0,차대차 - 기타,안전거리미확보,건조,맑음,교차로 - 교차로안,화물,남,38세,상해없음,승용,남,47세,중상
2012110900100077,2012년 11월 9일 05시,금요일,충청남도 공주시 유구읍,중상사고,0,1,0,0,차대차 - 추돌 - 진행중,안전운전불이행,습기,안개,단일로 - 기타,기타불명,기타불명,기타불명,기타불명,이륜,남,74세,중상
2012110900100100,2012년 11월 9일 07시,금요일,충청남도 당진시 합덕읍,중상사고,0,1,1,0,차대차 - 추돌 - 주정차중,안전운전불이행,습기,안개,단일로 - 기타,화물,남,52세,상해없음,승용,남,32세,경상
2012110900100139,2012년 11월 9일 08시,금요일,충청남도 논산시 광석면,중상사고,0,1,2,0,차대차 - 측면직각충돌,교차로운행방법위반,습기,안개,교차로 - 교차로안,화물,여,51세,경상,화물,남,66세,경상
2012110900100225,2012년 11월 9일 11시,금요일,충청남도 아산시 염치읍,경상사고,0,0,1,0,차대차 - 측면직각충돌,교차로운행방법위반,건조,맑음,교차로 - 교차로안,승용,남,57세,상해없음,승용,여,38세,경상
2012110900100248,2012년 11월 9일 12시,금요일,충청남도 논산시 연무읍,경상사고,0,0,2,0,차대차 - 추돌 - 주정차중,안전운전불이행,건조,맑음,단일로 - 기타,승용,남,50세,상해없음,승용,남,63세,경상
2012110900100268,2012년 11월 9일 13시,금요일,충청남도 당진시 송산면,중상사고,0,1,0,0,차대차 - 측면직각충돌,안전운전불이행,건조,맑음,단일로 - 기타,화물,남,43세,상해없음,이륜,남,63세,중상
2012110900100306,2012년 11월 9일 14시,금요일,충청남도 보령시 남포면,경상사고,0,0,1,0,차대차 - 측면직각충돌,직진우회전진행방해,건조,맑음,교차로 - 교차로안,이륜,남,77세,경상,승용,남,46세,상해없음
2012110900100307,2012년 11월 9일 14시,금요일,충청남도 예산군 삽교읍,중상사고,0,1,1,0,차대차 - 측면직각충돌,안전운전불이행,건조,맑음,단일로 - 기타,승용,여,41세,상해없음,이륜,남,75세,중상
2012110900100342,2012년 11월 9일 15시,금요일,충청남도 아산시 도고면,중상사고,0,2,0,0,차대차 - 측면직각충돌,중앙선침범,건조,맑음,교차로 - 교차로부근,승합,남,50세,상해없음,승용,여,47세,중상
2012110900100386,2012년 11월 9일 16시,금요일,충청남도 천안시 서북구 차암동,경상사고,0,0,1,0,차대차 - 기타,안전운전불이행,건조,맑음,기타 - 기타,승용,여,49세,상해없음,화물,남,28세,경상
2012110900100484,2012년 11월 9일 18시,금요일,충청남도 천안시 서북구 신당동,경상사고,0,0,2,0,차대차 - 추돌 - 진행중,안전운전불이행,건조,맑음,단일로 - 기타,승용,남,26세,상해없음,승용,남,41세,상해없음
2012110900100485,2012년 11월 9일 18시,금요일,충청남도 논산시 은진면,경상사고,0,0,1,0,차대차 - 기타,안전운전불이행,건조,맑음,교차로 - 교차로안,승합,남,56세,상해없음,승용,남,42세,경상
2012110900100486,2012년 11월 9일 18시,금요일,충청남도 부여군 부여읍,중상사고,0,1,0,0,차대사람 - 횡단중,보행자보호의무위반,건조,맑음,단일로 - 횡단보도상,승용,남,59세,상해없음,보행자,여,70세,중상
2012110900100531,2012년 11월 9일 19시,금요일,충청남도 보령시 동대동,중상사고,0,3,0,0,차대차 - 추돌 - 진행중,안전운전불이행,건조,맑음,교차로 - 교차로안,승용,남,33세,상해없음,승용,여,45세,중상
2012110900100532,2012년 11월 9일 19시,금요일,충청남도 부여군 규암면,중상사고,0,1,0,0,차대사람 - 횡단중,안전운전불이행,건조,맑음,단일로 - 기타,승용,남,30세,상해없음,보행자,남,69세,중상
2012110900100577,2012년 11월 9일 20시,금요일,충청남도 보령시 주산면,부상신고사고,0,0,0,1,차대차 - 추돌 - 진행중,안전운전불이행,건조,맑음,단일로 - 기타,이륜,남,64세,부상신고,승합,남,50세,상해없음
2012110900100601,2012년 11월 9일 21시,금요일,충청남도 천안시 서북구 성성동,경상사고,0,0,2,0,차대차 - 측면직각충돌,안전운전불이행,건조,맑음,단일로 - 기타,승용,남,27세,경상,승용,남,27세,경상
2012110900100602,2012년 11월 9일 21시,금요일,충청남도 보령시 주산면,중상사고,0,1,0,0,차량단독 - 공작물충돌,안전운전불이행,건조,맑음,단일로 - 기타,승용,남,30세,중상,,,,
2012110900100644,2012년 11월 9일 22시,금요일,충청남도 서산시 읍내동,중상사고,0,1,0,0,차대차 - 정면충돌,신호위반,건조,맑음,교차로 - 교차로안,원동기,남,16세,중상,승용,남,44세,상해없음
2012110900100645,2012년 11월 9일 22시,금요일,충청남도 보령시 동대동,경상사고,0,0,1,0,차대차 - 측면직각충돌,직진우회전진행방해,건조,맑음,교차로 - 교차로안,승용,남,41세,상해없음,이륜,남,24세,경상