사고번호,사고일시,요일,시군구,사고내용,사망자수,중상자수,경상자수,부상신고자수,사고유형,법규위반,노면상태,기상상태,도로형태,가해운전자 차종,가해운전자 성별,가해운전자 연령,가해운전자 상해정도,피해운전자 차종,피해운전자 성별,피해운전자 연령,피해운전자 상해정도
2012110900100680,2012년 11월 9일 23시,금요일,충청남도 천안시 서북구 성정동,경상사고,0,0,1,0,차대차 - 기타,안전운전불이행,건조,맑음,교차로 - 교차로부근,승용,여,38세,상해없음,승용,남,53세,경상
2012110900100681,2012년 11월 9일 23시,금요일,충청남도 홍성군 홍성읍,경상사고,0,0,1,0,차대차 - 측면직각충돌,중앙선침범,건조,맑음,단일로 - 기타,승용,남,39세,상해없음,승용,남,35세,경상
2012111000100068,2012년 11월 10일 02시,토요일,충청남도 천안시 동남구 삼룡동,경상사고,0,0,1,0,차대차 - 추돌 - 진행중,안전운전불이행,건조,맑음,단일로 - 기타,승용,남,26세,상해없음,승용,여,31세,경상
2012111000100090,2012년 11월 10일 03시,토요일,충청남도 아산시 신창면,경상사고,0,0,2,0,차대차 - 추돌 - 주정차중,안전운전불이행,건조,맑음,기타 - 기타,승용,남,25세,기타불명,승용,남,52세,경상
2012111000100125,2012년 11월 10일 05시,토요일,충청남도 당진시 읍내리,사망사고,1,0,0,0,차대사람 - 횡단중,안전운전불이행,건조,맑음,단일로 - 기타,승용,남,41세,상해없음,보행자,여,83세,사망
2012111000100126,2012년 11월 10일 05시,토요일,충청남도 청양군 운곡면,중상사고,0,1,0,0,차량단독 - 기타,안전운전불이행,습기,안개,단일로 - 기타,화물,남,29세,중상,,,,
2012111000100143,2012년 11월 10일 06시,토요일,충청남도 예산군 삽교읍,중상사고,0,1,0,0,차대사람 - 차도통행중,안전운전불이행,건조,맑음,단일로 - 기타,승용,남,66세,상해없음,보행자,남,51세,중상
2012111000100161,2012년 11월 10일 07시,토요일,충청남도 천안시 서북구 성정동,중상사고,0,1,0,0,차대차 - 측면직각충돌,신호위반,건조,맑음,교차로 - 교차로안,승용,여,31세,상해없음,화물,남,34세,중상
2012111000100188,2012년 11월 10일 08시,토요일,충청남도 금산군 금산읍,경상사고,0,0,1,0,차대차 - 측면직각충돌,교차로운행방법위반,건조,맑음,교차로 - 교차로부근,승합,남,46세,상해없음,원동기,남,66세,경상
2012111000100214,2012년 11월 10일 09시,토요일,충청남도 천안시 서북구 성정동,경상사고,0,0,1,0,차대차 - 기타,안전거리미확보,건조,맑음,교차로 - 교차로부근,승용,남,32세,상해없음,승용,남,56세,경상
2012111000100215,2012년 11월 10일 09시,토요일,충청남도 논산시 덕지동,경상사고,0,0,2,0,차대차 - 측면직각충돌,불법유턴,건조,맑음,단일로 - 기타,화물,남,58세,경상,승용,여,37세,경상
2012111000100289,2012년 11월 10일 11시,토요일,충청남도 부여군 부여읍,경상사고,0,0,1,0,차대차 - 기타,신호위반,건조,맑음,교차로 - 교차로안,승용,남,48세,상해없음,승용,남,34세,경상
2012111000100290,2012년 11월 10일 11시,토요일,충청남도 당진시 석문면,경상사고,0,0,2,0,차대차 - 추돌 - 주정차중,안전운전불이행,건조,맑음,단일로 - 기타,화물,남,55세,상해없음,승용,남,26세,상해없음
2012111000100291,2012년 11월 10일 11시,토요일,충청남도 천안시 동남구 봉명동,경상사고,0,0,1,0,차대사람 - 기타,안전운전불이행,건조,맑음,단일로 - 기타,승용,남,26세,상해없음,보행자,남,14세,경상
2012111000100330,2012년 11월 10일 12시,토요일,충청남도 예산군 예산읍,중상사고,0,1,0,0,차대차 - 측면직각충돌,안전운전불이행,건조,맑음,교차로 - 교차로안,농기계,남,78세,상해없음,원동기,여,44세,중상
2012111000100373,2012년 11월 10일 13시,토요일,충청남도 논산시 덕지동,중상사고,0,2,2,0,차대차 - 측면직각충돌,교차로운행방법위반,건조,맑음,교차로 - 교차로안,승용,남,39세,경상,승용,여,51세,중상
2012111000100403,2012년 11월 10일 14시,토요일,충청남도 보령시 동대동,중상사고,0,1,0,0,차대사람 - 차도통행중,안전운전불이행,건조,맑음,교차로 - 교차로부근,승용,여,42세,상해없음,보행자,여,82세,중상
2012111000100467,2012년 11월 10일 16시,토요일,충청남도 논산시 강산동,경상사고,0,0,1,0,차대사람 - 횡단중,안전운전불이행,건조,맑음,교차로 - 교차로부근,승용,여,38세,상해없음,보행자,남,6세,경상
2012111000100468,2012년 11월 10일 16시,토요일,충청남도 공주시 우성면,사망사고,1,0,0,0,차대사람 - 기타,안전운전불이행,건조,기타,단일로 - 기타,기타불명,기타불명,기타불명,기타불명,보행자,남,84세,사망
2012111000100498,2012년 11월 10일 17시,토요일,충청남도 천안시 서북구 쌍용동,중상사고,0,1,0,0,차대차 - 추돌 - 진행중,안전운전불이행,건조,맑음,단일로 - 기타,승용,남,40세,상해없음,원동기,남,34세,중상
2012111000100499,2012년 11월 10일 17시,토요일,충청남도 예산군 예산읍,중상사고,0,1,1,0,차대차 - 측면직각충돌,신호위반,건조,맑음,교차로 - 교차로안,승용,남,40세,경상,화물,남,45세,상해없음
2012111000100500,2012년 11월 10일 17시,토요일,충청남도 예산군 봉산면,중상사고,0,1,1,0,차대차 - 측면직각충돌,직진우회전진행방해,건조,흐림,교차로 - 교차로안,승합,남,48세,경상,승용,여,51세,중상
2012111000100501,2012년 11월 10일 17시,토요일,충청남도 당진시 원당리,경상사고,0,0,1,0,차대차 - 기타,중앙선침범,건조,맑음,단일로 - 기타,화물,남,64세,상해없음,화물,남,21세,경상
2012111000100553,2012년 11월 10일 18시,토요일,충청남도 아산시 배방읍,중상사고,0,2,1,0,차대차 - 추돌 - 주정차중,안전운전불이행,습기,맑음,기타 - 기타,승용,여,52세,상해없음,승용,여,53세,중상
2012111000100554,2012년 11월 10일 18시,토요일,충청남도 예산군 덕산면,중상사고,0,1,3,0,차대차 - 측면직각충돌,중앙선침범,건조,흐림,교차로 - 교차로부근,승용,남,32세,중상,승용,남,49세,경상
2012111000100555,2012년 11월 10일 18시,토요일,충청남도 당진시 순성면,부상신고사고,0,0,0,4,차대차 - 추돌 - 진행중,안전거리미확보,건조,맑음,단일로 - 기타,승용,남,45세,상해없음,승용,남,37세,부상신고
2012111000100556,2012년 11월 10일 18시,토요일,충청남도 금산군 추부면,경상사고,0,0,2,0,차대차 - 정면충돌,중앙선침범,건조,흐림,단일로 - 기타,승용,남,49세,상해없음,승용,남,56세,경상
2012111000100613,2012년 11월 10일 19시,토요일,충청남도 태안군 태안읍,경상사고,0,0,1,0,차대차 - 측면직각충돌,안전운전불이행,건조,흐림,교차로 - 교차로부근,승용,남,31세,상해없음,승용,남,50세,경상
2012111000100614,2012년 11월 10일 19시,토요일,충청남도 천안시 서북구 성환읍,경상사고,0,0,1,0,차대차 - 추돌 - 진행중,안전운전불이행,습기,비,단일로 - 기타,승용,남,52세,상해없음,승합,남,37세,경상
2012111000100616,2012년 11월 10일 19시,토요일,충청남도 천안시 동남구 유량동,경상사고,0,0,1,0,차대차 - 측면직각충돌,신호위반,건조,맑음,교차로 - 교차로부근,승용,남,60세,상해없음,승용,남,23세,경상
2012111000100663,2012년 11월 10일 20시,토요일,충청남도 천안시 서북구 두정동,중상사고,0,1,0,0,차대차 - 추돌 - 주정차중,기타,습기,비,교차로 - 교차로부근,승용,남,54세,상해없음,이륜,남,28세,중상
2012111000100664,2012년 11월 10일 20시,토요일,충청남도 논산시 강산동,중상사고,0,2,1,0,차대차 - 측면직각충돌,교차로운행방법위반,건조,맑음,교차로 - 교차로안,승용,남,50세,중상,승용,남,58세,경상
2012111000100665,2012년 11월 10일 20시,토요일,충청남도 부여군 부여읍,중상사고,0,1,0,0,차대사람 - 횡단중,안전운전불이행,습기,비,단일로 - 기타,승용,남,43세,상해없음,보행자,남,47세,중상
2012111000100666,2012년 11월 10일 20시,토요일,충청남도 금산군 금산읍,중상사고,0,1,0,0,차대차 - 측면직각충돌,직진우회전진행방해,건조,맑음,교차로 - 교차로안,승용,남,50세,상해없음,승용,남,32세,중상
2012111000100744,2012년 11월 10일 22시,토요일,충청남도 천안시 서북구 백석동,경상사고,0,0,3,0,차대차 - 추돌 - 주정차중,안전운전불이행,습기,비,단일로 - 기타,승용,남,40세,상해없음,승용,남,32세,경상
2012111000100745,2012년 11월 10일 22시,토요일,충청남도 공주시 정안면,경상사고,0,0,1,0,차대차 - 기타,안전운전불이행,건조,맑음,단일로 - 기타,승용,남,45세,상해없음,승용,여,47세,경상
2012111100100015,2012년 11월 11일 00시,일요일,충청남도 아산시 용화동,중상사고,0,1,1,0,차대사람 - 횡단중,보행자보호의무위반,습기,흐림,교차로 - 교차로안,승용,남,47세,상해없음,보행자,남,19세,중상
2012111100100102,2012년 11월 11일 02시,일요일,충청남도 당진시 순성면,중상사고,0,1,0,0,차대사람 - 기타,안전운전불이행,습기,비,단일로 - 기타,승용,남,43세,상해없음,보행자,남,54세,중상
2012111100100173,2012년 11월 11일 04시,일요일,충청남도 서천군 서천읍,경상사고,0,0,1,0,차대차 - 기타,직진우회전진행방해,습기,비,교차로 - 교차로안,승용,남,64세,상해없음,자전거,남,43세,경상
2012111100100191,2012년 11월 11일 05시,일요일,충청남도 천안시 동남구 신부동,경상사고,0,0,1,0,차대사람 - 기타,안전운전불이행,건조,맑음,교차로 - 교차로안,승용,남,25세,상해없음,보행자,남,34세,경상
2012111100100247,2012년 11월 11일 08시,일요일,충청남도 예산군 응봉면,중상사고,0,3,2,0,차량단독 - 공작물충돌,안전운전불이행,습기,비,단일로 - 기타,승용,남,21세,중상,,,,
2012111100100268,2012년 11월 11일 09시,일요일,충청남도 천안시 동남구 다가동,경상사고,0,0,2,0,차대차 - 측면직각충돌,교차로운행방법위반,습기,비,교차로 - 교차로안,승용,남,52세,경상,승용,여,51세,경상
2012111100100309,2012년 11월 11일 11시,일요일,충청남도 태안군 남면,부상신고사고,0,0,0,1,차량단독 - 전도전복,안전운전불이행,습기,흐림,단일로 - 기타,화물,남,57세,부상신고,,,,
2012111100100327,2012년 11월 11일 12시,일요일,충청남도 서산시 동문동,경상사고,0,0,1,0,차대차 - 측면직각충돌,기타,건조,흐림,단일로 - 기타,승용,남,31세,상해없음,원동기,여,55세,경상
2012111100100328,2012년 11월 11일 12시,일요일,충청남도 천안시 서북구 성정동,부상신고사고,0,0,0,1,차대차 - 측면직각충돌,신호위반,습기,비,교차로 - 교차로안,이륜,남,40세,부상신고,승용,남,28세,상해없음
2012111100100329,2012년 11월 11일 12시,일요일,충청남도 천안시 서북구 쌍용동,중상사고,0,1,0,0,차대차 - 추돌 - 진행중,안전운전불이행,건조,맑음,교차로 - 교차로부근,승용,남,52세,상해없음,승용,여,43세,중상
2012111100100351,2012년 11월 11일 13시,일요일,충청남도 천안시 서북구 두정동,경상사고,0,0,2,0,차대차 - 기타,안전운전불이행,습기,흐림,단일로 - 기타,승용,남,24세,상해없음,승용,남,33세,경상
2012111100100352,2012년 11월 11일 13시,일요일,충청남도 청양군 청양읍,경상사고,0,0,1,0,차대사람 - 횡단중,안전운전불이행,습기,흐림,교차로 - 교차로안,승용,여,46세,상해없음,보행자,여,32세,경상
2012111100100384,2012년 11월 11일 14시,일요일,충청남도 보령시 신흑동,중상사고,0,2,3,0,차대차 - 기타,중앙선침범,건조,맑음,단일로 - 기타,승용,남,47세,상해없음,화물,남,44세,경상
2012111100100413,2012년 11월 11일 15시,일요일,충청남도 아산시 둔포면,경상사고,0,0,1,0,차대차 - 추돌 - 주정차중,안전운전불이행,건조,흐림,교차로 - 교차로부근,승용,남,63세,상해없음,승용,남,46세,경상
2012111100100472,2012년 11월 11일 17시,일요일,충청남도 홍성군 홍성읍,경상사고,0,0,1,0,차대차 - 추돌 - 진행중,기타,건조,흐림,교차로 - 교차로부근,이륜,남,16세,경상,승용,남,55세,상해없음
2012111100100517,2012년 11월 11일 18시,일요일,충청남도 보령시 주산면,경상사고,0,0,1,0,차대사람 - 길가장자리구역통행중,안전운전불이행,건조,맑음,단일로 - 기타,승용,여,53세,상해없음,보행자,남,45세,경상
2012111100100518,2012년 11월 11일 18시,일요일,충청남도 천안시 동남구 용곡동,중상사고,0,1,0,0,차대차 - 측면직각충돌,차로위반,습기,비,교차로 - 교차로부근,승용,남,34세,상해없음,이륜,남,18세,중상
2012111100100567,2012년 11월 11일 19시,일요일,충청남도 서산시 인지면,중상사고,0,1,0,0,차대차 - 정면충돌,안전운전불이행,건조,맑음,단일로 - 기타,화물,남,33세,상해없음,승합,남,42세,상해없음
2012111100100568,2012년 11월 11일 19시,일요일,충청남도 천안시 동남구 원성동,경상사고,0,0,1,0,차대사람 - 보도통행중,안전운전불이행,건조,맑음,단일로 - 기타,승용,기타불명,기타불명,기타불명,보행자,남,58세,경상
2012111100100601,2012년 11월 11일 20시,일요일,충청남도 아산시 둔포면,경상사고,0,0,4,0,차대차 - 측면직각충돌,안전운전불이행,건조,맑음,교차로 - 교차로안,화물,남,33세,상해없음,승합,남,49세,경상
2012111100100633,2012년 11월 11일 21시,일요일,충청남도 서천군 마서면,중상사고,0,1,0,0,차대사람 - 기타,안전운전불이행,건조,기타,기타 - 기타,승용,남,34세,상해없음,보행자,여,73세,중상
2012111100100661,2012년 11월 11일 22시,일요일,충청남도 천안시 서북구 성정동,경상사고,0,0,1,0,차대차 - 기타,안전운전불이행,건조,맑음,단일로 - 기타,승용,남,31세,상해없음,승용,여,34세,경상
2012111100100662,2012년 11월 11일 22시,일요일,충청남도 공주시 옥룡동,경상사고,0,0,1,0,차대차 - 추돌 - 주정차중,안전운전불이행,건조,맑음,교차로 - 교차로부근,승용,남,48세,상해없음,승용,남,47세,경상
2012111200100037,2012년 11월 12일 02시,월요일,충청남도 천안시 서북구 성정동,경상사고,0,0,4,0,차대차 - 추돌 - 주정차중,안전운전불이행,습기,비,교차로 - 교차로부근,승용,남,32세,상해없음,승용,남,33세,경상
2012111200100049,2012년 11월 12일 03시,월요일,충청남도 천안시 서북구 두정동,중상사고,0,1,0,0,차대사람 - 횡단중,안전운전불이행,습기,비,단일로 - 기타,승용,남,71세,상해없음,보행자,여,27세,중상
2012111200100137,2012년 11월 12일 08시,월요일,충청남도 천안시 동남구 풍세면,경상사고,0,0,1,0,차대차 - 기타,안전운전불이행,건조,맑음,기타 - 기타,승용,남,35세,상해없음,승용,남,31세,경상
2012111200100160,2012년 11월 12일 09시,월요일,충청남도 논산시 부창동,중상사고,0,1,0,0,차대차 - 측면직각충돌,안전거리미확보,건조,흐림,단일로 - 기타,승용,남,77세,상해없음,이륜,남,78세,중상
2012111200100161,2012년 11월 12일 09시,월요일,충청남도 논산시 연무읍,경상사고,0,0,1,0,차대차 - 측면직각충돌,차로위반,습기,흐림,단일로 - 기타,화물,남,57세,상해없음,화물,남,63세,경상
2012111200100184,2012년 11월 12일 10시,월요일,충청남도 공주시 탄천면,사망사고,1,0,0,0,차대사람 - 횡단중,안전운전불이행,건조,맑음,교차로 - 교차로안,승합,남,56세,상해없음,보행자,여,82세,사망
2012111200100202,2012년 11월 12일 11시,월요일,충청남도 홍성군 홍성읍,중상사고,0,1,0,0,차대차 - 기타,기타,습기,비,교차로 - 교차로안,승용,남,51세,상해없음,이륜,남,54세,중상
2012111200100203,2012년 11월 12일 11시,월요일,충청남도 금산군 금산읍,경상사고,0,0,1,0,차대사람 - 기타,안전운전불이행,건조,맑음,교차로 - 교차로부근,원동기,남,68세,상해없음,보행자,여,67세,경상
2012111200100204,2012년 11월 12일 11시,월요일,충청남도 천안시 동남구 신부동,경상사고,0,0,4,0,차대차 - 측면직각충돌,중앙선침범,습기,흐림,기타 - 기타,승용,남,28세,기타불명,화물,남,51세,경상
2012111200100257,2012년 11월 12일 13시,월요일,충청남도 천안시 동남구 목천읍,중상사고,0,1,3,0,차대차 - 측면직각충돌,중앙선침범,건조,맑음,단일로 - 기타,화물,남,50세,상해없음,화물,남,42세,중상
2012111200100280,2012년 11월 12일 14시,월요일,충청남도 아산시 인주면,중상사고,0,1,0,0,차대사람 - 횡단중,안전운전불이행,건조,맑음,단일로 - 기타,승용,여,39세,상해없음,보행자,여,67세,중상
2012111200100281,2012년 11월 12일 14시,월요일,충청남도 보령시 대천동,중상사고,0,1,0,0,차대사람 - 차도통행중,안전운전불이행,건조,맑음,교차로 - 교차로안,화물,남,57세,상해없음,보행자,여,84세,중상
2012111200100282,2012년 11월 12일 14시,월요일,충청남도 당진시 수청리,중상사고,0,1,0,0,차량단독 - 전도전복,안전운전불이행,습기,흐림,단일로 - 기타,승용,남,73세,중상,,,,
2012111200100357,2012년 11월 12일 16시,월요일,충청남도 논산시 대교동,경상사고,0,0,1,0,차대차 - 측면직각충돌,안전운전불이행,건조,흐림,단일로 - 기타,승용,기타불명,기타불명,기타불명,승용,남,43세,경상
2012111200100358,2012년 11월 12일 16시,월요일,충청남도 홍성군 광천읍,중상사고,0,1,1,0,차대차 - 기타,안전운전불이행,건조,맑음,교차로 - 교차로부근,화물,남,64세,상해없음,승용,남,63세,기타불명
2012111200100392,2012년 11월 12일 17시,월요일,충청남도 보령시 남포면,중상사고,0,1,0,0,차대사람 - 기타,보행자보호의무위반,건조,맑음,단일로 - 횡단보도상,기타불명,기타불명,기타불명,기타불명,보행자,여,65세,중상
2012111200100445,2012년 11월 12일 18시,월요일,충청남도 천안시 서북구 성정동,중상사고,0,1,0,0,차대차 - 측면직각충돌,교차로운행방법위반,건조,맑음,교차로 - 교차로안,승용,남,28세,상해없음,이륜,남,17세,중상
2012111200100446,2012년 11월 12일 18시,월요일,충청남도 천안시 서북구 성환읍,중상사고,0,1,0,0,차대차 - 추돌 - 진행중,안전거리미확보,건조,맑음,단일로 - 기타,자전거,남,20세,중상,승용,남,51세,상해없음
2012111200100447,2012년 11월 12일 18시,월요일,충청남도 천안시 서북구 성정동,경상사고,0,0,1,0,차대차 - 추돌 - 주정차중,안전운전불이행,건조,맑음,단일로 - 기타,승용,남,38세,상해없음,승용,남,30세,경상
2012111200100448,2012년 11월 12일 18시,월요일,충청남도 논산시 연무읍,중상사고,0,1,0,0,차대차 - 측면직각충돌,안전운전불이행,건조,맑음,단일로 - 기타,화물,남,61세,상해없음,화물,남,51세,중상
2012111200100449,2012년 11월 12일 18시,월요일,충청남도 보령시 궁촌동,중상사고,0,1,0,0,차대사람 - 횡단중,안전운전불이행,건조,맑음,단일로 - 기타,승합,남,52세,상해없음,보행자,여,72세,중상
2012111200100450,2012년 11월 12일 18시,월요일,충청남도 금산군 제원면,중상사고,0,2,0,0,차대차 - 측면직각충돌,중앙선침범,건조,맑음,단일로 - 기타,승용,남,69세,상해없음,승용,남,34세,중상
2012111200100451,2012년 11월 12일 18시,월요일,충청남도 금산군 진산면,사망사고,1,0,0,0,차대사람 - 보도통행중,안전운전불이행,건조,맑음,단일로 - 기타,승용,남,51세,상해없음,보행자,여,61세,사망
2012111200100452,2012년 11월 12일 18시,월요일,충청남도 청양군 정산면,경상사고,0,0,1,0,차대차 - 측면직각충돌,안전운전불이행,건조,맑음,교차로 - 교차로부근,화물,남,56세,상해없음,승용,남,55세,경상
2012111200100538,2012년 11월 12일 20시,월요일,충청남도 공주시 웅진동,경상사고,0,0,3,0,차대차 - 측면직각충돌,신호위반,건조,맑음,교차로 - 교차로안,승용,남,54세,상해없음,승용,남,59세,경상
2012111200100586,2012년 11월 12일 21시,월요일,충청남도 당진시 송악읍,중상사고,0,1,0,0,차대차 - 정면충돌,신호위반,건조,맑음,교차로 - 교차로안,화물,남,46세,상해없음,화물,남,54세,중상
2012111200100661,2012년 11월 12일 23시,월요일,충청남도 아산시 배미동,경상사고,0,0,1,0,차대차 - 추돌 - 주정차중,안전운전불이행,건조,흐림,교차로 - 교차로부근,승용,남,53세,상해없음,승용,남,37세,경상
2012111300100093,2012년 11월 13일 06시,화요일,충청남도 보령시 명천동,경상사고,0,0,1,0,차대사람 - 기타,보행자보호의무위반,건조,맑음,단일로 - 횡단보도상,승용,여,56세,상해없음,보행자,여,68세,경상
2012111300100145,2012년 11월 13일 08시,화요일,충청남도 공주시 탄천면,중상사고,0,1,1,0,차대차 - 정면충돌,중앙선침범,습기,비,단일로 - 기타,화물,남,52세,상해없음,승용,여,58세,중상
2012111300100231,2012년 11월 13일 11시,화요일,충청남도 천안시 동남구 원성동,경상사고,0,0,1,0,차대차 - 기타,안전운전불이행,습기,비,단일로 - 기타,승합,남,31세,상해없음,승합,남,47세,경상
2012111300100269,2012년 11월 13일 13시,화요일,충청남도 보령시 동대동,경상사고,0,0,1,0,차대차 - 기타,안전운전불이행,건조,맑음,교차로 - 교차로부근,승합,남,44세,상해없음,승용,여,57세,경상
2012111300100270,2012년 11월 13일 13시,화요일,충청남도 예산군 예산읍,중상사고,0,1,0,0,차대차 - 측면직각충돌,신호위반,습기,맑음,교차로 - 교차로안,이륜,남,67세,중상,승용,남,60세,상해없음
2012111300100271,2012년 11월 13일 13시,화요일,충청남도 당진시 구룡리,중상사고,0,1,0,0,차대사람 - 길가장자리구역통행중,안전운전불이행,습기,비,단일로 - 기타,화물,남,44세,상해없음,보행자,여,76세,중상
2012111300100272,2012년 11월 13일 13시,화요일,충청남도 금산군 추부면,중상사고,0,1,3,0,차대차 - 측면직각충돌,중앙선침범,건조,맑음,단일로 - 기타,화물,남,32세,상해없음,승용,남,28세,경상
2012111300100298,2012년 11월 13일 14시,화요일,충청남도 천안시 서북구 백석동,경상사고,0,0,1,0,차대사람 - 기타,안전운전불이행,습기,비,교차로 - 교차로부근,건설기계,남,41세,상해없음,보행자,남,51세,경상
2012111300100299,2012년 11월 13일 14시,화요일,충청남도 천안시 서북구 쌍용동,중상사고,0,1,0,0,차대사람 - 기타,안전운전불이행,습기,비,단일로 - 기타,승합,남,62세,상해없음,보행자,여,82세,중상
2012111300100396,2012년 11월 13일 17시,화요일,충청남도 서산시 읍내동,중상사고,0,1,0,0,차량단독 - 기타,안전운전불이행,건조,맑음,단일로 - 기타,승합,남,63세,상해없음,,,,
2012111300100397,2012년 11월 13일 17시,화요일,충청남도 논산시 양촌면,경상사고,0,0,2,0,차대사람 - 횡단중,안전운전불이행,습기,비,교차로 - 교차로안,승용,남,70세,상해없음,보행자,남,16세,경상
2012111300100399,2012년 11월 13일 17시,화요일,충청남도 천안시 동남구 신방동,경상사고,0,0,1,0,차대사람 - 횡단중,보행자보호의무위반,습기,비,단일로 - 기타,승용,여,56세,상해없음,보행자,여,29세,경상
2012111300100444,2012년 11월 13일 18시,화요일,충청남도 천안시 서북구 성환읍,중상사고,0,2,0,0,차대차 - 추돌 - 진행중,안전거리미확보,습기,비,단일로 - 기타,승용,남,51세,상해없음,승용,여,24세,중상
2012111300100445,2012년 11월 13일 18시,화요일,충청남도 천안시 서북구 성정동,경상사고,0,0,1,0,차대사람 - 기타,안전운전불이행,건조,맑음,단일로 - 기타,승용,여,35세,상해없음,보행자,남,58세,경상
2012111300100446,2012년 11월 13일 18시,화요일,충청남도 부여군 규암면,경상사고,0,0,1,0,차대차 - 측면직각충돌,직진우회전진행방해,습기,비,교차로 - 교차로안,승용,남,55세,상해없음,화물,남,54세,경상
2012111300100447,2012년 11월 13일 18시,화요일,충청남도 당진시 읍내리,경상사고,0,0,2,0,차대차 - 추돌 - 진행중,안전운전불이행,습기,흐림,단일로 - 교량,승용,남,26세,상해없음,승용,남,53세,경상
2012111300100551,2012년 11월 13일 20시,화요일,충청남도 아산시 염치읍,중상사고,0,1,0,0,차대차 - 기타,안전운전불이행,건조,맑음,단일로 - 기타,기타불명,기타불명,기타불명,기타불명,승용,여,53세,중상
2012111300100589,2012년 11월 13일 21시,화요일,충청남도 당진시 채운동,경상사고,0,0,1,0,차대차 - 추돌 - 주정차중,안전운전불이행,습기,비,교차로 - 교차로부근,승용,남,28세,상해없음,승용,여,36세,경상
2012111300100590,2012년 11월 13일 21시,화요일,충청남도 당진시 우두리,경상사고,0,0,2,0,차대차 - 추돌 - 주정차중,안전운전불이행,습기,비,단일로 - 기타,승용,여,43세,상해없음,승용,남,35세,경상
2012111300100663,2012년 11월 13일 23시,화요일,충청남도 천안시 동남구 신방동,경상사고,0,0,1,0,차대차 - 기타,안전운전불이행,습기,비,교차로 - 교차로부근,승용,남,38세,상해없음,승용,남,26세,경상
2012111400100016,2012년 11월 14일 00시,수요일,충청남도 아산시 염치읍,사망사고,1,0,0,0,차량단독 - 기타,안전운전불이행,습기,비,기타 - 기타,승용,남,54세,사망,,,,
2012111400100017,2012년 11월 14일 00시,수요일,충청남도 천안시 동남구 목천읍,중상사고,0,1,1,0,차대차 - 기타,신호위반,습기,비,단일로 - 기타,화물,남,31세,상해없음,승용,남,57세,중상
2012111400100063,2012년 11월 14일 03시,수요일,충청남도 천안시 동남구 목천읍,경상사고,0,0,2,0,차대차 - 기타,안전운전불이행,습기,비,단일로 - 기타,승용,남,37세,상해없음,승용,남,44세,경상
2012111400100148,2012년 11월 14일 08시,수요일,충청남도 천안시 서북구 쌍용동,중상사고,0,1,0,0,차대차 - 측면직각충돌,신호위반,건조,흐림,교차로 - 교차로안,이륜,남,82세,중상,승용,남,52세,상해없음
2012111400100149,2012년 11월 14일 08시,수요일,충청남도 논산시 은진면,경상사고,0,0,3,0,차대차 - 측면직각충돌,안전운전불이행,건조,맑음,교차로 - 교차로안,승용,남,29세,경상,승용,여,22세,경상
2012111400100150,2012년 11월 14일 08시,수요일,충청남도 금산군 금산읍,경상사고,0,0,1,0,차대사람 - 횡단중,보행자보호의무위반,건조,맑음,교차로 - 교차로부근,승용,여,29세,상해없음,보행자,여,44세,경상
2012111400100183,2012년 11월 14일 09시,수요일,충청남도 논산시 지산동,중상사고,0,1,1,0,차대사람 - 횡단중,안전운전불이행,습기,흐림,단일로 - 횡단보도부근,이륜,남,39세,경상,보행자,여,75세,중상
2012111400100184,2012년 11월 14일 09시,수요일,충청남도 홍성군 장곡면,경상사고,0,0,1,0,차대차 - 기타,안전운전불이행,습기,비,단일로 - 기타,화물,남,41세,경상,화물,남,36세,상해없음
2012111400100212,2012년 11월 14일 10시,수요일,충청남도 계룡시 엄사면,경상사고,0,0,4,0,차대차 - 추돌 - 진행중,안전운전불이행,건조,맑음,교차로 - 교차로부근,승용,남,65세,상해없음,승용,남,44세,경상
2012111400100265,2012년 11월 14일 12시,수요일,충청남도 논산시 강경읍,경상사고,0,0,1,0,차대사람 - 길가장자리구역통행중,안전운전불이행,건조,맑음,교차로 - 교차로안,화물,여,46세,상해없음,보행자,여,72세,경상
2012111400100298,2012년 11월 14일 13시,수요일,충청남도 홍성군 홍북면,경상사고,0,0,1,0,차대차 - 정면충돌,안전운전불이행,건조,흐림,단일로 - 기타,화물,남,69세,상해없음,건설기계,남,40세,경상
2012111400100371,2012년 11월 14일 15시,수요일,충청남도 공주시 반포면,부상신고사고,0,0,0,1,차대차 - 측면직각충돌,직진우회전진행방해,건조,맑음,교차로 - 교차로안,원동기,남,66세,부상신고,승용,남,47세,상해없음
2012111400100372,2012년 11월 14일 15시,수요일,충청남도 당진시 채운동,경상사고,0,0,1,0,차대차 - 측면직각충돌,안전운전불이행,건조,맑음,단일로 - 기타,특수,남,51세,상해없음,화물,여,47세,경상
2012111400100400,2012년 11월 14일 16시,수요일,충청남도 서산시 읍내동,경상사고,0,0,1,0,차대차 - 추돌 - 진행중,안전운전불이행,습기,흐림,교차로 - 교차로부근,승용,남,44세,상해없음,승용,남,41세,경상
2012111400100436,2012년 11월 14일 17시,수요일,충청남도 논산시 연무읍,중상사고,0,1,0,0,차대사람 - 기타,안전운전불이행,건조,맑음,단일로 - 기타,승용,여,52세,상해없음,보행자,남,69세,중상