사고번호,사고일시,요일,시군구,사고내용,사망자수,중상자수,경상자수,부상신고자수,사고유형,법규위반,노면상태,기상상태,도로형태,가해운전자 차종,가해운전자 성별,가해운전자 연령,가해운전자 상해정도,피해운전자 차종,피해운전자 성별,피해운전자 연령,피해운전자 상해정도
2012111400100437,2012년 11월 14일 17시,수요일,충청남도 서천군 종천면,중상사고,0,1,0,0,차대차 - 기타,중앙선침범,건조,맑음,단일로 - 기타,농기계,남,36세,상해없음,이륜,여,63세,중상
2012111400100438,2012년 11월 14일 17시,수요일,충청남도 당진시 송악읍,경상사고,0,0,1,0,차대차 - 측면직각충돌,안전거리미확보,건조,맑음,단일로 - 기타,승용,남,18세,상해없음,승용,여,31세,경상
2012111400100439,2012년 11월 14일 17시,수요일,충청남도 천안시 동남구 다가동,중상사고,0,1,0,0,차대사람 - 기타,안전운전불이행,건조,맑음,교차로 - 교차로부근,승용,여,48세,상해없음,보행자,남,57세,중상
2012111400100480,2012년 11월 14일 18시,수요일,충청남도 태안군 태안읍,경상사고,0,0,1,0,차대차 - 추돌 - 진행중,안전운전불이행,건조,맑음,단일로 - 기타,승용,남,32세,경상,건설기계,남,44세,상해없음
2012111400100481,2012년 11월 14일 18시,수요일,충청남도 논산시 채운면,중상사고,0,1,1,0,차대차 - 추돌 - 진행중,안전운전불이행,건조,맑음,단일로 - 기타,승용,여,30세,경상,농기계,남,52세,중상
2012111400100482,2012년 11월 14일 18시,수요일,충청남도 홍성군 구항면,중상사고,0,2,11,0,차대차 - 정면충돌,중앙선침범,건조,흐림,단일로 - 기타,화물,남,69세,상해없음,승합,남,23세,중상
2012111400100483,2012년 11월 14일 18시,수요일,충청남도 공주시 정안면,중상사고,0,1,0,0,차대사람 - 횡단중,신호위반,건조,맑음,교차로 - 교차로부근,승용,남,50세,상해없음,보행자,남,43세,중상
2012111400100523,2012년 11월 14일 19시,수요일,충청남도 예산군 예산읍,중상사고,0,1,0,0,차대차 - 측면직각충돌,안전운전불이행,건조,맑음,교차로 - 교차로안,승용,남,78세,상해없음,승용,남,72세,중상
2012111400100629,2012년 11월 14일 22시,수요일,충청남도 태안군 태안읍,경상사고,0,0,1,0,차대사람 - 기타,안전운전불이행,습기,흐림,기타 - 기타,승용,남,36세,상해없음,보행자,남,49세,경상
2012111400100660,2012년 11월 14일 23시,수요일,충청남도 태안군 태안읍,중상사고,0,1,0,0,차대차 - 측면직각충돌,중앙선침범,건조,맑음,단일로 - 기타,특수,남,28세,상해없음,원동기,남,18세,중상
2012111500100032,2012년 11월 15일 01시,목요일,충청남도 당진시 순성면,중상사고,0,1,0,0,차대차 - 추돌 - 진행중,안전운전불이행,건조,맑음,단일로 - 기타,승용,남,55세,상해없음,승용,남,28세,상해없음
2012111500100064,2012년 11월 15일 04시,목요일,충청남도 서산시 동문동,중상사고,0,1,0,0,차량단독 - 공작물충돌,안전운전불이행,건조,맑음,단일로 - 기타,승용,여,39세,중상,,,,
2012111500100115,2012년 11월 15일 07시,목요일,충청남도 아산시 배방읍,경상사고,0,0,2,0,차대차 - 정면충돌,중앙선침범,건조,맑음,단일로 - 기타,승용,남,27세,경상,승용,남,25세,경상
2012111500100223,2012년 11월 15일 10시,목요일,충청남도 천안시 서북구 백석동,경상사고,0,0,1,0,차대차 - 측면직각충돌,안전운전불이행,건조,맑음,교차로 - 교차로부근,건설기계,남,44세,상해없음,승용,남,59세,경상
2012111500100224,2012년 11월 15일 10시,목요일,충청남도 보령시 대천동,중상사고,0,2,0,0,차대차 - 측면직각충돌,안전운전불이행,건조,맑음,교차로 - 교차로안,이륜,남,17세,중상,화물,남,74세,상해없음
2012111500100243,2012년 11월 15일 11시,목요일,충청남도 태안군 태안읍,경상사고,0,0,1,0,차대차 - 측면직각충돌,교차로운행방법위반,건조,맑음,교차로 - 교차로안,승용,남,42세,상해없음,이륜,남,70세,경상
2012111500100244,2012년 11월 15일 11시,목요일,충청남도 서산시 동문동,경상사고,0,0,1,0,차대차 - 기타,안전운전불이행,건조,맑음,단일로 - 기타,승용,여,30세,상해없음,승용,남,60세,경상
2012111500100261,2012년 11월 15일 12시,목요일,충청남도 예산군 고덕면,경상사고,0,0,1,0,차량단독 - 공작물충돌,안전운전불이행,습기,맑음,단일로 - 기타,원동기,남,69세,경상,,,,
2012111500100262,2012년 11월 15일 12시,목요일,충청남도 금산군 진산면,중상사고,0,1,0,0,차대사람 - 기타,안전운전불이행,건조,맑음,단일로 - 기타,화물,남,71세,상해없음,보행자,여,34세,중상
2012111500100343,2012년 11월 15일 15시,목요일,충청남도 천안시 동남구 신부동,경상사고,0,0,1,0,차대사람 - 보도통행중,안전운전불이행,건조,맑음,교차로 - 교차로부근,승용,남,69세,상해없음,보행자,여,25세,경상
2012111500100376,2012년 11월 15일 16시,목요일,충청남도 논산시 내동,중상사고,0,1,0,0,차대사람 - 횡단중,보행자보호의무위반,건조,맑음,단일로 - 횡단보도상,승용,여,26세,상해없음,보행자,여,79세,중상
2012111500100417,2012년 11월 15일 17시,목요일,충청남도 홍성군 갈산면,중상사고,0,1,0,0,차대차 - 측면직각충돌,중앙선침범,건조,맑음,단일로 - 기타,화물,남,51세,상해없음,승용,남,37세,중상
2012111500100418,2012년 11월 15일 17시,목요일,충청남도 예산군 덕산면,경상사고,0,0,1,0,차대차 - 측면직각충돌,신호위반,건조,맑음,교차로 - 교차로안,승합,여,40세,상해없음,승용,남,49세,경상
2012111500100419,2012년 11월 15일 17시,목요일,충청남도 당진시 고대면,중상사고,0,1,2,0,차대차 - 추돌 - 주정차중,안전운전불이행,건조,맑음,교차로 - 교차로부근,화물,남,37세,상해없음,승합,남,57세,중상
2012111500100468,2012년 11월 15일 18시,목요일,충청남도 천안시 서북구 두정동,중상사고,0,1,0,0,차대사람 - 횡단중,안전운전불이행,건조,맑음,교차로 - 교차로부근,이륜,남,36세,상해없음,보행자,남,45세,중상
2012111500100519,2012년 11월 15일 19시,목요일,충청남도 태안군 태안읍,경상사고,0,0,4,0,차대차 - 측면직각충돌,교차로운행방법위반,건조,맑음,교차로 - 교차로안,승용,남,52세,상해없음,승용,여,28세,경상
2012111500100586,2012년 11월 15일 21시,목요일,충청남도 서산시 갈산동,중상사고,0,2,1,0,차대차 - 추돌 - 진행중,안전운전불이행,건조,맑음,단일로 - 기타,승용,남,23세,상해없음,승용,남,31세,중상
2012111500100617,2012년 11월 15일 22시,목요일,충청남도 천안시 서북구 성정동,중상사고,0,1,0,0,차대차 - 기타,기타,건조,맑음,기타 - 기타,이륜,남,45세,중상,화물,남,41세,기타불명
2012111500100618,2012년 11월 15일 22시,목요일,충청남도 천안시 서북구 성정동,경상사고,0,0,1,0,차대사람 - 횡단중,안전운전불이행,습기,비,단일로 - 횡단보도상,승용,남,37세,상해없음,보행자,남,31세,경상
2012111500100619,2012년 11월 15일 22시,목요일,충청남도 천안시 서북구 두정동,경상사고,0,0,1,0,차대사람 - 차도통행중,안전운전불이행,습기,비,기타 - 기타,이륜,남,22세,상해없음,보행자,여,22세,경상
2012111500100650,2012년 11월 15일 23시,목요일,충청남도 청양군 청양읍,경상사고,0,0,2,0,차대사람 - 기타,안전운전불이행,건조,맑음,교차로 - 교차로부근,승용,남,34세,상해없음,보행자,남,54세,경상
2012111600100015,2012년 11월 16일 00시,금요일,충청남도 천안시 서북구 백석동,경상사고,0,0,1,0,차대차 - 추돌 - 진행중,안전운전불이행,건조,맑음,기타 - 기타,승용,남,44세,상해없음,승용,남,45세,경상
2012111600100016,2012년 11월 16일 00시,금요일,충청남도 천안시 동남구 목천읍,경상사고,0,0,1,0,차대차 - 추돌 - 진행중,안전운전불이행,건조,맑음,단일로 - 기타,승용,남,31세,상해없음,승용,남,36세,경상
2012111600100049,2012년 11월 16일 02시,금요일,충청남도 보령시 주교면,중상사고,0,1,0,0,차량단독 - 공작물충돌,안전운전불이행,건조,맑음,단일로 - 기타,승용,남,20세,중상,,,,
2012111600100067,2012년 11월 16일 03시,금요일,충청남도 천안시 서북구 두정동,중상사고,0,1,0,0,차대차 - 측면직각충돌,안전운전불이행,건조,맑음,교차로 - 교차로부근,승용,남,33세,상해없음,원동기,남,34세,중상
2012111600100106,2012년 11월 16일 06시,금요일,충청남도 공주시 신관동,경상사고,0,0,1,0,차대차 - 추돌 - 진행중,안전운전불이행,건조,맑음,교차로 - 교차로부근,승용,남,26세,상해없음,승용,남,36세,경상
2012111600100130,2012년 11월 16일 07시,금요일,충청남도 아산시 탕정면,경상사고,0,0,1,0,차대차 - 측면직각충돌,기타,건조,맑음,교차로 - 교차로안,승용,남,28세,상해없음,승용,남,29세,경상
2012111600100165,2012년 11월 16일 08시,금요일,충청남도 천안시 서북구 불당동,경상사고,0,0,1,0,차대차 - 측면직각충돌,중앙선침범,건조,맑음,단일로 - 기타,승용,남,51세,상해없음,승용,여,58세,경상
2012111600100166,2012년 11월 16일 08시,금요일,충청남도 계룡시 엄사면,중상사고,0,1,0,0,차대사람 - 기타,보행자보호의무위반,건조,맑음,단일로 - 기타,승용,남,49세,상해없음,보행자,여,14세,중상
2012111600100285,2012년 11월 16일 13시,금요일,충청남도 당진시 원당리,경상사고,0,0,3,0,차대차 - 추돌 - 진행중,안전거리미확보,건조,맑음,교차로 - 교차로부근,승용,여,20세,상해없음,승용,여,33세,경상
2012111600100307,2012년 11월 16일 14시,금요일,충청남도 천안시 서북구 입장면,경상사고,0,0,1,0,차대차 - 기타,안전운전불이행,건조,맑음,단일로 - 기타,승합,남,54세,상해없음,이륜,남,73세,경상
2012111600100329,2012년 11월 16일 15시,금요일,충청남도 금산군 금산읍,중상사고,0,1,0,0,차대차 - 측면직각충돌,교차로운행방법위반,건조,맑음,교차로 - 교차로안,승용,여,22세,상해없음,원동기,남,71세,중상
2012111600100354,2012년 11월 16일 16시,금요일,충청남도 천안시 서북구 성정동,경상사고,0,0,1,0,차대사람 - 기타,안전운전불이행,건조,맑음,단일로 - 기타,승용,남,44세,상해없음,보행자,여,21세,경상
2012111600100355,2012년 11월 16일 16시,금요일,충청남도 당진시 신평면,중상사고,0,1,0,0,차대차 - 측면직각충돌,교차로운행방법위반,건조,맑음,교차로 - 교차로안,승용,남,32세,상해없음,이륜,남,65세,중상
2012111600100472,2012년 11월 16일 18시,금요일,충청남도 보령시 내항동,경상사고,0,0,3,0,차대차 - 측면직각충돌,안전운전불이행,습기,비,단일로 - 기타,승용,남,53세,상해없음,승용,남,53세,경상
2012111600100552,2012년 11월 16일 19시,금요일,충청남도 홍성군 홍동면,중상사고,0,1,0,0,차대사람 - 길가장자리구역통행중,안전운전불이행,습기,비,단일로 - 기타,기타불명,기타불명,기타불명,기타불명,보행자,남,74세,중상
2012111600100673,2012년 11월 16일 21시,금요일,충청남도 공주시 옥룡동,경상사고,0,0,2,0,차대차 - 측면직각충돌,안전운전불이행,습기,비,단일로 - 기타,승용,남,39세,상해없음,승용,여,23세,경상
2012111600100674,2012년 11월 16일 21시,금요일,충청남도 공주시 금학동,중상사고,0,2,4,0,차대차 - 추돌 - 주정차중,안전거리미확보,습기,비,교차로 - 교차로부근,화물,남,46세,기타불명,승용,여,38세,경상
2012111600100675,2012년 11월 16일 21시,금요일,충청남도 천안시 동남구 봉명동,경상사고,0,0,2,0,차대차 - 추돌 - 진행중,안전운전불이행,건조,맑음,교차로 - 교차로안,승용,남,25세,상해없음,화물,남,40세,경상
2012111600100746,2012년 11월 16일 22시,금요일,충청남도 서산시 읍내동,경상사고,0,0,3,0,차대차 - 추돌 - 주정차중,안전운전불이행,습기,비,교차로 - 교차로부근,승용,남,28세,상해없음,승용,여,34세,경상
2012111600100747,2012년 11월 16일 22시,금요일,충청남도 당진시 읍내리,경상사고,0,0,1,0,차대차 - 기타,교차로운행방법위반,건조,맑음,교차로 - 교차로안,승용,남,48세,상해없음,승용,남,49세,경상
2012111600100819,2012년 11월 16일 23시,금요일,충청남도 천안시 서북구 성정동,경상사고,0,0,1,0,차대차 - 추돌 - 주정차중,안전운전불이행,습기,비,교차로 - 교차로부근,승용,남,48세,상해없음,승용,남,43세,경상
2012111700100039,2012년 11월 17일 00시,토요일,충청남도 논산시 내동,경상사고,0,0,1,0,차대사람 - 기타,안전운전불이행,습기,비,단일로 - 기타,승용,남,39세,상해없음,보행자,남,28세,경상
2012111700100089,2012년 11월 17일 01시,토요일,충청남도 서산시 읍내동,경상사고,0,0,1,0,차대차 - 추돌 - 주정차중,안전운전불이행,습기,흐림,단일로 - 기타,승용,여,29세,상해없음,승용,남,45세,경상
2012111700100139,2012년 11월 17일 02시,토요일,충청남도 천안시 서북구 성정동,경상사고,0,0,1,0,차대사람 - 횡단중,신호위반,습기,비,교차로 - 교차로부근,승용,남,39세,상해없음,보행자,여,50세,경상
2012111700100140,2012년 11월 17일 02시,토요일,충청남도 천안시 서북구 성정동,경상사고,0,0,4,0,차대차 - 기타,안전운전불이행,습기,비,교차로 - 교차로안,승용,남,30세,상해없음,승용,남,56세,경상
2012111700100175,2012년 11월 17일 03시,토요일,충청남도 태안군 안면읍,사망사고,1,1,0,0,차량단독 - 공작물충돌,안전운전불이행,습기,비,단일로 - 기타,승용,남,24세,중상,,,,
2012111700100201,2012년 11월 17일 04시,토요일,충청남도 천안시 서북구 백석동,사망사고,1,0,0,0,차량단독 - 기타,안전운전불이행,습기,비,교차로 - 교차로안,승용,남,42세,사망,,,,
2012111700100223,2012년 11월 17일 05시,토요일,충청남도 천안시 서북구 성정동,경상사고,0,0,2,0,차대차 - 추돌 - 주정차중,안전운전불이행,건조,맑음,교차로 - 교차로안,승용,남,22세,상해없음,승합,남,34세,경상
2012111700100242,2012년 11월 17일 06시,토요일,충청남도 논산시 연산면,중상사고,0,2,2,0,차대차 - 측면직각충돌,안전운전불이행,습기,안개,단일로 - 기타,화물,남,34세,상해없음,화물,남,63세,경상
2012111700100264,2012년 11월 17일 07시,토요일,충청남도 예산군 예산읍,경상사고,0,0,1,0,차대차 - 측면직각충돌,신호위반,건조,맑음,교차로 - 교차로안,화물,남,45세,상해없음,승용,남,38세,경상
2012111700100288,2012년 11월 17일 08시,토요일,충청남도 천안시 동남구 신부동,경상사고,0,0,1,0,차대차 - 추돌 - 진행중,안전운전불이행,건조,맑음,단일로 - 기타,승용,여,35세,상해없음,승용,남,36세,경상
2012111700100323,2012년 11월 17일 10시,토요일,충청남도 공주시 이인면,중상사고,0,1,0,0,차대차 - 기타,직진우회전진행방해,건조,흐림,교차로 - 교차로부근,건설기계,남,40세,상해없음,화물,남,27세,중상
2012111700100324,2012년 11월 17일 10시,토요일,충청남도 천안시 동남구 신부동,사망사고,1,0,0,0,차대사람 - 횡단중,안전운전불이행,건조,맑음,단일로 - 횡단보도상,승합,남,57세,상해없음,보행자,남,33세,사망
2012111700100325,2012년 11월 17일 10시,토요일,충청남도 천안시 동남구 신부동,중상사고,0,1,5,0,차대차 - 측면직각충돌,안전거리미확보,건조,맑음,교차로 - 교차로부근,승용,여,42세,경상,승용,여,48세,중상
2012111700100390,2012년 11월 17일 12시,토요일,충청남도 홍성군 홍성읍,중상사고,0,1,0,0,차대사람 - 기타,안전운전불이행,건조,맑음,교차로 - 교차로부근,승용,남,67세,상해없음,보행자,여,61세,중상
2012111700100391,2012년 11월 17일 12시,토요일,충청남도 아산시 염치읍,중상사고,0,1,0,0,차대차 - 정면충돌,중앙선침범,건조,맑음,기타 - 기타,화물,남,32세,상해없음,승용,남,72세,중상
2012111700100430,2012년 11월 17일 13시,토요일,충청남도 논산시 연무읍,경상사고,0,0,1,0,차대차 - 기타,중앙선침범,건조,맑음,단일로 - 기타,화물,남,63세,상해없음,화물,남,56세,경상
2012111700100505,2012년 11월 17일 15시,토요일,충청남도 천안시 동남구 사직동,중상사고,0,1,0,0,차대차 - 측면직각충돌,교차로운행방법위반,건조,맑음,교차로 - 교차로안,승용,남,48세,상해없음,원동기,남,23세,중상
2012111700100506,2012년 11월 17일 15시,토요일,충청남도 천안시 서북구 성거읍,경상사고,0,0,1,0,차대차 - 추돌 - 진행중,안전운전불이행,건조,맑음,단일로 - 기타,승용,여,29세,기타불명,승용,여,41세,경상
2012111700100536,2012년 11월 17일 16시,토요일,충청남도 태안군 태안읍,중상사고,0,1,0,0,차대차 - 측면직각충돌,중앙선침범,건조,맑음,교차로 - 교차로안,이륜,남,85세,중상,승합,남,40세,상해없음
2012111700100580,2012년 11월 17일 17시,토요일,충청남도 천안시 서북구 쌍용동,경상사고,0,0,1,0,차대차 - 측면직각충돌,신호위반,건조,맑음,교차로 - 교차로안,화물,남,58세,상해없음,승용,여,41세,경상
2012111700100581,2012년 11월 17일 17시,토요일,충청남도 천안시 서북구 성환읍,경상사고,0,0,2,0,차대차 - 기타,안전운전불이행,건조,맑음,교차로 - 교차로안,승용,여,56세,경상,승용,여,38세,경상
2012111700100582,2012년 11월 17일 17시,토요일,충청남도 논산시 연산면,경상사고,0,0,1,0,차대차 - 기타,중앙선침범,건조,맑음,단일로 - 기타,승용,여,48세,상해없음,화물,남,32세,경상
2012111700100583,2012년 11월 17일 17시,토요일,충청남도 공주시 신관동,중상사고,0,2,0,0,차대차 - 기타,신호위반,건조,맑음,교차로 - 교차로안,승용,여,56세,상해없음,승용,여,56세,중상
2012111700100584,2012년 11월 17일 17시,토요일,충청남도 천안시 동남구 목천읍,중상사고,0,1,0,0,차대사람 - 길가장자리구역통행중,보행자보호의무위반,건조,맑음,단일로 - 횡단보도상,승용,남,64세,상해없음,보행자,남,80세,중상
2012111700100586,2012년 11월 17일 17시,토요일,충청남도 보령시 주교면,경상사고,0,0,1,0,차대차 - 추돌 - 진행중,안전거리미확보,건조,맑음,단일로 - 기타,승용,남,61세,상해없음,승용,여,51세,경상
2012111700100633,2012년 11월 17일 18시,토요일,충청남도 논산시 내동,경상사고,0,0,2,0,차대차 - 추돌 - 주정차중,안전운전불이행,건조,맑음,단일로 - 기타,승용,남,83세,상해없음,승용,남,35세,상해없음
2012111700100634,2012년 11월 17일 18시,토요일,충청남도 홍성군 은하면,경상사고,0,0,1,0,차대사람 - 기타,안전운전불이행,건조,맑음,단일로 - 기타,원동기,남,62세,상해없음,보행자,여,73세,경상
2012111700100635,2012년 11월 17일 18시,토요일,충청남도 금산군 금산읍,중상사고,0,1,0,0,차대차 - 추돌 - 진행중,안전운전불이행,건조,맑음,단일로 - 기타,화물,여,52세,상해없음,화물,남,50세,상해없음
2012111700100735,2012년 11월 17일 21시,토요일,충청남도 논산시 성동면,중상사고,0,1,0,0,차량단독 - 전도전복,안전운전불이행,건조,맑음,단일로 - 기타,화물,남,42세,중상,,,,
2012111700100737,2012년 11월 17일 21시,토요일,충청남도 천안시 동남구 봉명동,경상사고,0,0,1,1,차대차 - 추돌 - 진행중,안전거리미확보,건조,맑음,교차로 - 교차로부근,승용,남,23세,상해없음,승용,여,41세,경상
2012111800100018,2012년 11월 18일 00시,일요일,충청남도 천안시 서북구 두정동,중상사고,0,1,0,0,차대차 - 기타,안전운전불이행,건조,흐림,교차로 - 교차로안,승용,남,62세,상해없음,이륜,남,30세,중상
2012111800100063,2012년 11월 18일 02시,일요일,충청남도 태안군 태안읍,중상사고,0,1,0,0,차량단독 - 공작물충돌,안전운전불이행,건조,맑음,교차로 - 교차로부근,승용,남,24세,상해없음,,,,
2012111800100124,2012년 11월 18일 06시,일요일,충청남도 당진시 송산면,중상사고,0,1,0,0,차대차 - 추돌 - 진행중,안전거리미확보,건조,맑음,단일로 - 기타,승용,남,24세,상해없음,승용,남,24세,중상
2012111800100170,2012년 11월 18일 09시,일요일,충청남도 보령시 청소면,중상사고,0,1,1,0,차대차 - 측면직각충돌,교차로운행방법위반,건조,맑음,교차로 - 교차로안,승용,여,47세,경상,이륜,남,54세,중상
2012111800100185,2012년 11월 18일 10시,일요일,충청남도 천안시 서북구 쌍용동,중상사고,0,1,0,0,차대차 - 기타,신호위반,건조,맑음,교차로 - 교차로안,승용,여,32세,상해없음,승용,여,47세,중상
2012111800100203,2012년 11월 18일 11시,일요일,충청남도 보령시 명천동,중상사고,0,1,0,0,차대사람 - 횡단중,보행자보호의무위반,건조,맑음,교차로 - 교차로부근,승용,남,57세,상해없음,보행자,남,81세,중상
2012111800100221,2012년 11월 18일 12시,일요일,충청남도 보령시 신흑동,경상사고,0,0,3,0,차대차 - 추돌 - 진행중,교차로운행방법위반,건조,맑음,교차로 - 교차로안,승용,남,42세,상해없음,화물,남,72세,경상
2012111800100222,2012년 11월 18일 12시,일요일,충청남도 금산군 금산읍,경상사고,0,0,1,0,차대차 - 기타,교차로운행방법위반,건조,맑음,교차로 - 교차로안,승용,남,53세,상해없음,원동기,여,51세,경상
2012111800100246,2012년 11월 18일 13시,일요일,충청남도 공주시 정안면,경상사고,0,0,2,0,차대차 - 기타,안전운전불이행,건조,맑음,단일로 - 기타,승용,남,58세,경상,승용,남,57세,상해없음
2012111800100310,2012년 11월 18일 15시,일요일,충청남도 홍성군 홍동면,경상사고,0,0,1,0,차대차 - 추돌 - 주정차중,안전운전불이행,건조,맑음,교차로 - 교차로안,화물,남,42세,상해없음,승용,남,45세,경상
2012111800100311,2012년 11월 18일 15시,일요일,충청남도 서천군 서천읍,부상신고사고,0,0,0,1,차대차 - 기타,중앙선침범,건조,맑음,단일로 - 기타,이륜,남,79세,부상신고,승용,여,54세,상해없음
2012111800100312,2012년 11월 18일 15시,일요일,충청남도 공주시 무릉동,경상사고,0,0,3,0,차대차 - 기타,기타,건조,맑음,단일로 - 기타,승용,남,26세,상해없음,승용,남,25세,경상
2012111800100313,2012년 11월 18일 15시,일요일,충청남도 예산군 덕산면,경상사고,0,0,1,0,차대차 - 추돌 - 진행중,직진우회전진행방해,건조,맑음,교차로 - 교차로안,승용,남,72세,상해없음,승용,여,27세,경상
2012111800100342,2012년 11월 18일 16시,일요일,충청남도 계룡시 엄사면,중상사고,0,1,1,0,차대차 - 추돌 - 진행중,안전운전불이행,건조,맑음,단일로 - 기타,승용,여,52세,상해없음,승용,남,60세,경상
2012111800100343,2012년 11월 18일 16시,일요일,충청남도 보령시 동대동,중상사고,0,2,3,0,차대차 - 추돌 - 진행중,안전운전불이행,건조,맑음,단일로 - 기타,승용,남,54세,상해없음,승용,남,62세,중상
2012111800100344,2012년 11월 18일 16시,일요일,충청남도 예산군 고덕면,중상사고,0,1,0,0,차대차 - 추돌 - 진행중,안전운전불이행,건조,맑음,교차로 - 교차로안,승용,남,50세,상해없음,승용,남,48세,중상
2012111800100345,2012년 11월 18일 16시,일요일,충청남도 당진시 읍내리,경상사고,0,0,1,0,차대차 - 추돌 - 진행중,신호위반,건조,맑음,교차로 - 교차로안,승용,남,47세,상해없음,승용,여,48세,경상
2012111800100370,2012년 11월 18일 17시,일요일,충청남도 천안시 서북구 성정동,중상사고,0,1,1,0,차대차 - 측면직각충돌,신호위반,건조,맑음,교차로 - 교차로안,승용,남,63세,상해없음,승용,남,42세,중상
2012111800100371,2012년 11월 18일 17시,일요일,충청남도 예산군 예산읍,경상사고,0,0,1,0,차대차 - 측면직각충돌,직진우회전진행방해,건조,맑음,교차로 - 교차로안,승용,여,28세,상해없음,원동기,남,59세,경상
2012111800100372,2012년 11월 18일 17시,일요일,충청남도 당진시 합덕읍,경상사고,0,0,1,0,차대차 - 추돌 - 진행중,안전운전불이행,건조,맑음,단일로 - 기타,승용,남,74세,상해없음,농기계,남,33세,경상
2012111800100373,2012년 11월 18일 17시,일요일,충청남도 청양군 청양읍,경상사고,0,0,1,0,차대차 - 측면직각충돌,안전거리미확보,건조,맑음,단일로 - 기타,승용,남,28세,상해없음,이륜,남,22세,경상
2012111800100413,2012년 11월 18일 18시,일요일,충청남도 천안시 서북구 성성동,경상사고,0,0,2,0,차대사람 - 횡단중,신호위반,건조,맑음,교차로 - 교차로부근,승용,남,37세,상해없음,보행자,여,22세,경상
2012111800100414,2012년 11월 18일 18시,일요일,충청남도 보령시 대천동,중상사고,0,1,0,0,차대사람 - 횡단중,안전운전불이행,습기,흐림,단일로 - 기타,승용,남,29세,상해없음,보행자,여,70세,중상
2012111800100415,2012년 11월 18일 18시,일요일,충청남도 공주시 유구읍,중상사고,0,1,0,0,차대차 - 기타,안전운전불이행,건조,맑음,교차로 - 교차로안,승용,남,50세,상해없음,자전거,남,52세,중상
2012111800100438,2012년 11월 18일 19시,일요일,충청남도 서산시 예천동,중상사고,0,1,0,0,차대사람 - 차도통행중,안전운전불이행,건조,맑음,단일로 - 기타,화물,남,70세,상해없음,보행자,남,79세,중상
2012111800100439,2012년 11월 18일 19시,일요일,충청남도 서산시 동문동,경상사고,0,0,3,0,차대차 - 측면직각충돌,신호위반,건조,맑음,교차로 - 교차로안,승용,남,38세,경상,승용,남,20세,경상
2012111800100481,2012년 11월 18일 20시,일요일,충청남도 공주시 반포면,경상사고,0,0,1,0,차대차 - 기타,안전운전불이행,건조,맑음,단일로 - 기타,승용,남,52세,상해없음,승용,남,55세,상해없음
2012111800100507,2012년 11월 18일 21시,일요일,충청남도 보령시 죽정동,중상사고,0,1,0,0,차대차 - 기타,기타,습기,흐림,단일로 - 기타,화물,남,32세,상해없음,화물,남,35세,중상
2012111800100508,2012년 11월 18일 21시,일요일,충청남도 논산시 벌곡면,경상사고,0,0,1,0,차대차 - 추돌 - 진행중,안전운전불이행,건조,맑음,단일로 - 기타,화물,남,47세,상해없음,승용,여,26세,경상
2012111900100032,2012년 11월 19일 02시,월요일,충청남도 서산시 잠홍동,경상사고,0,0,1,0,차대차 - 추돌 - 진행중,안전운전불이행,건조,맑음,단일로 - 기타,승용,여,45세,상해없음,승용,남,59세,경상
2012111900100033,2012년 11월 19일 02시,월요일,충청남도 천안시 서북구 두정동,중상사고,0,1,2,0,차대차 - 측면직각충돌,안전운전불이행,건조,맑음,단일로 - 기타,승용,남,25세,상해없음,승용,남,58세,중상
2012111900100086,2012년 11월 19일 06시,월요일,충청남도 홍성군 광천읍,중상사고,0,1,0,0,차대차 - 기타,안전운전불이행,습기,비,단일로 - 기타,기타불명,기타불명,기타불명,기타불명,이륜,여,62세,중상
2012111900100110,2012년 11월 19일 07시,월요일,충청남도 서산시 성연면,경상사고,0,0,1,0,차대차 - 정면충돌,중앙선침범,건조,맑음,단일로 - 기타,승용,남,32세,상해없음,승용,남,26세,경상
2012111900100111,2012년 11월 19일 07시,월요일,충청남도 보령시 대천동,경상사고,0,0,1,0,차대차 - 추돌 - 주정차중,안전운전불이행,습기,비,교차로 - 교차로부근,승합,남,53세,상해없음,화물,남,52세,경상
2012111900100229,2012년 11월 19일 10시,월요일,충청남도 금산군 금산읍,중상사고,0,1,0,0,차대차 - 기타,교차로운행방법위반,습기,비,교차로 - 교차로안,승용,여,36세,상해없음,원동기,남,78세,중상
2012111900100258,2012년 11월 19일 11시,월요일,충청남도 태안군 남면,중상사고,0,1,0,0,차대차 - 정면충돌,중앙선침범,건조,맑음,단일로 - 기타,승용,남,51세,상해없음,원동기,남,41세,중상
2012111900100259,2012년 11월 19일 11시,월요일,충청남도 논산시 반월동,중상사고,0,1,0,0,차대사람 - 기타,안전운전불이행,건조,맑음,단일로 - 기타,승합,남,49세,상해없음,보행자,여,79세,중상
2012111900100260,2012년 11월 19일 11시,월요일,충청남도 천안시 동남구 북면,중상사고,0,1,1,0,차대사람 - 기타,중앙선침범,건조,맑음,단일로 - 기타,승용,남,60세,상해없음,보행자,남,57세,중상
2012111900100333,2012년 11월 19일 14시,월요일,충청남도 계룡시 엄사면,경상사고,0,0,2,0,차대차 - 추돌 - 진행중,안전운전불이행,건조,맑음,단일로 - 기타,승용,남,49세,상해없음,승용,여,57세,경상