사고번호,사고일시,요일,시군구,사고내용,사망자수,중상자수,경상자수,부상신고자수,사고유형,법규위반,노면상태,기상상태,도로형태,가해운전자 차종,가해운전자 성별,가해운전자 연령,가해운전자 상해정도,피해운전자 차종,피해운전자 성별,피해운전자 연령,피해운전자 상해정도
2012112400100597,2012년 11월 24일 21시,토요일,충청남도 천안시 서북구 성환읍,경상사고,0,0,4,0,차대차 - 추돌 - 진행중,안전운전불이행,건조,맑음,교차로 - 교차로부근,승용,남,32세,상해없음,승용,여,31세,경상
2012112400100598,2012년 11월 24일 21시,토요일,충청남도 천안시 서북구 쌍용동,경상사고,0,0,1,0,차대차 - 측면직각충돌,교차로운행방법위반,건조,맑음,교차로 - 교차로안,승용,남,51세,상해없음,원동기,남,30세,경상
2012112400100599,2012년 11월 24일 21시,토요일,충청남도 천안시 서북구 성정동,경상사고,0,0,2,0,차대사람 - 기타,안전운전불이행,건조,맑음,단일로 - 기타,승용,남,32세,상해없음,보행자,여,17세,경상
2012112400100600,2012년 11월 24일 21시,토요일,충청남도 공주시 신관동,부상신고사고,0,0,0,2,차대차 - 추돌 - 주정차중,안전운전불이행,건조,맑음,단일로 - 기타,승용,남,42세,상해없음,승용,남,52세,부상신고
2012112400100601,2012년 11월 24일 21시,토요일,충청남도 당진시 읍내리,경상사고,0,0,1,0,차대차 - 추돌 - 주정차중,안전운전불이행,건조,맑음,단일로 - 기타,승용,남,24세,상해없음,승용,남,30세,경상
2012112400100637,2012년 11월 24일 22시,토요일,충청남도 아산시 풍기동,경상사고,0,0,2,0,차대차 - 측면직각충돌,중앙선침범,건조,맑음,교차로 - 교차로부근,승용,남,40세,상해없음,승용,여,55세,경상
2012112400100638,2012년 11월 24일 22시,토요일,충청남도 공주시 반포면,사망사고,1,0,0,0,차량단독 - 공작물충돌,안전운전불이행,건조,맑음,단일로 - 기타,화물,남,46세,사망,,,,
2012112500100040,2012년 11월 25일 01시,일요일,충청남도 천안시 서북구 성정동,중상사고,0,3,4,0,차대차 - 측면직각충돌,교차로운행방법위반,건조,맑음,교차로 - 교차로부근,승용,여,31세,상해없음,승용,남,30세,중상
2012112500100059,2012년 11월 25일 02시,일요일,충청남도 서산시 음암면,중상사고,0,2,2,0,차대차 - 추돌 - 진행중,안전운전불이행,건조,맑음,단일로 - 기타,승용,남,25세,중상,승용,남,49세,상해없음
2012112500100060,2012년 11월 25일 02시,일요일,충청남도 천안시 동남구 신방동,경상사고,0,0,2,0,차대차 - 정면충돌,중앙선침범,건조,맑음,단일로 - 기타,승용,남,29세,상해없음,승용,남,47세,상해없음
2012112500100105,2012년 11월 25일 06시,일요일,충청남도 아산시 음봉면,중상사고,0,2,0,0,차대차 - 측면직각충돌,안전운전불이행,건조,맑음,교차로 - 교차로안,승용,남,26세,상해없음,승용,남,25세,중상
2012112500100149,2012년 11월 25일 09시,일요일,충청남도 서산시 읍내동,경상사고,0,0,1,0,차대사람 - 기타,안전운전불이행,건조,맑음,교차로 - 교차로안,승용,남,36세,상해없음,보행자,여,58세,경상
2012112500100186,2012년 11월 25일 11시,일요일,충청남도 서산시 읍내동,경상사고,0,0,1,0,차대차 - 측면직각충돌,교차로운행방법위반,건조,맑음,교차로 - 교차로안,원동기,여,53세,경상,승용,남,29세,상해없음
2012112500100209,2012년 11월 25일 12시,일요일,충청남도 논산시 연산면,경상사고,0,0,2,0,차대차 - 측면직각충돌,중앙선침범,건조,맑음,단일로 - 기타,승용,남,20세,상해없음,승용,남,51세,경상
2012112500100210,2012년 11월 25일 12시,일요일,충청남도 아산시 음봉면,경상사고,0,0,2,0,차대차 - 측면직각충돌,신호위반,건조,맑음,교차로 - 교차로안,승용,여,51세,상해없음,승용,남,51세,경상
2012112500100236,2012년 11월 25일 13시,일요일,충청남도 천안시 서북구 쌍용동,경상사고,0,0,3,0,차대차 - 측면직각충돌,신호위반,건조,맑음,교차로 - 교차로부근,승용,남,47세,상해없음,승용,남,50세,경상
2012112500100237,2012년 11월 25일 13시,일요일,충청남도 보령시 죽정동,중상사고,0,1,1,0,차대차 - 측면직각충돌,기타,건조,맑음,교차로 - 교차로안,승용,남,28세,경상,승용,여,46세,중상
2012112500100238,2012년 11월 25일 13시,일요일,충청남도 부여군 옥산면,경상사고,0,0,1,0,차대차 - 측면직각충돌,교차로운행방법위반,건조,맑음,교차로 - 교차로안,승용,남,67세,상해없음,화물,남,43세,경상
2012112500100256,2012년 11월 25일 14시,일요일,충청남도 예산군 오가면,중상사고,0,1,3,0,차대차 - 추돌 - 진행중,안전거리미확보,건조,맑음,단일로 - 기타,이륜,남,30세,중상,승용,여,45세,경상
2012112500100283,2012년 11월 25일 15시,일요일,충청남도 천안시 동남구 신부동,경상사고,0,0,1,0,차대사람 - 기타,안전운전불이행,건조,맑음,단일로 - 기타,승용,남,25세,상해없음,보행자,남,42세,경상
2012112500100345,2012년 11월 25일 17시,일요일,충청남도 태안군 남면,중상사고,0,1,0,0,차대차 - 측면직각충돌,직진우회전진행방해,건조,흐림,교차로 - 교차로부근,승용,남,57세,상해없음,승용,여,48세,중상
2012112500100346,2012년 11월 25일 17시,일요일,충청남도 당진시 면천면,중상사고,0,2,6,1,차대차 - 추돌 - 진행중,안전운전불이행,습기,비,단일로 - 기타,승용,남,55세,경상,승용,남,48세,경상
2012112500100374,2012년 11월 25일 18시,일요일,충청남도 논산시 양촌면,중상사고,0,1,3,0,차대차 - 측면직각충돌,중앙선침범,건조,맑음,단일로 - 기타,승용,남,22세,중상,승용,남,53세,경상
2012112500100375,2012년 11월 25일 18시,일요일,충청남도 예산군 예산읍,중상사고,0,1,0,0,차대차 - 측면직각충돌,신호위반,건조,맑음,교차로 - 교차로안,승용,남,57세,상해없음,승용,남,43세,중상
2012112500100406,2012년 11월 25일 19시,일요일,충청남도 부여군 옥산면,경상사고,0,0,1,0,차대차 - 측면직각충돌,중앙선침범,건조,맑음,단일로 - 기타,화물,남,52세,상해없음,승용,남,63세,상해없음
2012112500100407,2012년 11월 25일 19시,일요일,충청남도 천안시 동남구 청수동,중상사고,0,1,0,0,차대차 - 기타,중앙선침범,건조,맑음,단일로 - 기타,승용,남,33세,상해없음,이륜,남,26세,중상
2012112500100408,2012년 11월 25일 19시,일요일,충청남도 공주시 우성면,중상사고,0,1,0,0,차대차 - 추돌 - 진행중,안전운전불이행,습기,흐림,단일로 - 기타,승용,남,50세,상해없음,승용,남,56세,상해없음
2012112500100443,2012년 11월 25일 20시,일요일,충청남도 천안시 서북구 성성동,경상사고,0,0,2,0,차대차 - 기타,안전운전불이행,건조,흐림,기타 - 기타,승용,남,28세,상해없음,승용,남,33세,경상
2012112500100489,2012년 11월 25일 21시,일요일,충청남도 논산시 양촌면,중상사고,0,1,2,0,차대차 - 측면직각충돌,중앙선침범,습기,비,단일로 - 기타,화물,남,36세,중상,승합,남,46세,경상
2012112500100523,2012년 11월 25일 22시,일요일,충청남도 아산시 읍내동,경상사고,0,0,1,0,차대차 - 추돌 - 주정차중,안전운전불이행,습기,비,교차로 - 교차로부근,승용,여,38세,상해없음,승용,남,51세,경상
2012112500100524,2012년 11월 25일 22시,일요일,충청남도 서천군 서천읍,경상사고,0,0,1,0,차량단독 - 전도전복,안전운전불이행,습기,비,단일로 - 기타,승용,남,18세,경상,,,,
2012112500100525,2012년 11월 25일 22시,일요일,충청남도 보령시 죽정동,중상사고,0,1,1,0,차량단독 - 전도전복,안전운전불이행,습기,비,단일로 - 기타,승용,남,28세,중상,,,,
2012112500100526,2012년 11월 25일 22시,일요일,충청남도 당진시 면천면,중상사고,0,1,0,0,차대사람 - 횡단중,안전운전불이행,습기,비,교차로 - 교차로안,승용,남,51세,상해없음,보행자,남,45세,중상
2012112600100035,2012년 11월 26일 02시,월요일,충청남도 아산시 용화동,경상사고,0,0,1,0,차대차 - 추돌 - 주정차중,안전거리미확보,건조,맑음,교차로 - 교차로안,승용,남,57세,상해없음,승용,여,49세,경상
2012112600100135,2012년 11월 26일 08시,월요일,충청남도 태안군 태안읍,중상사고,0,1,2,0,차대차 - 측면직각충돌,직진우회전진행방해,건조,맑음,교차로 - 교차로안,승용,여,40세,경상,승용,여,40세,중상
2012112600100163,2012년 11월 26일 09시,월요일,충청남도 홍성군 홍성읍,중상사고,0,1,1,0,차대차 - 측면직각충돌,교차로운행방법위반,습기,흐림,교차로 - 교차로안,이륜,남,74세,중상,화물,남,47세,경상
2012112600100164,2012년 11월 26일 09시,월요일,충청남도 예산군 대술면,중상사고,0,1,0,0,차대차 - 기타,교차로운행방법위반,습기,맑음,교차로 - 교차로안,원동기,남,47세,중상,화물,남,48세,상해없음
2012112600100253,2012년 11월 26일 12시,월요일,충청남도 태안군 근흥면,중상사고,0,1,0,0,차대차 - 측면직각충돌,중앙선침범,건조,맑음,단일로 - 기타,화물,남,54세,상해없음,이륜,남,75세,중상
2012112600100274,2012년 11월 26일 13시,월요일,충청남도 태안군 태안읍,중상사고,0,1,0,0,차대차 - 측면직각충돌,안전운전불이행,건조,맑음,단일로 - 기타,승합,남,67세,상해없음,이륜,남,48세,중상
2012112600100306,2012년 11월 26일 14시,월요일,충청남도 천안시 서북구 직산읍,중상사고,0,1,0,0,차대사람 - 기타,안전운전불이행,건조,맑음,단일로 - 기타,화물,남,39세,상해없음,보행자,여,65세,중상
2012112600100307,2012년 11월 26일 14시,월요일,충청남도 논산시 연무읍,사망사고,1,2,0,0,차대차 - 추돌 - 주정차중,안전운전불이행,건조,맑음,교차로 - 교차로안,화물,남,55세,상해없음,승용,남,46세,사망
2012112600100308,2012년 11월 26일 14시,월요일,충청남도 당진시 읍내리,중상사고,0,1,0,0,차대차 - 추돌 - 주정차중,안전운전불이행,건조,맑음,단일로 - 기타,승용,남,66세,상해없음,승용,남,60세,기타불명
2012112600100309,2012년 11월 26일 14시,월요일,충청남도 당진시 읍내리,중상사고,0,1,0,0,차대사람 - 길가장자리구역통행중,안전운전불이행,건조,맑음,단일로 - 기타,승용,여,57세,상해없음,보행자,여,47세,중상
2012112600100379,2012년 11월 26일 16시,월요일,충청남도 청양군 화성면,중상사고,0,1,0,0,차대차 - 측면직각충돌,중앙선침범,건조,맑음,교차로 - 교차로안,화물,남,58세,상해없음,자전거,남,49세,중상
2012112600100419,2012년 11월 26일 17시,월요일,충청남도 홍성군 홍북면,경상사고,0,0,1,0,차대차 - 정면충돌,안전운전불이행,건조,맑음,단일로 - 기타,승용,남,52세,경상,건설기계,남,49세,상해없음
2012112600100420,2012년 11월 26일 17시,월요일,충청남도 천안시 동남구 신방동,중상사고,0,1,0,0,차대차 - 정면충돌,신호위반,건조,맑음,교차로 - 교차로안,이륜,남,74세,중상,승용,남,25세,상해없음
2012112600100464,2012년 11월 26일 18시,월요일,충청남도 논산시 강경읍,경상사고,0,0,1,0,차대차 - 기타,중앙선침범,건조,맑음,단일로 - 기타,승용,남,50세,상해없음,원동기,남,56세,경상
2012112600100465,2012년 11월 26일 18시,월요일,충청남도 계룡시 금암동,중상사고,0,1,0,0,차대사람 - 기타,안전운전불이행,건조,맑음,단일로 - 기타,승용,여,34세,상해없음,보행자,여,61세,중상
2012112600100515,2012년 11월 26일 19시,월요일,충청남도 당진시 송산면,경상사고,0,0,1,0,차대차 - 기타,교차로운행방법위반,건조,맑음,교차로 - 교차로안,승용,남,48세,상해없음,승용,남,51세,상해없음
2012112600100552,2012년 11월 26일 20시,월요일,충청남도 천안시 서북구 입장면,중상사고,0,1,0,0,차대사람 - 횡단중,안전운전불이행,건조,맑음,단일로 - 횡단보도부근,승용,남,55세,상해없음,보행자,여,19세,중상
2012112600100553,2012년 11월 26일 20시,월요일,충청남도 아산시 둔포면,중상사고,0,1,0,0,차대차 - 추돌 - 주정차중,안전운전불이행,건조,맑음,기타 - 기타,승용,남,48세,기타불명,승용,남,24세,중상
2012112600100554,2012년 11월 26일 20시,월요일,충청남도 부여군 부여읍,사망사고,1,1,0,0,차대차 - 측면직각충돌,안전운전불이행,건조,맑음,단일로 - 기타,승용,남,41세,상해없음,원동기,남,17세,중상
2012112600100618,2012년 11월 26일 22시,월요일,충청남도 천안시 서북구 직산읍,경상사고,0,0,1,0,차대차 - 추돌 - 주정차중,안전운전불이행,건조,맑음,교차로 - 교차로부근,승용,남,40세,상해없음,승용,남,42세,경상
2012112600100650,2012년 11월 26일 23시,월요일,충청남도 서산시 수석동,경상사고,0,0,1,0,차대차 - 정면충돌,중앙선침범,건조,맑음,기타 - 기타,승용,남,30세,상해없음,승용,남,53세,경상
2012112600100651,2012년 11월 26일 23시,월요일,충청남도 서산시 예천동,중상사고,0,1,0,0,차대차 - 기타,안전운전불이행,건조,맑음,교차로 - 교차로안,화물,남,48세,상해없음,이륜,남,32세,중상
2012112700100036,2012년 11월 27일 02시,화요일,충청남도 아산시 배방읍,중상사고,0,1,0,0,차대사람 - 기타,안전운전불이행,건조,맑음,단일로 - 기타,이륜,남,25세,상해없음,보행자,남,24세,중상
2012112700100082,2012년 11월 27일 06시,화요일,충청남도 천안시 동남구 목천읍,경상사고,0,0,1,0,차대사람 - 차도통행중,안전운전불이행,건조,맑음,단일로 - 기타,승용,여,49세,상해없음,보행자,남,81세,경상
2012112700100154,2012년 11월 27일 08시,화요일,충청남도 당진시 석문면,경상사고,0,0,1,0,차대차 - 기타,교차로운행방법위반,건조,맑음,교차로 - 교차로안,승합,남,52세,상해없음,화물,남,44세,경상
2012112700100155,2012년 11월 27일 08시,화요일,충청남도 천안시 동남구 다가동,중상사고,0,1,0,0,차대사람 - 횡단중,보행자보호의무위반,건조,맑음,단일로 - 기타,화물,남,44세,상해없음,보행자,남,57세,중상
2012112700100210,2012년 11월 27일 10시,화요일,충청남도 천안시 동남구 성남면,경상사고,0,0,1,0,차대차 - 측면직각충돌,신호위반,건조,맑음,교차로 - 교차로안,승용,남,62세,상해없음,승용,남,49세,경상
2012112700100266,2012년 11월 27일 12시,화요일,충청남도 서산시 석림동,경상사고,0,0,1,0,차대차 - 측면직각충돌,직진우회전진행방해,건조,맑음,교차로 - 교차로안,승용,여,52세,경상,승합,남,36세,상해없음
2012112700100325,2012년 11월 27일 14시,화요일,충청남도 논산시 반월동,경상사고,0,0,1,0,차대사람 - 차도통행중,안전운전불이행,건조,맑음,단일로 - 기타,이륜,남,74세,상해없음,보행자,여,52세,경상
2012112700100326,2012년 11월 27일 14시,화요일,충청남도 금산군 추부면,경상사고,0,0,2,0,차대사람 - 기타,안전운전불이행,건조,맑음,단일로 - 기타,승용,남,26세,상해없음,보행자,남,23세,경상
2012112700100360,2012년 11월 27일 15시,화요일,충청남도 청양군 청양읍,중상사고,0,1,0,0,차량단독 - 기타,안전운전불이행,건조,맑음,단일로 - 기타,원동기,여,68세,중상,,,,
2012112700100361,2012년 11월 27일 15시,화요일,충청남도 천안시 동남구 신부동,경상사고,0,0,1,0,차대차 - 측면직각충돌,안전운전불이행,건조,맑음,교차로 - 교차로안,승용,남,37세,상해없음,승용,여,38세,경상
2012112700100385,2012년 11월 27일 16시,화요일,충청남도 논산시 취암동,중상사고,0,2,0,0,차대차 - 측면직각충돌,교차로운행방법위반,건조,맑음,교차로 - 교차로안,화물,남,30세,상해없음,원동기,남,61세,중상
2012112700100464,2012년 11월 27일 18시,화요일,충청남도 태안군 원북면,중상사고,0,1,0,0,차대차 - 측면직각충돌,직진우회전진행방해,건조,맑음,교차로 - 교차로안,승용,여,39세,상해없음,이륜,남,64세,중상
2012112700100465,2012년 11월 27일 18시,화요일,충청남도 천안시 서북구 성거읍,경상사고,0,0,2,0,차대차 - 기타,안전운전불이행,건조,맑음,단일로 - 기타,승용,남,37세,상해없음,승용,남,24세,경상
2012112700100466,2012년 11월 27일 18시,화요일,충청남도 논산시 가야곡면,중상사고,0,1,0,0,차대사람 - 기타,안전운전불이행,건조,맑음,단일로 - 기타,승용,남,41세,상해없음,보행자,여,49세,중상
2012112700100467,2012년 11월 27일 18시,화요일,충청남도 예산군 예산읍,중상사고,0,1,0,0,차대차 - 측면직각충돌,안전거리미확보,건조,맑음,단일로 - 기타,이륜,여,57세,중상,승용,남,55세,상해없음
2012112700100468,2012년 11월 27일 18시,화요일,충청남도 당진시 송악읍,경상사고,0,0,2,0,차대차 - 추돌 - 진행중,안전거리미확보,건조,맑음,단일로 - 기타,승용,남,26세,상해없음,승용,남,35세,경상
2012112700100516,2012년 11월 27일 19시,화요일,충청남도 서산시 음암면,경상사고,0,0,1,0,차대차 - 추돌 - 주정차중,안전운전불이행,건조,맑음,단일로 - 기타,승용,여,34세,경상,화물,남,34세,기타불명
2012112700100586,2012년 11월 27일 21시,화요일,충청남도 서천군 마서면,경상사고,0,0,1,0,차대차 - 기타,안전운전불이행,결빙,맑음,기타 - 기타,승용,여,53세,상해없음,화물,남,67세,경상
2012112700100587,2012년 11월 27일 21시,화요일,충청남도 청양군 화성면,경상사고,0,0,3,0,차량단독 - 기타,안전운전불이행,건조,맑음,단일로 - 기타,승용,남,18세,경상,,,,
2012112700100608,2012년 11월 27일 22시,화요일,충청남도 천안시 동남구 신방동,경상사고,0,0,1,0,차대차 - 측면직각충돌,안전운전불이행,건조,맑음,단일로 - 기타,기타불명,기타불명,기타불명,기타불명,원동기,남,17세,경상
2012112700100640,2012년 11월 27일 23시,화요일,충청남도 논산시 취암동,경상사고,0,0,1,0,차대차 - 측면직각충돌,안전운전불이행,건조,맑음,단일로 - 기타,승용,남,64세,상해없음,이륜,남,17세,경상
2012112700100641,2012년 11월 27일 23시,화요일,충청남도 예산군 오가면,경상사고,0,0,2,0,차대차 - 추돌 - 진행중,안전거리미확보,기타,맑음,단일로 - 기타,승용,여,57세,상해없음,승용,남,48세,경상
2012112800100024,2012년 11월 28일 01시,수요일,충청남도 천안시 서북구 성거읍,경상사고,0,0,1,0,차대차 - 추돌 - 주정차중,안전운전불이행,건조,맑음,단일로 - 기타,화물,남,44세,상해없음,화물,여,44세,경상
2012112800100039,2012년 11월 28일 03시,수요일,충청남도 당진시 신평면,중상사고,0,1,1,0,차대차 - 추돌 - 진행중,안전운전불이행,건조,맑음,단일로 - 기타,승용,남,51세,상해없음,승용,남,57세,경상
2012112800100072,2012년 11월 28일 06시,수요일,충청남도 서산시 동문동,중상사고,0,1,1,0,차대차 - 측면직각충돌,직진우회전진행방해,건조,맑음,교차로 - 교차로안,화물,남,54세,상해없음,이륜,남,20세,경상
2012112800100090,2012년 11월 28일 07시,수요일,충청남도 논산시 취암동,경상사고,0,0,4,0,차대차 - 측면직각충돌,안전운전불이행,건조,맑음,교차로 - 교차로안,화물,남,54세,상해없음,승용,남,75세,경상
2012112800100091,2012년 11월 28일 07시,수요일,충청남도 보령시 오천면,중상사고,0,1,0,0,차대차 - 측면직각충돌,안전운전불이행,건조,맑음,단일로 - 기타,화물,남,51세,상해없음,이륜,여,47세,중상
2012112800100127,2012년 11월 28일 08시,수요일,충청남도 천안시 동남구 병천면,경상사고,0,0,1,0,차대사람 - 차도통행중,안전운전불이행,건조,맑음,단일로 - 기타,승용,여,37세,상해없음,보행자,여,13세,경상
2012112800100162,2012년 11월 28일 09시,수요일,충청남도 천안시 서북구 직산읍,경상사고,0,0,1,0,차대차 - 기타,안전운전불이행,건조,맑음,교차로 - 교차로부근,승용,남,28세,상해없음,승용,남,54세,상해없음
2012112800100163,2012년 11월 28일 09시,수요일,충청남도 논산시 부창동,중상사고,0,2,0,0,차대차 - 정면충돌,중앙선침범,건조,맑음,단일로 - 기타,화물,남,21세,중상,승용,남,21세,중상
2012112800100164,2012년 11월 28일 09시,수요일,충청남도 당진시 합덕읍,사망사고,1,0,1,0,차대차 - 측면직각충돌,신호위반,습기,흐림,교차로 - 교차로안,승용,남,39세,상해없음,승용,남,43세,경상
2012112800100189,2012년 11월 28일 10시,수요일,충청남도 계룡시 금암동,중상사고,0,1,0,0,차대사람 - 횡단중,안전운전불이행,건조,맑음,단일로 - 기타,승용,남,35세,상해없음,보행자,남,60세,중상
2012112800100218,2012년 11월 28일 11시,수요일,충청남도 천안시 서북구 성거읍,경상사고,0,0,1,0,차대차 - 기타,신호위반,습기,맑음,교차로 - 교차로부근,승합,남,50세,상해없음,건설기계,남,36세,경상
2012112800100219,2012년 11월 28일 11시,수요일,충청남도 예산군 예산읍,경상사고,0,0,1,0,차대차 - 측면직각충돌,직진우회전진행방해,건조,맑음,교차로 - 교차로안,승용,여,51세,상해없음,원동기,남,75세,경상
2012112800100249,2012년 11월 28일 12시,수요일,충청남도 천안시 동남구 신부동,경상사고,0,0,1,0,차대차 - 추돌 - 주정차중,안전운전불이행,건조,맑음,교차로 - 교차로부근,특수,남,45세,상해없음,승용,남,31세,경상
2012112800100265,2012년 11월 28일 13시,수요일,충청남도 서산시 성연면,경상사고,0,0,1,0,차대차 - 추돌 - 주정차중,안전운전불이행,습기,흐림,교차로 - 교차로부근,승용,남,28세,상해없음,특수,남,40세,경상
2012112800100287,2012년 11월 28일 14시,수요일,충청남도 서산시 읍내동,경상사고,0,0,1,0,차대차 - 측면직각충돌,신호위반,건조,맑음,교차로 - 교차로안,화물,남,58세,상해없음,승용,여,47세,경상
2012112800100288,2012년 11월 28일 14시,수요일,충청남도 서산시 동문동,경상사고,0,0,1,0,차대사람 - 횡단중,보행자보호의무위반,건조,맑음,교차로 - 교차로안,기타불명,기타불명,기타불명,기타불명,보행자,여,9세,경상
2012112800100289,2012년 11월 28일 14시,수요일,충청남도 홍성군 홍성읍,사망사고,1,0,0,0,차대차 - 측면직각충돌,신호위반,습기,비,교차로 - 교차로안,원동기,남,77세,사망,승용,남,36세,상해없음
2012112800100290,2012년 11월 28일 14시,수요일,충청남도 부여군 부여읍,경상사고,0,0,1,0,차대차 - 기타,안전운전불이행,건조,맑음,교차로 - 교차로안,승용,남,62세,상해없음,화물,남,61세,경상
2012112800100322,2012년 11월 28일 15시,수요일,충청남도 천안시 서북구 성정동,경상사고,0,0,1,0,차대차 - 측면직각충돌,안전운전불이행,습기,비,단일로 - 기타,화물,남,57세,상해없음,원동기,남,30세,경상
2012112800100351,2012년 11월 28일 16시,수요일,충청남도 논산시 연무읍,경상사고,0,0,1,0,차대차 - 측면직각충돌,안전운전불이행,건조,맑음,단일로 - 기타,승용,남,51세,상해없음,승용,여,47세,상해없음
2012112800100352,2012년 11월 28일 16시,수요일,충청남도 당진시 송악읍,경상사고,0,0,1,0,차대차 - 기타,교차로운행방법위반,건조,맑음,교차로 - 교차로부근,농기계,남,74세,상해없음,승용,남,74세,경상
2012112800100390,2012년 11월 28일 17시,수요일,충청남도 서천군 비인면,중상사고,0,1,0,0,차대사람 - 횡단중,안전운전불이행,건조,기타,단일로 - 기타,화물,남,55세,상해없음,보행자,남,40세,중상
2012112800100391,2012년 11월 28일 17시,수요일,충청남도 예산군 덕산면,경상사고,0,0,3,0,차대차 - 정면충돌,안전운전불이행,건조,흐림,단일로 - 기타,승용,여,44세,상해없음,승합,남,35세,경상
2012112800100392,2012년 11월 28일 17시,수요일,충청남도 금산군 금산읍,경상사고,0,0,2,0,차대차 - 측면직각충돌,교차로운행방법위반,건조,맑음,교차로 - 교차로안,승용,남,27세,경상,화물,남,53세,경상
2012112800100442,2012년 11월 28일 18시,수요일,충청남도 서산시 수석동,경상사고,0,0,1,0,차대차 - 추돌 - 진행중,안전운전불이행,건조,맑음,단일로 - 기타,화물,남,50세,상해없음,승용,남,57세,경상
2012112800100444,2012년 11월 28일 18시,수요일,충청남도 아산시 배방읍,사망사고,1,1,0,0,차대차 - 기타,안전운전불이행,건조,맑음,단일로 - 기타,승합,남,60세,사망,화물,남,44세,중상
2012112800100445,2012년 11월 28일 18시,수요일,충청남도 서천군 종천면,중상사고,0,1,0,0,차량단독 - 전도전복,안전운전불이행,기타,맑음,단일로 - 기타,승용,여,38세,중상,,,,
2012112800100446,2012년 11월 28일 18시,수요일,충청남도 보령시 대천동,경상사고,0,0,1,0,차대사람 - 기타,안전운전불이행,건조,흐림,교차로 - 교차로안,승용,남,35세,상해없음,보행자,남,76세,경상
2012112800100447,2012년 11월 28일 18시,수요일,충청남도 공주시 신관동,경상사고,0,0,2,0,차대차 - 추돌 - 주정차중,안전운전불이행,건조,맑음,교차로 - 교차로부근,승용,남,46세,상해없음,승용,여,52세,경상
2012112800100448,2012년 11월 28일 18시,수요일,충청남도 천안시 동남구 봉명동,중상사고,0,1,0,0,차대사람 - 차도통행중,안전운전불이행,건조,맑음,단일로 - 기타,화물,남,58세,상해없음,보행자,남,47세,중상
2012112800100492,2012년 11월 28일 19시,수요일,충청남도 아산시 염치읍,경상사고,0,0,1,0,차대차 - 추돌 - 주정차중,안전운전불이행,건조,맑음,교차로 - 교차로부근,화물,남,52세,상해없음,승용,남,36세,경상
2012112800100493,2012년 11월 28일 19시,수요일,충청남도 청양군 정산면,중상사고,0,1,0,0,차대차 - 추돌 - 진행중,안전운전불이행,건조,맑음,단일로 - 기타,화물,남,46세,상해없음,농기계,남,53세,중상
2012112800100562,2012년 11월 28일 21시,수요일,충청남도 논산시 지산동,중상사고,0,2,1,0,차대차 - 정면충돌,중앙선침범,건조,맑음,단일로 - 기타,승용,남,30세,경상,특수,남,48세,중상
2012112800100591,2012년 11월 28일 22시,수요일,충청남도 천안시 서북구 두정동,경상사고,0,0,1,0,차대사람 - 기타,안전운전불이행,건조,맑음,단일로 - 기타,기타불명,기타불명,기타불명,기타불명,보행자,여,18세,경상
2012112800100617,2012년 11월 28일 23시,수요일,충청남도 천안시 서북구 쌍용동,경상사고,0,0,1,0,차대차 - 기타,기타,건조,맑음,단일로 - 기타,승용,여,50세,상해없음,이륜,남,41세,경상
2012112900100020,2012년 11월 29일 00시,목요일,충청남도 서산시 읍내동,경상사고,0,0,2,0,차대차 - 측면직각충돌,안전운전불이행,건조,맑음,단일로 - 기타,승용,남,34세,상해없음,승용,남,55세,상해없음
2012112900100035,2012년 11월 29일 01시,목요일,충청남도 홍성군 홍북면,사망사고,1,0,0,0,차량단독 - 전도전복,안전운전불이행,건조,흐림,단일로 - 기타,승용,남,39세,사망,,,,
2012112900100060,2012년 11월 29일 04시,목요일,충청남도 서산시 석림동,사망사고,1,0,0,0,차대사람 - 횡단중,안전운전불이행,건조,맑음,단일로 - 기타,승용,남,28세,상해없음,보행자,남,65세,사망
2012112900100061,2012년 11월 29일 04시,목요일,충청남도 홍성군 홍성읍,중상사고,0,1,0,0,차대차 - 측면직각충돌,교차로운행방법위반,건조,맑음,교차로 - 교차로안,승용,남,76세,상해없음,승용,남,36세,중상
2012112900100083,2012년 11월 29일 06시,목요일,충청남도 천안시 서북구 성환읍,사망사고,1,16,3,0,차대차 - 추돌 - 주정차중,안전운전불이행,건조,맑음,단일로 - 기타,승합,남,41세,상해없음,화물,남,49세,중상
2012112900100084,2012년 11월 29일 06시,목요일,충청남도 아산시 음봉면,경상사고,0,0,2,0,차대차 - 측면직각충돌,신호위반,건조,맑음,교차로 - 교차로안,승용,남,21세,상해없음,승용,남,25세,경상
2012112900100085,2012년 11월 29일 06시,목요일,충청남도 당진시 송악읍,경상사고,0,0,5,0,차대차 - 추돌 - 진행중,차로위반,건조,맑음,단일로 - 기타,화물,남,52세,상해없음,승용,남,52세,경상
2012112900100139,2012년 11월 29일 08시,목요일,충청남도 서천군 마서면,중상사고,0,2,2,0,차대차 - 기타,신호위반,건조,맑음,교차로 - 교차로안,승용,여,41세,중상,승용,여,43세,중상
2012112900100162,2012년 11월 29일 09시,목요일,충청남도 보령시 대천동,경상사고,0,0,1,0,차대차 - 추돌 - 진행중,안전운전불이행,건조,맑음,교차로 - 교차로부근,승용,여,36세,상해없음,승용,여,41세,경상