사고번호,사고일시,요일,시군구,사고내용,사망자수,중상자수,경상자수,부상신고자수,사고유형,법규위반,노면상태,기상상태,도로형태,가해운전자 차종,가해운전자 성별,가해운전자 연령,가해운전자 상해정도,피해운전자 차종,피해운전자 성별,피해운전자 연령,피해운전자 상해정도
2012112900100215,2012년 11월 29일 11시,목요일,충청남도 천안시 서북구 성정동,중상사고,0,1,0,0,차대차 - 측면직각충돌,직진우회전진행방해,건조,맑음,교차로 - 교차로안,승용,여,31세,상해없음,이륜,남,30세,중상
2012112900100216,2012년 11월 29일 11시,목요일,충청남도 논산시 취암동,중상사고,0,1,0,0,차대차 - 기타,안전운전불이행,건조,맑음,단일로 - 기타,화물,남,56세,상해없음,이륜,남,73세,중상
2012112900100217,2012년 11월 29일 11시,목요일,충청남도 보령시 천북면,중상사고,0,1,0,0,차대차 - 측면직각충돌,직진우회전진행방해,건조,맑음,교차로 - 교차로안,승용,남,18세,상해없음,승용,남,67세,중상
2012112900100234,2012년 11월 29일 12시,목요일,충청남도 보령시 대천동,중상사고,0,1,1,0,차대차 - 측면직각충돌,직진우회전진행방해,건조,맑음,교차로 - 교차로안,승용,남,54세,상해없음,승용,여,30세,경상
2012112900100235,2012년 11월 29일 12시,목요일,충청남도 당진시 읍내리,중상사고,0,1,0,0,차대차 - 측면직각충돌,교차로운행방법위반,건조,맑음,교차로 - 교차로안,승용,남,28세,상해없음,이륜,여,58세,중상
2012112900100264,2012년 11월 29일 13시,목요일,충청남도 논산시 관촉동,경상사고,0,0,1,0,차량단독 - 기타,안전운전불이행,건조,맑음,단일로 - 기타,승용,남,63세,상해없음,,,,
2012112900100295,2012년 11월 29일 14시,목요일,충청남도 태안군 태안읍,중상사고,0,2,0,0,차대차 - 기타,교차로운행방법위반,건조,맑음,교차로 - 교차로안,승용,여,50세,중상,화물,남,50세,중상
2012112900100322,2012년 11월 29일 15시,목요일,충청남도 보령시 웅천읍,중상사고,0,1,2,0,차대차 - 측면직각충돌,직진우회전진행방해,건조,맑음,교차로 - 교차로안,승용,여,65세,경상,화물,여,47세,중상
2012112900100355,2012년 11월 29일 16시,목요일,충청남도 계룡시 금암동,경상사고,0,0,1,0,차대차 - 기타,안전거리미확보,건조,맑음,단일로 - 기타,화물,남,53세,상해없음,승용,여,58세,경상
2012112900100356,2012년 11월 29일 16시,목요일,충청남도 서천군 서천읍,중상사고,0,1,0,0,차대사람 - 기타,안전운전불이행,건조,맑음,교차로 - 교차로안,승용,여,57세,상해없음,보행자,여,65세,중상
2012112900100432,2012년 11월 29일 18시,목요일,충청남도 공주시 옥룡동,경상사고,0,0,1,0,차대사람 - 횡단중,보행자보호의무위반,건조,맑음,단일로 - 횡단보도상,승용,남,37세,상해없음,보행자,여,33세,경상
2012112900100433,2012년 11월 29일 18시,목요일,충청남도 당진시 송산면,중상사고,0,1,0,0,차대사람 - 길가장자리구역통행중,안전운전불이행,건조,맑음,단일로 - 기타,건설기계,남,44세,상해없음,보행자,남,51세,중상
2012112900100471,2012년 11월 29일 19시,목요일,충청남도 논산시 강경읍,경상사고,0,0,1,0,차대사람 - 기타,안전운전불이행,건조,맑음,단일로 - 기타,승용,남,55세,상해없음,보행자,여,49세,경상
2012112900100472,2012년 11월 29일 19시,목요일,충청남도 천안시 동남구 청당동,중상사고,0,1,0,0,차대차 - 측면직각충돌,안전운전불이행,건조,맑음,교차로 - 교차로안,승용,남,39세,상해없음,이륜,남,25세,중상
2012112900100504,2012년 11월 29일 20시,목요일,충청남도 공주시 정안면,경상사고,0,0,1,0,차대차 - 측면직각충돌,신호위반,건조,맑음,교차로 - 교차로안,승용,남,47세,상해없음,승용,여,42세,경상
2012112900100610,2012년 11월 29일 23시,목요일,충청남도 아산시 탕정면,경상사고,0,0,1,0,차대차 - 추돌 - 주정차중,안전거리미확보,건조,맑음,교차로 - 교차로부근,승용,남,30세,상해없음,승용,여,55세,경상
2012112900100611,2012년 11월 29일 23시,목요일,충청남도 아산시 온천동,경상사고,0,0,2,0,차대차 - 추돌 - 진행중,교차로운행방법위반,건조,맑음,교차로 - 교차로안,승용,남,29세,상해없음,화물,남,52세,경상
2012112900100612,2012년 11월 29일 23시,목요일,충청남도 당진시 송악읍,경상사고,0,0,1,0,차대사람 - 차도통행중,안전운전불이행,건조,맑음,단일로 - 기타,승용,남,37세,상해없음,보행자,남,56세,경상
2012113000100069,2012년 11월 30일 05시,금요일,충청남도 천안시 서북구 백석동,경상사고,0,0,1,0,차대차 - 측면직각충돌,신호위반,건조,맑음,교차로 - 교차로안,승용,남,30세,상해없음,승용,남,30세,상해없음
2012113000100070,2012년 11월 30일 05시,금요일,충청남도 예산군 고덕면,사망사고,1,0,0,0,차대사람 - 횡단중,신호위반,건조,흐림,교차로 - 교차로부근,화물,남,54세,상해없음,보행자,남,51세,사망
2012113000100100,2012년 11월 30일 07시,금요일,충청남도 서천군 마서면,부상신고사고,0,0,0,1,차대차 - 기타,안전운전불이행,건조,맑음,단일로 - 기타,이륜,남,69세,부상신고,화물,남,56세,상해없음
2012113000100128,2012년 11월 30일 08시,금요일,충청남도 서산시 음암면,부상신고사고,0,0,0,1,차대차 - 측면직각충돌,안전운전불이행,건조,맑음,교차로 - 교차로안,승용,여,34세,상해없음,이륜,남,62세,부상신고
2012113000100188,2012년 11월 30일 11시,금요일,충청남도 천안시 서북구 쌍용동,경상사고,0,0,2,0,차대차 - 측면직각충돌,안전거리미확보,건조,맑음,단일로 - 기타,승용,남,48세,상해없음,승용,남,66세,경상
2012113000100213,2012년 11월 30일 12시,금요일,충청남도 아산시 음봉면,경상사고,0,0,2,0,차대차 - 추돌 - 진행중,안전운전불이행,건조,맑음,교차로 - 교차로부근,승용,남,29세,상해없음,승합,남,43세,경상
2012113000100240,2012년 11월 30일 13시,금요일,충청남도 논산시 취암동,경상사고,0,0,1,0,차대사람 - 기타,안전운전불이행,건조,맑음,단일로 - 기타,승용,여,51세,상해없음,보행자,여,51세,경상
2012113000100241,2012년 11월 30일 13시,금요일,충청남도 예산군 예산읍,중상사고,0,2,1,0,차대차 - 측면직각충돌,신호위반,건조,맑음,교차로 - 교차로안,승용,남,38세,중상,승용,여,49세,중상
2012113000100288,2012년 11월 30일 15시,금요일,충청남도 천안시 서북구 불당동,중상사고,0,1,9,0,차대차 - 측면직각충돌,신호위반,건조,맑음,교차로 - 교차로안,승용,남,40세,상해없음,승합,남,51세,경상
2012113000100316,2012년 11월 30일 16시,금요일,충청남도 논산시 부창동,경상사고,0,0,1,0,차대사람 - 기타,안전운전불이행,건조,맑음,교차로 - 교차로안,승용,남,25세,상해없음,보행자,여,74세,경상
2012113000100317,2012년 11월 30일 16시,금요일,충청남도 공주시 금학동,중상사고,0,2,2,0,차대차 - 측면직각충돌,신호위반,건조,맑음,교차로 - 교차로안,승합,남,58세,상해없음,승용,남,32세,중상
2012113000100318,2012년 11월 30일 16시,금요일,충청남도 천안시 동남구 청당동,경상사고,0,0,1,0,차대차 - 기타,안전운전불이행,건조,맑음,단일로 - 기타,승합,남,57세,상해없음,승용,여,36세,경상
2012113000100355,2012년 11월 30일 17시,금요일,충청남도 태안군 원북면,중상사고,0,1,0,0,차량단독 - 공작물충돌,안전운전불이행,건조,맑음,단일로 - 기타,승용,남,41세,상해없음,,,,
2012113000100356,2012년 11월 30일 17시,금요일,충청남도 천안시 서북구 두정동,중상사고,0,1,0,0,차대차 - 측면직각충돌,안전운전불이행,건조,맑음,단일로 - 기타,승용,남,32세,상해없음,승용,여,34세,중상
2012113000100357,2012년 11월 30일 17시,금요일,충청남도 금산군 금산읍,경상사고,0,0,1,0,차대차 - 기타,안전운전불이행,건조,맑음,교차로 - 교차로부근,자전거,남,29세,경상,승용,남,60세,상해없음
2012113000100414,2012년 11월 30일 18시,금요일,충청남도 보령시 궁촌동,중상사고,0,1,0,0,차대차 - 추돌 - 진행중,안전운전불이행,건조,맑음,단일로 - 기타,승용,여,51세,상해없음,승용,여,46세,중상
2012113000100499,2012년 11월 30일 20시,금요일,충청남도 천안시 서북구 쌍용동,경상사고,0,0,2,0,차대차 - 추돌 - 진행중,안전운전불이행,건조,맑음,단일로 - 기타,승용,남,57세,상해없음,승용,남,25세,경상
2012113000100500,2012년 11월 30일 20시,금요일,충청남도 당진시 우강면,부상신고사고,0,0,0,1,차대사람 - 길가장자리구역통행중,안전운전불이행,건조,맑음,단일로 - 기타,승용,남,28세,상해없음,보행자,여,62세,부상신고
2012113000100585,2012년 11월 30일 22시,금요일,충청남도 천안시 서북구 성거읍,경상사고,0,0,2,0,차대차 - 측면직각충돌,안전운전불이행,건조,맑음,교차로 - 교차로안,승용,남,29세,상해없음,승용,남,23세,경상
2012113000100625,2012년 11월 30일 23시,금요일,충청남도 천안시 동남구 목천읍,중상사고,0,2,4,0,차대차 - 추돌 - 진행중,안전운전불이행,건조,맑음,교차로 - 교차로부근,승용,남,40세,상해없음,승용,남,34세,경상
2012120100100083,2012년 12월 1일 02시,토요일,충청남도 논산시 반월동,중상사고,0,1,0,0,차대사람 - 기타,안전운전불이행,건조,맑음,교차로 - 교차로안,승용,여,41세,상해없음,보행자,남,51세,중상
2012120100100100,2012년 12월 1일 03시,토요일,충청남도 당진시 송악읍,경상사고,0,0,1,0,차대차 - 측면직각충돌,교차로운행방법위반,건조,맑음,교차로 - 교차로안,승용,남,30세,상해없음,승용,남,33세,경상
2012120100100113,2012년 12월 1일 04시,토요일,충청남도 서산시 동문동,중상사고,0,1,0,0,차량단독 - 전도전복,안전운전불이행,건조,맑음,단일로 - 기타,원동기,남,17세,중상,,,,
2012120100100114,2012년 12월 1일 04시,토요일,충청남도 논산시 부창동,중상사고,0,1,0,0,차량단독 - 공작물충돌,안전운전불이행,건조,맑음,단일로 - 기타,승용,남,34세,중상,,,,
2012120100100123,2012년 12월 1일 05시,토요일,충청남도 천안시 서북구 두정동,중상사고,0,1,1,0,차대차 - 측면직각충돌,안전운전불이행,건조,맑음,교차로 - 교차로안,승용,여,32세,상해없음,승용,남,24세,경상
2012120100100139,2012년 12월 1일 06시,토요일,충청남도 천안시 동남구 목천읍,중상사고,0,1,0,0,차량단독 - 기타,안전거리미확보,건조,맑음,단일로 - 기타,이륜,남,70세,중상,,,,
2012120100100160,2012년 12월 1일 07시,토요일,충청남도 아산시 음봉면,경상사고,0,0,1,0,차대차 - 추돌 - 진행중,안전운전불이행,건조,맑음,기타 - 기타,승용,남,38세,상해없음,승용,남,53세,경상
2012120100100161,2012년 12월 1일 07시,토요일,충청남도 보령시 주교면,중상사고,0,1,0,0,차대사람 - 기타,안전운전불이행,건조,맑음,단일로 - 기타,승용,남,44세,상해없음,보행자,남,45세,중상
2012120100100178,2012년 12월 1일 08시,토요일,충청남도 서천군 종천면,사망사고,1,0,0,0,차대사람 - 기타,안전운전불이행,건조,맑음,단일로 - 기타,화물,남,62세,상해없음,보행자,여,88세,사망
2012120100100200,2012년 12월 1일 09시,토요일,충청남도 청양군 비봉면,중상사고,0,1,0,0,차대차 - 측면직각충돌,직진우회전진행방해,건조,맑음,교차로 - 교차로안,승용,남,70세,상해없음,화물,남,44세,상해없음
2012120100100235,2012년 12월 1일 10시,토요일,충청남도 천안시 서북구 신당동,경상사고,0,0,3,0,차대차 - 추돌 - 주정차중,안전운전불이행,건조,맑음,교차로 - 교차로부근,화물,남,44세,상해없음,승용,남,53세,경상
2012120100100236,2012년 12월 1일 10시,토요일,충청남도 예산군 예산읍,중상사고,0,1,0,0,차대사람 - 횡단중,안전운전불이행,건조,맑음,교차로 - 교차로안,승용,여,38세,상해없음,보행자,남,70세,중상
2012120100100264,2012년 12월 1일 11시,토요일,충청남도 논산시 성동면,경상사고,0,0,2,0,차량단독 - 공작물충돌,안전운전불이행,건조,맑음,단일로 - 기타,승용,여,28세,경상,,,,
2012120100100320,2012년 12월 1일 13시,토요일,충청남도 계룡시 엄사면,중상사고,0,1,2,0,차대차 - 추돌 - 진행중,안전운전불이행,건조,맑음,단일로 - 기타,승용,여,37세,경상,승용,남,29세,경상
2012120100100321,2012년 12월 1일 13시,토요일,충청남도 금산군 진산면,경상사고,0,0,1,0,차대차 - 정면충돌,안전운전불이행,건조,맑음,단일로 - 기타,승용,여,37세,기타불명,건설기계,남,52세,경상
2012120100100346,2012년 12월 1일 14시,토요일,충청남도 예산군 오가면,중상사고,0,1,0,0,차대차 - 측면직각충돌,직진우회전진행방해,건조,맑음,교차로 - 교차로안,이륜,남,65세,중상,화물,남,64세,상해없음
2012120100100383,2012년 12월 1일 15시,토요일,충청남도 서산시 석림동,중상사고,0,1,2,0,차대차 - 측면직각충돌,안전운전불이행,건조,맑음,단일로 - 기타,승용,여,39세,상해없음,화물,남,47세,경상
2012120100100384,2012년 12월 1일 15시,토요일,충청남도 태안군 소원면,경상사고,0,0,1,0,차대사람 - 기타,안전운전불이행,건조,맑음,단일로 - 기타,화물,남,60세,상해없음,보행자,남,6세,경상
2012120100100385,2012년 12월 1일 15시,토요일,충청남도 천안시 동남구 유량동,경상사고,0,0,1,0,차대차 - 측면직각충돌,안전운전불이행,건조,맑음,단일로 - 기타,승용,남,39세,상해없음,승용,남,50세,경상
2012120100100419,2012년 12월 1일 16시,토요일,충청남도 서천군 마서면,중상사고,0,1,2,0,차대차 - 기타,신호위반,건조,맑음,교차로 - 교차로안,승용,여,42세,상해없음,승용,남,26세,경상
2012120100100460,2012년 12월 1일 17시,토요일,충청남도 아산시 온천동,중상사고,0,1,0,0,차대사람 - 횡단중,보행자보호의무위반,건조,맑음,단일로 - 횡단보도상,이륜,남,44세,상해없음,보행자,남,48세,중상
2012120100100524,2012년 12월 1일 18시,토요일,충청남도 예산군 오가면,사망사고,1,1,11,0,차대차 - 추돌 - 주정차중,안전거리미확보,건조,맑음,교차로 - 교차로부근,화물,남,60세,사망,화물,남,37세,중상
2012120100100592,2012년 12월 1일 20시,토요일,충청남도 금산군 복수면,중상사고,0,3,0,0,차대차 - 정면충돌,중앙선침범,건조,맑음,교차로 - 교차로부근,승용,남,26세,중상,화물,남,63세,중상
2012120200100035,2012년 12월 2일 01시,일요일,충청남도 천안시 서북구 성정동,경상사고,0,0,1,0,차대차 - 측면직각충돌,안전운전불이행,건조,맑음,단일로 - 기타,승용,남,23세,상해없음,승용,남,46세,경상
2012120200100157,2012년 12월 2일 10시,일요일,충청남도 천안시 서북구 쌍용동,중상사고,0,1,0,0,차대사람 - 횡단중,안전운전불이행,건조,맑음,교차로 - 교차로부근,승용,남,33세,상해없음,보행자,여,24세,중상
2012120200100158,2012년 12월 2일 10시,일요일,충청남도 천안시 동남구 신방동,중상사고,0,1,0,0,차대차 - 측면직각충돌,차로위반,건조,맑음,단일로 - 기타,이륜,남,52세,중상,승용,남,34세,상해없음
2012120200100227,2012년 12월 2일 13시,일요일,충청남도 천안시 서북구 성정동,경상사고,0,0,1,0,차대사람 - 횡단중,안전운전불이행,건조,기타,교차로 - 교차로부근,승용,남,22세,상해없음,보행자,남,73세,경상
2012120200100268,2012년 12월 2일 15시,일요일,충청남도 서산시 대산읍,중상사고,0,5,1,0,차대차 - 측면직각충돌,중앙선침범,건조,맑음,기타 - 기타,승용,남,43세,상해없음,승용,남,49세,중상
2012120200100292,2012년 12월 2일 16시,일요일,충청남도 서산시 예천동,경상사고,0,0,2,0,차대차 - 추돌 - 진행중,안전운전불이행,건조,맑음,단일로 - 기타,승용,여,31세,경상,승용,남,54세,상해없음
2012120200100293,2012년 12월 2일 16시,일요일,충청남도 천안시 동남구 광덕면,중상사고,0,2,2,0,차대차 - 추돌 - 진행중,안전거리미확보,건조,맑음,교차로 - 교차로안,화물,남,43세,상해없음,승용,여,38세,중상
2012120200100344,2012년 12월 2일 18시,일요일,충청남도 아산시 득산동,경상사고,0,0,1,0,차대차 - 측면직각충돌,중앙선침범,건조,맑음,단일로 - 기타,승용,남,44세,상해없음,승용,남,55세,경상
2012120200100345,2012년 12월 2일 18시,일요일,충청남도 보령시 천북면,중상사고,0,1,0,0,차대사람 - 기타,안전운전불이행,건조,맑음,단일로 - 기타,기타불명,기타불명,기타불명,기타불명,보행자,여,67세,중상
2012120200100346,2012년 12월 2일 18시,일요일,충청남도 예산군 광시면,중상사고,0,1,0,0,차대차 - 추돌 - 주정차중,안전운전불이행,건조,맑음,단일로 - 기타,화물,남,79세,상해없음,농기계,남,73세,중상
2012120200100347,2012년 12월 2일 18시,일요일,충청남도 천안시 동남구 신방동,경상사고,0,0,2,0,차대차 - 추돌 - 진행중,안전거리미확보,건조,맑음,교차로 - 교차로부근,화물,남,55세,상해없음,승용,남,30세,경상
2012120200100348,2012년 12월 2일 18시,일요일,충청남도 천안시 동남구 풍세면,중상사고,0,1,2,0,차대차 - 추돌 - 진행중,안전거리미확보,건조,맑음,단일로 - 기타,승용,남,47세,상해없음,농기계,남,51세,중상
2012120200100378,2012년 12월 2일 19시,일요일,충청남도 서천군 서천읍,경상사고,0,0,1,0,차대사람 - 기타,안전운전불이행,건조,맑음,단일로 - 기타,승용,남,58세,상해없음,보행자,여,57세,경상
2012120200100416,2012년 12월 2일 20시,일요일,충청남도 서산시 동문동,경상사고,0,0,1,0,차대사람 - 기타,안전운전불이행,건조,맑음,단일로 - 기타,승용,여,46세,상해없음,보행자,남,17세,경상
2012120200100417,2012년 12월 2일 20시,일요일,충청남도 천안시 서북구 직산읍,중상사고,0,1,0,0,차대사람 - 기타,안전운전불이행,건조,맑음,교차로 - 교차로안,승용,남,29세,상해없음,보행자,여,23세,중상
2012120200100445,2012년 12월 2일 21시,일요일,충청남도 서산시 읍내동,경상사고,0,0,1,0,차대차 - 측면직각충돌,신호위반,건조,맑음,교차로 - 교차로안,원동기,남,18세,경상,승용,남,32세,상해없음
2012120200100463,2012년 12월 2일 22시,일요일,충청남도 태안군 태안읍,경상사고,0,0,1,0,차대차 - 측면직각충돌,차로위반,건조,맑음,교차로 - 교차로부근,승용,남,54세,상해없음,승용,남,41세,경상
2012120200100479,2012년 12월 2일 23시,일요일,충청남도 서산시 읍내동,경상사고,0,0,1,0,차대사람 - 기타,안전운전불이행,건조,맑음,교차로 - 교차로안,승용,남,19세,기타불명,보행자,여,24세,경상
2012120300100006,2012년 12월 3일 00시,월요일,충청남도 공주시 신관동,중상사고,0,3,0,0,차대차 - 측면직각충돌,신호위반,건조,맑음,교차로 - 교차로안,승용,남,53세,상해없음,승용,남,20세,중상
2012120300100082,2012년 12월 3일 07시,월요일,충청남도 천안시 서북구 직산읍,중상사고,0,1,0,0,차대차 - 기타,중앙선침범,건조,흐림,단일로 - 기타,승용,남,19세,상해없음,승용,남,37세,중상
2012120300100109,2012년 12월 3일 08시,월요일,충청남도 보령시 대천동,경상사고,0,0,1,0,차대차 - 추돌 - 진행중,안전운전불이행,건조,흐림,단일로 - 기타,승용,남,24세,상해없음,승용,여,42세,경상
2012120300100110,2012년 12월 3일 08시,월요일,충청남도 청양군 청양읍,중상사고,0,2,1,0,차대차 - 측면직각충돌,중앙선침범,건조,맑음,단일로 - 기타,승용,남,40세,경상,승용,남,40세,중상
2012120300100141,2012년 12월 3일 09시,월요일,충청남도 천안시 동남구 안서동,중상사고,0,1,0,0,차대사람 - 횡단중,안전운전불이행,건조,맑음,단일로 - 횡단보도상,승용,여,44세,상해없음,보행자,여,19세,중상
2012120300100164,2012년 12월 3일 10시,월요일,충청남도 서산시 고북면,중상사고,0,2,0,0,차대차 - 정면충돌,중앙선침범,건조,맑음,단일로 - 기타,승용,남,66세,중상,승용,남,30세,중상
2012120300100212,2012년 12월 3일 12시,월요일,충청남도 태안군 고남면,경상사고,0,0,2,0,차대차 - 측면직각충돌,교차로운행방법위반,습기,비,교차로 - 교차로안,승용,여,46세,상해없음,승용,남,73세,경상
2012120300100213,2012년 12월 3일 12시,월요일,충청남도 천안시 서북구 업성동,경상사고,0,0,1,0,차대차 - 측면직각충돌,신호위반,건조,흐림,교차로 - 교차로안,화물,남,43세,상해없음,화물,남,58세,경상
2012120300100214,2012년 12월 3일 12시,월요일,충청남도 청양군 비봉면,경상사고,0,0,1,0,차대차 - 측면직각충돌,직진우회전진행방해,습기,비,교차로 - 교차로안,승용,남,44세,상해없음,승용,남,60세,상해없음
2012120300100215,2012년 12월 3일 12시,월요일,충청남도 천안시 서북구 성거읍,경상사고,0,0,1,0,차대차 - 기타,안전운전불이행,건조,맑음,단일로 - 기타,승용,남,68세,상해없음,승용,여,61세,경상
2012120300100248,2012년 12월 3일 13시,월요일,충청남도 논산시 성동면,중상사고,0,1,0,0,차대차 - 측면직각충돌,직진우회전진행방해,건조,흐림,교차로 - 교차로안,승용,남,38세,상해없음,이륜,남,57세,중상
2012120300100275,2012년 12월 3일 14시,월요일,충청남도 천안시 동남구 신부동,경상사고,0,0,1,0,차대차 - 추돌 - 진행중,안전운전불이행,건조,맑음,단일로 - 기타,승용,남,55세,상해없음,화물,남,64세,경상
2012120300100302,2012년 12월 3일 15시,월요일,충청남도 천안시 서북구 성정동,경상사고,0,0,2,0,차대차 - 추돌 - 주정차중,안전운전불이행,습기,비,교차로 - 교차로부근,승용,남,36세,상해없음,승용,여,52세,경상
2012120300100341,2012년 12월 3일 16시,월요일,충청남도 예산군 예산읍,경상사고,0,0,1,0,차대차 - 측면직각충돌,안전거리미확보,건조,맑음,단일로 - 기타,화물,남,31세,상해없음,승용,여,51세,경상
2012120300100417,2012년 12월 3일 18시,월요일,충청남도 계룡시 금암동,경상사고,0,0,1,0,차대차 - 추돌 - 진행중,안전거리미확보,습기,비,교차로 - 교차로안,승용,여,45세,상해없음,승용,남,36세,경상
2012120300100418,2012년 12월 3일 18시,월요일,충청남도 보령시 청소면,경상사고,0,0,1,0,차대차 - 정면충돌,안전운전불이행,습기,비,교차로 - 교차로부근,화물,남,59세,상해없음,화물,남,53세,경상
2012120300100419,2012년 12월 3일 18시,월요일,충청남도 공주시 계룡면,사망사고,1,0,0,0,차대사람 - 기타,안전운전불이행,습기,비,단일로 - 기타,화물,남,52세,상해없음,보행자,남,56세,사망
2012120300100420,2012년 12월 3일 18시,월요일,충청남도 당진시 송악읍,중상사고,0,1,0,0,차대사람 - 횡단중,안전운전불이행,습기,흐림,단일로 - 기타,승용,남,64세,상해없음,보행자,여,71세,중상
2012120300100421,2012년 12월 3일 18시,월요일,충청남도 당진시 합덕읍,중상사고,0,2,0,0,차대차 - 측면직각충돌,교차로운행방법위반,습기,비,교차로 - 교차로안,승용,남,33세,중상,승용,남,52세,중상
2012120300100457,2012년 12월 3일 19시,월요일,충청남도 서산시 읍내동,중상사고,0,1,0,0,차대사람 - 횡단중,안전운전불이행,습기,비,단일로 - 횡단보도부근,승용,남,48세,상해없음,보행자,여,12세,중상
2012120300100458,2012년 12월 3일 19시,월요일,충청남도 홍성군 홍성읍,중상사고,0,1,0,0,차대차 - 측면직각충돌,교차로운행방법위반,습기,비,교차로 - 교차로안,승용,남,28세,상해없음,승용,남,28세,상해없음
2012120300100460,2012년 12월 3일 19시,월요일,충청남도 천안시 동남구 동면,사망사고,1,0,0,0,차대사람 - 차도통행중,안전운전불이행,습기,비,교차로 - 교차로안,승용,남,45세,상해없음,보행자,여,49세,사망
2012120300100500,2012년 12월 3일 20시,월요일,충청남도 태안군 근흥면,중상사고,0,1,0,0,차대사람 - 차도통행중,안전운전불이행,건조,맑음,단일로 - 기타,승용,남,47세,상해없음,보행자,여,73세,중상
2012120300100617,2012년 12월 3일 23시,월요일,충청남도 천안시 서북구 성정동,경상사고,0,0,1,0,차대차 - 추돌 - 진행중,안전운전불이행,습기,눈,교차로 - 교차로부근,승용,남,33세,상해없음,원동기,남,28세,경상
2012120300100618,2012년 12월 3일 23시,월요일,충청남도 보령시 동대동,경상사고,0,0,2,0,차대차 - 추돌 - 진행중,안전운전불이행,습기,눈,단일로 - 기타,승용,기타불명,기타불명,기타불명,승용,남,34세,경상
2012120400100008,2012년 12월 4일 00시,화요일,충청남도 천안시 서북구 성환읍,경상사고,0,0,1,0,차량단독 - 공작물충돌,안전운전불이행,결빙,눈,단일로 - 기타,화물,남,24세,경상,,,,
2012120400100009,2012년 12월 4일 00시,화요일,충청남도 천안시 동남구 병천면,경상사고,0,0,1,0,차대차 - 추돌 - 진행중,안전운전불이행,적설,눈,단일로 - 기타,승용,남,26세,상해없음,화물,남,43세,상해없음
2012120400100054,2012년 12월 4일 04시,화요일,충청남도 계룡시 엄사면,경상사고,0,0,1,0,차대사람 - 횡단중,보행자보호의무위반,결빙,흐림,교차로 - 교차로안,승용,남,42세,상해없음,보행자,여,76세,경상
2012120400100062,2012년 12월 4일 05시,화요일,충청남도 천안시 동남구 삼룡동,중상사고,0,1,0,0,차대차 - 추돌 - 진행중,안전운전불이행,결빙,맑음,단일로 - 기타,승용,남,40세,상해없음,승용,여,63세,중상
2012120400100100,2012년 12월 4일 07시,화요일,충청남도 천안시 서북구 성정동,중상사고,0,1,4,0,차대차 - 측면직각충돌,신호위반,결빙,흐림,교차로 - 교차로안,승용,남,34세,상해없음,승용,남,61세,경상
2012120400100101,2012년 12월 4일 07시,화요일,충청남도 천안시 서북구 쌍용동,중상사고,0,1,1,0,차대차 - 추돌 - 주정차중,안전운전불이행,적설,눈,교차로 - 교차로부근,승용,남,39세,상해없음,승용,남,58세,경상
2012120400100102,2012년 12월 4일 07시,화요일,충청남도 논산시 연산면,경상사고,0,0,2,0,차대차 - 추돌 - 주정차중,안전운전불이행,건조,맑음,교차로 - 교차로부근,승용,남,37세,상해없음,승용,남,55세,경상
2012120400100137,2012년 12월 4일 08시,화요일,충청남도 서산시 대산읍,중상사고,0,1,1,0,차대차 - 측면직각충돌,신호위반,건조,맑음,교차로 - 교차로안,승용,남,69세,상해없음,승용,남,27세,경상
2012120400100138,2012년 12월 4일 08시,화요일,충청남도 천안시 서북구 두정동,중상사고,0,1,0,0,차대차 - 기타,안전운전불이행,결빙,흐림,단일로 - 기타,승용,남,35세,상해없음,승용,여,54세,중상
2012120400100139,2012년 12월 4일 08시,화요일,충청남도 홍성군 은하면,경상사고,0,0,1,0,차대차 - 정면충돌,안전운전불이행,결빙,맑음,단일로 - 기타,승합,여,37세,기타불명,화물,남,49세,경상
2012120400100140,2012년 12월 4일 08시,화요일,충청남도 청양군 청양읍,중상사고,0,1,1,0,차대차 - 측면직각충돌,중앙선침범,건조,흐림,단일로 - 기타,승용,남,69세,경상,승용,남,27세,중상
2012120400100179,2012년 12월 4일 09시,화요일,충청남도 천안시 서북구 쌍용동,경상사고,0,0,1,0,차대차 - 기타,신호위반,적설,눈,교차로 - 교차로안,승용,남,42세,상해없음,승용,남,35세,경상
2012120400100212,2012년 12월 4일 10시,화요일,충청남도 논산시 부적면,경상사고,0,0,6,0,차대차 - 측면직각충돌,불법유턴,건조,맑음,교차로 - 교차로안,화물,남,69세,상해없음,승용,여,30세,경상
2012120400100245,2012년 12월 4일 11시,화요일,충청남도 천안시 서북구 성환읍,중상사고,0,1,0,0,차대사람 - 기타,안전운전불이행,건조,맑음,기타 - 기타,승용,남,57세,상해없음,보행자,여,86세,중상
2012120400100268,2012년 12월 4일 12시,화요일,충청남도 보령시 명천동,중상사고,0,1,1,0,차대차 - 측면직각충돌,안전운전불이행,건조,맑음,단일로 - 기타,승용,여,43세,상해없음,승용,여,53세,중상
2012120400100295,2012년 12월 4일 13시,화요일,충청남도 천안시 서북구 두정동,경상사고,0,0,4,0,차대차 - 추돌 - 주정차중,안전운전불이행,습기,맑음,단일로 - 기타,승용,여,45세,상해없음,승용,여,47세,경상
2012120400100296,2012년 12월 4일 13시,화요일,충청남도 당진시 신평면,경상사고,0,0,1,0,차대차 - 추돌 - 주정차중,안전운전불이행,건조,맑음,단일로 - 기타,승용,남,38세,상해없음,승용,남,27세,경상
2012120400100320,2012년 12월 4일 14시,화요일,충청남도 천안시 서북구 입장면,중상사고,0,1,3,0,차대차 - 측면직각충돌,교차로운행방법위반,건조,맑음,교차로 - 교차로안,승용,남,52세,경상,화물,남,47세,경상