사고번호,사고일시,요일,시군구,사고내용,사망자수,중상자수,경상자수,부상신고자수,사고유형,법규위반,노면상태,기상상태,도로형태,가해운전자 차종,가해운전자 성별,가해운전자 연령,가해운전자 상해정도,피해운전자 차종,피해운전자 성별,피해운전자 연령,피해운전자 상해정도
2012120400100321,2012년 12월 4일 14시,화요일,충청남도 홍성군 홍성읍,중상사고,0,1,0,0,차대사람 - 횡단중,보행자보호의무위반,건조,맑음,단일로 - 횡단보도상,승합,남,38세,상해없음,보행자,여,63세,중상
2012120400100360,2012년 12월 4일 15시,화요일,충청남도 공주시 금학동,경상사고,0,0,1,0,차대차 - 측면직각충돌,신호위반,건조,흐림,교차로 - 교차로안,이륜,남,65세,기타불명,승용,여,36세,상해없음
2012120400100386,2012년 12월 4일 16시,화요일,충청남도 서산시 고북면,경상사고,0,0,1,0,차대차 - 측면직각충돌,신호위반,건조,맑음,교차로 - 교차로안,화물,남,51세,상해없음,승용,남,44세,경상
2012120400100427,2012년 12월 4일 17시,화요일,충청남도 천안시 서북구 직산읍,경상사고,0,0,1,0,차대사람 - 횡단중,신호위반,습기,흐림,교차로 - 교차로부근,승용,여,46세,상해없음,보행자,여,27세,경상
2012120400100428,2012년 12월 4일 17시,화요일,충청남도 홍성군 홍성읍,중상사고,0,1,0,0,차대사람 - 횡단중,안전운전불이행,건조,맑음,교차로 - 교차로부근,승용,남,54세,상해없음,보행자,여,73세,중상
2012120400100478,2012년 12월 4일 18시,화요일,충청남도 태안군 태안읍,경상사고,0,0,1,0,차대차 - 추돌 - 진행중,안전운전불이행,습기,흐림,단일로 - 기타,승용,여,54세,상해없음,화물,남,34세,경상
2012120400100479,2012년 12월 4일 18시,화요일,충청남도 금산군 금산읍,중상사고,0,1,0,0,차대차 - 추돌 - 진행중,안전운전불이행,건조,흐림,단일로 - 기타,화물,남,40세,상해없음,자전거,여,29세,중상
2012120400100480,2012년 12월 4일 18시,화요일,충청남도 천안시 동남구 광덕면,사망사고,1,0,0,0,차대사람 - 횡단중,안전운전불이행,건조,맑음,단일로 - 기타,화물,남,75세,상해없음,보행자,남,15세,사망
2012120400100481,2012년 12월 4일 18시,화요일,충청남도 천안시 동남구 신부동,경상사고,0,0,1,0,차대사람 - 횡단중,보행자보호의무위반,건조,맑음,교차로 - 교차로안,기타불명,기타불명,기타불명,기타불명,보행자,여,26세,경상
2012120400100531,2012년 12월 4일 19시,화요일,충청남도 천안시 동남구 성남면,경상사고,0,0,1,0,차대차 - 추돌 - 주정차중,안전운전불이행,건조,맑음,기타 - 기타,승용,남,40세,상해없음,승용,남,37세,경상
2012120400100570,2012년 12월 4일 20시,화요일,충청남도 천안시 동남구 청당동,경상사고,0,0,1,0,차대차 - 기타,안전운전불이행,건조,맑음,단일로 - 기타,승용,남,37세,상해없음,승용,남,37세,경상
2012120400100590,2012년 12월 4일 21시,화요일,충청남도 천안시 서북구 두정동,경상사고,0,0,1,0,차대차 - 측면직각충돌,교차로운행방법위반,건조,맑음,교차로 - 교차로안,승용,여,29세,상해없음,승용,남,52세,경상
2012120400100656,2012년 12월 4일 23시,화요일,충청남도 천안시 서북구 두정동,중상사고,0,1,0,0,차대차 - 측면직각충돌,안전운전불이행,건조,맑음,단일로 - 기타,승용,남,31세,상해없음,승용,남,36세,기타불명
2012120500100074,2012년 12월 5일 06시,수요일,충청남도 천안시 서북구 성거읍,경상사고,0,0,1,0,차대차 - 기타,안전운전불이행,건조,맑음,교차로 - 교차로안,기타불명,기타불명,기타불명,기타불명,승용,남,40세,경상
2012120500100075,2012년 12월 5일 06시,수요일,충청남도 홍성군 광천읍,중상사고,0,1,0,0,차대차 - 측면직각충돌,신호위반,건조,맑음,교차로 - 교차로안,화물,남,55세,상해없음,승용,남,27세,중상
2012120500100114,2012년 12월 5일 08시,수요일,충청남도 홍성군 은하면,중상사고,0,1,0,0,차대사람 - 횡단중,보행자보호의무위반,건조,맑음,단일로 - 기타,승합,남,49세,상해없음,보행자,여,82세,중상
2012120500100129,2012년 12월 5일 09시,수요일,충청남도 천안시 서북구 성거읍,중상사고,0,1,0,0,차대차 - 측면직각충돌,안전운전불이행,건조,맑음,교차로 - 교차로부근,건설기계,남,43세,상해없음,승용,남,30세,중상
2012120500100146,2012년 12월 5일 10시,수요일,충청남도 서천군 서천읍,경상사고,0,0,1,0,차대차 - 기타,안전운전불이행,건조,맑음,교차로 - 교차로안,화물,남,48세,상해없음,화물,남,68세,경상
2012120500100147,2012년 12월 5일 10시,수요일,충청남도 공주시 정안면,경상사고,0,0,1,0,차대차 - 추돌 - 진행중,안전운전불이행,건조,맑음,단일로 - 기타,화물,남,51세,상해없음,승용,남,56세,경상
2012120500100222,2012년 12월 5일 12시,수요일,충청남도 태안군 남면,경상사고,0,0,4,0,차대차 - 정면충돌,중앙선침범,적설,눈,단일로 - 기타,화물,남,56세,상해없음,승용,남,46세,경상
2012120500100223,2012년 12월 5일 12시,수요일,충청남도 서산시 예천동,중상사고,0,1,0,0,차대차 - 측면직각충돌,중앙선침범,적설,눈,단일로 - 기타,화물,남,57세,상해없음,승용,남,44세,중상
2012120500100288,2012년 12월 5일 13시,수요일,충청남도 당진시 송산면,경상사고,0,0,3,1,차대차 - 기타,안전거리미확보,적설,눈,단일로 - 기타,화물,남,52세,상해없음,승용,남,42세,경상
2012120500100289,2012년 12월 5일 13시,수요일,충청남도 당진시 신평면,중상사고,0,1,0,0,차대차 - 기타,교차로운행방법위반,건조,맑음,교차로 - 교차로안,화물,남,56세,상해없음,화물,여,57세,중상
2012120500100290,2012년 12월 5일 13시,수요일,충청남도 당진시 송악읍,부상신고사고,0,0,0,2,차대차 - 기타,안전운전불이행,적설,눈,단일로 - 기타,화물,남,55세,부상신고,승용,여,48세,부상신고
2012120500100323,2012년 12월 5일 14시,수요일,충청남도 천안시 서북구 불당동,경상사고,0,0,1,0,차대사람 - 기타,기타,적설,눈,단일로 - 횡단보도부근,승합,남,31세,상해없음,보행자,남,12세,경상
2012120500100324,2012년 12월 5일 14시,수요일,충청남도 천안시 동남구 성남면,경상사고,0,0,3,0,차대차 - 정면충돌,안전운전불이행,건조,맑음,단일로 - 기타,화물,남,31세,상해없음,화물,남,36세,경상
2012120500100404,2012년 12월 5일 17시,수요일,충청남도 논산시 내동,중상사고,0,1,0,0,차대사람 - 기타,안전운전불이행,건조,맑음,교차로 - 교차로안,승용,남,51세,상해없음,보행자,남,19세,중상
2012120500100454,2012년 12월 5일 18시,수요일,충청남도 당진시 합덕읍,경상사고,0,0,1,0,차대차 - 기타,안전운전불이행,적설,눈,단일로 - 기타,화물,남,59세,상해없음,승용,남,39세,경상
2012120500100506,2012년 12월 5일 19시,수요일,충청남도 서산시 석림동,중상사고,0,1,0,0,차대사람 - 횡단중,신호위반,적설,비,교차로 - 교차로안,화물,남,32세,상해없음,보행자,여,52세,중상
2012120500100507,2012년 12월 5일 19시,수요일,충청남도 아산시 배방읍,경상사고,0,0,2,0,차대차 - 추돌 - 진행중,안전운전불이행,결빙,눈,기타 - 기타,승용,여,32세,상해없음,승용,남,49세,경상
2012120500100546,2012년 12월 5일 20시,수요일,충청남도 청양군 목면,경상사고,0,0,1,0,차대차 - 추돌 - 진행중,안전운전불이행,적설,눈,단일로 - 기타,승용,남,50세,상해없음,승용,남,40세,경상
2012120500100574,2012년 12월 5일 21시,수요일,충청남도 공주시 신풍면,중상사고,0,1,0,0,차량단독 - 기타,안전운전불이행,결빙,눈,교차로 - 교차로안,승합,남,43세,상해없음,,,,
2012120500100644,2012년 12월 5일 23시,수요일,충청남도 보령시 웅천읍,사망사고,1,0,0,0,차량단독 - 도로외이탈 - 추락,안전운전불이행,결빙,눈,단일로 - 기타,승용,남,21세,사망,,,,
2012120600100030,2012년 12월 6일 01시,목요일,충청남도 당진시 고대면,중상사고,0,3,0,0,차대차 - 정면충돌,중앙선침범,결빙,눈,단일로 - 기타,화물,남,71세,중상,승용,남,32세,중상
2012120600100056,2012년 12월 6일 02시,목요일,충청남도 천안시 동남구 쌍용동,경상사고,0,0,1,0,차대차 - 기타,안전운전불이행,결빙,눈,교차로 - 교차로부근,승용,남,45세,상해없음,승용,남,50세,경상
2012120600100085,2012년 12월 6일 05시,목요일,충청남도 천안시 서북구 두정동,경상사고,0,0,2,0,차대차 - 측면직각충돌,신호위반,결빙,눈,교차로 - 교차로안,승용,남,47세,상해없음,승용,남,51세,경상
2012120600100108,2012년 12월 6일 07시,목요일,충청남도 서산시 음암면,경상사고,0,0,1,0,차대차 - 측면직각충돌,안전운전불이행,결빙,흐림,단일로 - 기타,승용,남,32세,경상,승합,남,51세,상해없음
2012120600100109,2012년 12월 6일 07시,목요일,충청남도 천안시 서북구 성정동,경상사고,0,0,1,0,차대차 - 기타,안전운전불이행,결빙,흐림,단일로 - 기타,승용,남,24세,상해없음,승용,남,25세,경상
2012120600100110,2012년 12월 6일 07시,목요일,충청남도 논산시 연무읍,중상사고,0,1,0,0,차대사람 - 기타,안전운전불이행,결빙,흐림,단일로 - 기타,화물,남,61세,상해없음,보행자,여,61세,중상
2012120600100147,2012년 12월 6일 08시,목요일,충청남도 서천군 기산면,중상사고,0,1,0,0,차대차 - 기타,안전운전불이행,결빙,맑음,교차로 - 교차로안,승용,남,68세,상해없음,화물,남,28세,상해없음
2012120600100193,2012년 12월 6일 09시,목요일,충청남도 부여군 부여읍,중상사고,0,1,0,0,차대사람 - 기타,안전운전불이행,적설,맑음,교차로 - 교차로부근,승합,남,50세,상해없음,보행자,남,57세,중상
2012120600100194,2012년 12월 6일 09시,목요일,충청남도 당진시 신평면,중상사고,0,1,0,0,차대사람 - 길가장자리구역통행중,안전운전불이행,결빙,맑음,교차로 - 교차로부근,승용,여,30세,상해없음,보행자,여,53세,중상
2012120600100237,2012년 12월 6일 10시,목요일,충청남도 당진시 석문면,경상사고,0,0,1,0,차대차 - 정면충돌,안전운전불이행,결빙,맑음,단일로 - 기타,승용,남,33세,상해없음,승용,남,51세,경상
2012120600100264,2012년 12월 6일 11시,목요일,충청남도 당진시 송악읍,경상사고,0,0,1,0,차대차 - 추돌 - 진행중,안전운전불이행,결빙,맑음,교차로 - 교차로부근,승용,여,32세,경상,화물,남,44세,상해없음
2012120600100265,2012년 12월 6일 11시,목요일,충청남도 공주시 의당면,중상사고,0,2,3,0,차대차 - 추돌 - 진행중,안전운전불이행,결빙,흐림,단일로 - 기타,화물,남,47세,상해없음,승합,남,42세,경상
2012120600100293,2012년 12월 6일 12시,목요일,충청남도 논산시 내동,경상사고,0,0,3,0,차대차 - 추돌 - 주정차중,안전운전불이행,건조,맑음,단일로 - 기타,승용,남,44세,상해없음,승용,남,62세,경상
2012120600100294,2012년 12월 6일 12시,목요일,충청남도 천안시 동남구 안서동,경상사고,0,0,2,0,차대차 - 추돌 - 진행중,안전운전불이행,습기,흐림,교차로 - 교차로안,승용,남,54세,상해없음,승용,여,50세,경상
2012120600100341,2012년 12월 6일 14시,목요일,충청남도 금산군 추부면,중상사고,0,8,10,0,차량단독 - 도로외이탈 - 추락,안전운전불이행,적설,맑음,단일로 - 기타,승합,남,37세,상해없음,,,,
2012120600100414,2012년 12월 6일 17시,목요일,충청남도 천안시 서북구 성거읍,경상사고,0,0,1,0,차대차 - 추돌 - 주정차중,안전운전불이행,결빙,눈,교차로 - 교차로부근,승용,남,51세,상해없음,승용,여,28세,경상
2012120600100441,2012년 12월 6일 18시,목요일,충청남도 서천군 마서면,경상사고,0,0,3,0,차대차 - 기타,안전운전불이행,건조,흐림,교차로 - 교차로부근,승용,남,29세,상해없음,승용,남,36세,경상
2012120600100468,2012년 12월 6일 19시,목요일,충청남도 논산시 채운면,경상사고,0,0,1,0,차대차 - 추돌 - 진행중,안전운전불이행,건조,맑음,단일로 - 기타,승용,남,55세,상해없음,승용,남,46세,경상
2012120600100493,2012년 12월 6일 20시,목요일,충청남도 서산시 해미면,중상사고,0,2,1,0,차대차 - 기타,안전운전불이행,결빙,눈,단일로 - 기타,화물,남,57세,중상,화물,남,56세,경상
2012120600100536,2012년 12월 6일 22시,목요일,충청남도 당진시 송산면,중상사고,0,3,0,0,차대차 - 기타,중앙선침범,건조,맑음,단일로 - 기타,승용,남,39세,상해없음,승용,남,40세,중상
2012120600100537,2012년 12월 6일 22시,목요일,충청남도 당진시 읍내리,경상사고,0,0,1,0,차대차 - 기타,교차로운행방법위반,건조,맑음,교차로 - 교차로안,승용,남,38세,상해없음,승용,남,26세,경상
2012120700100008,2012년 12월 7일 00시,금요일,충청남도 천안시 서북구 두정동,경상사고,0,0,2,0,차대차 - 추돌 - 주정차중,안전운전불이행,결빙,눈,교차로 - 교차로부근,승용,남,44세,상해없음,승용,남,49세,경상
2012120700100024,2012년 12월 7일 01시,금요일,충청남도 보령시 궁촌동,경상사고,0,0,1,0,차대차 - 추돌 - 진행중,안전거리미확보,기타,흐림,단일로 - 기타,승용,남,25세,상해없음,승용,남,36세,경상
2012120700100186,2012년 12월 7일 10시,금요일,충청남도 논산시 광석면,중상사고,0,2,0,0,차대차 - 측면직각충돌,신호위반,적설,눈,교차로 - 교차로안,화물,여,51세,중상,승용,남,62세,중상
2012120700100206,2012년 12월 7일 11시,금요일,충청남도 논산시 강산동,경상사고,0,0,1,0,차대차 - 기타,안전운전불이행,적설,눈,단일로 - 기타,화물,남,43세,상해없음,승용,여,53세,경상
2012120700100229,2012년 12월 7일 12시,금요일,충청남도 계룡시 엄사면,경상사고,0,0,1,0,차대차 - 기타,중앙선침범,적설,눈,단일로 - 기타,기타불명,기타불명,기타불명,기타불명,승용,여,47세,경상
2012120700100230,2012년 12월 7일 12시,금요일,충청남도 천안시 동남구 원성동,경상사고,0,0,1,0,차대차 - 기타,차로위반,적설,눈,단일로 - 기타,화물,남,32세,상해없음,승용,남,31세,경상
2012120700100288,2012년 12월 7일 14시,금요일,충청남도 공주시 사곡면,중상사고,0,1,0,0,차대차 - 추돌 - 진행중,안전거리미확보,적설,눈,단일로 - 기타,화물,남,42세,상해없음,승용,여,40세,중상
2012120700100322,2012년 12월 7일 15시,금요일,충청남도 서산시 음암면,중상사고,0,1,0,0,차대차 - 추돌 - 주정차중,안전운전불이행,건조,맑음,교차로 - 교차로부근,특수,남,37세,상해없음,승합,남,30세,중상
2012120700100323,2012년 12월 7일 15시,금요일,충청남도 공주시 탄천면,중상사고,0,3,10,0,차대차 - 추돌 - 진행중,안전운전불이행,적설,눈,단일로 - 기타,승합,남,60세,상해없음,화물,남,46세,경상
2012120700100349,2012년 12월 7일 16시,금요일,충청남도 당진시 석문면,중상사고,0,4,0,0,차대차 - 정면충돌,중앙선침범,적설,맑음,단일로 - 기타,화물,남,49세,상해없음,승용,남,33세,중상
2012120700100350,2012년 12월 7일 16시,금요일,충청남도 천안시 동남구 풍세면,경상사고,0,0,1,0,차대차 - 기타,안전운전불이행,적설,눈,단일로 - 기타,화물,남,46세,상해없음,승용,남,29세,경상
2012120700100427,2012년 12월 7일 18시,금요일,충청남도 서천군 마산면,중상사고,0,1,2,0,차대차 - 추돌 - 주정차중,안전운전불이행,적설,눈,단일로 - 기타,화물,남,48세,상해없음,승용,남,41세,상해없음
2012120700100468,2012년 12월 7일 19시,금요일,충청남도 태안군 태안읍,경상사고,0,0,1,0,차대사람 - 길가장자리구역통행중,안전운전불이행,결빙,눈,단일로 - 기타,승용,남,72세,상해없음,보행자,남,57세,경상
2012120700100532,2012년 12월 7일 21시,금요일,충청남도 천안시 서북구 성정동,경상사고,0,0,2,0,차대차 - 추돌 - 주정차중,안전운전불이행,결빙,눈,단일로 - 기타,승용,남,19세,상해없음,승용,남,44세,경상
2012120700100601,2012년 12월 7일 23시,금요일,충청남도 보령시 화산동,사망사고,1,3,0,0,차대차 - 기타,불법유턴,결빙,흐림,교차로 - 교차로부근,승용,남,57세,사망,승용,남,32세,중상
2012120800100014,2012년 12월 8일 00시,토요일,충청남도 천안시 서북구 두정동,경상사고,0,0,2,0,차대사람 - 기타,안전운전불이행,결빙,눈,단일로 - 기타,승용,남,22세,상해없음,보행자,남,24세,경상
2012120800100184,2012년 12월 8일 09시,토요일,충청남도 홍성군 홍성읍,경상사고,0,0,1,0,차대차 - 측면직각충돌,교차로운행방법위반,건조,맑음,교차로 - 교차로안,특수,남,36세,상해없음,승용,남,49세,경상
2012120800100185,2012년 12월 8일 09시,토요일,충청남도 천안시 동남구 사직동,중상사고,0,2,3,0,차대차 - 추돌 - 진행중,안전운전불이행,결빙,맑음,단일로 - 기타,승합,남,47세,상해없음,승합,남,42세,경상
2012120800100186,2012년 12월 8일 09시,토요일,충청남도 천안시 동남구 성황동,중상사고,0,1,0,0,차대사람 - 횡단중,안전운전불이행,결빙,눈,단일로 - 기타,승용,남,48세,상해없음,보행자,남,58세,중상
2012120800100258,2012년 12월 8일 12시,토요일,충청남도 보령시 남포면,중상사고,0,1,0,0,차대차 - 측면직각충돌,안전운전불이행,결빙,맑음,단일로 - 기타,화물,남,38세,상해없음,승용,남,44세,중상
2012120800100280,2012년 12월 8일 13시,토요일,충청남도 보령시 궁촌동,경상사고,0,0,2,0,차대차 - 기타,중앙선침범,결빙,눈,단일로 - 기타,승용,남,49세,상해없음,승용,남,52세,경상
2012120800100281,2012년 12월 8일 13시,토요일,충청남도 보령시 동대동,중상사고,0,1,0,0,차대차 - 추돌 - 진행중,안전운전불이행,결빙,눈,단일로 - 기타,승용,남,41세,상해없음,승용,남,52세,중상
2012120800100309,2012년 12월 8일 14시,토요일,충청남도 논산시 노성면,중상사고,0,1,0,0,차대사람 - 기타,안전운전불이행,결빙,맑음,단일로 - 기타,화물,남,31세,상해없음,보행자,남,87세,중상
2012120800100338,2012년 12월 8일 15시,토요일,충청남도 공주시 신풍면,중상사고,0,2,0,0,차대차 - 정면충돌,안전운전불이행,결빙,눈,단일로 - 기타,승용,남,28세,상해없음,화물,남,43세,중상
2012120800100339,2012년 12월 8일 15시,토요일,충청남도 예산군 오가면,중상사고,0,1,2,0,차대차 - 측면직각충돌,신호위반,습기,맑음,교차로 - 교차로안,화물,남,22세,경상,승용,남,67세,경상
2012120800100421,2012년 12월 8일 18시,토요일,충청남도 천안시 동남구 안서동,중상사고,0,1,0,0,차대사람 - 길가장자리구역통행중,안전운전불이행,건조,맑음,교차로 - 교차로부근,승용,여,47세,상해없음,보행자,여,42세,중상
2012120800100476,2012년 12월 8일 20시,토요일,충청남도 부여군 세도면,중상사고,0,1,0,0,차대사람 - 횡단중,안전운전불이행,결빙,눈,단일로 - 기타,승용,남,44세,상해없음,보행자,남,69세,중상
2012120800100496,2012년 12월 8일 21시,토요일,충청남도 서산시 동문동,경상사고,0,0,1,0,차대사람 - 기타,안전운전불이행,적설,맑음,단일로 - 기타,승용,남,54세,상해없음,보행자,남,52세,경상
2012120900100119,2012년 12월 9일 07시,일요일,충청남도 서산시 석림동,경상사고,0,0,1,0,차대차 - 기타,교차로운행방법위반,적설,눈,교차로 - 교차로안,화물,남,60세,상해없음,승용,남,39세,상해없음
2012120900100143,2012년 12월 9일 09시,일요일,충청남도 서천군 서천읍,경상사고,0,0,1,0,차대차 - 기타,직진우회전진행방해,결빙,맑음,교차로 - 교차로안,승용,남,35세,상해없음,화물,남,41세,경상
2012120900100210,2012년 12월 9일 12시,일요일,충청남도 홍성군 홍성읍,중상사고,0,1,0,0,차량단독 - 공작물충돌,안전운전불이행,습기,맑음,단일로 - 기타,화물,남,52세,중상,,,,
2012120900100250,2012년 12월 9일 14시,일요일,충청남도 금산군 금산읍,경상사고,0,0,1,0,차대차 - 추돌 - 진행중,안전거리미확보,적설,맑음,교차로 - 교차로부근,화물,여,47세,상해없음,승용,남,44세,경상
2012120900100293,2012년 12월 9일 16시,일요일,충청남도 천안시 서북구 쌍용동,경상사고,0,0,3,0,차대차 - 기타,안전운전불이행,결빙,맑음,교차로 - 교차로안,승합,남,30세,상해없음,승용,남,53세,경상
2012120900100294,2012년 12월 9일 16시,일요일,충청남도 금산군 부리면,중상사고,0,3,0,0,차대차 - 측면직각충돌,안전운전불이행,적설,흐림,교차로 - 교차로부근,승용,남,55세,중상,승합,남,37세,상해없음
2012120900100364,2012년 12월 9일 19시,일요일,충청남도 보령시 천북면,중상사고,0,2,1,0,차대차 - 정면충돌,중앙선침범,결빙,흐림,단일로 - 기타,승용,남,29세,경상,승용,남,43세,중상
2012121000100137,2012년 12월 10일 10시,월요일,충청남도 서산시 음암면,중상사고,0,1,1,0,차대차 - 측면직각충돌,신호위반,건조,맑음,미분류 - 미분류,화물,남,62세,중상,화물,남,28세,경상
2012121000100217,2012년 12월 10일 13시,월요일,충청남도 천안시 서북구 성정동,경상사고,0,0,1,0,차대차 - 기타,안전운전불이행,건조,맑음,단일로 - 기타,승용,남,55세,상해없음,승용,남,48세,상해없음
2012121000100218,2012년 12월 10일 13시,월요일,충청남도 예산군 덕산면,중상사고,0,1,0,0,차대사람 - 기타,안전운전불이행,건조,맑음,단일로 - 기타,기타불명,기타불명,기타불명,기타불명,보행자,남,16세,중상
2012121000100244,2012년 12월 10일 14시,월요일,충청남도 보령시 신흑동,경상사고,0,0,1,0,차대차 - 측면직각충돌,안전운전불이행,습기,맑음,교차로 - 교차로안,승용,남,62세,상해없음,승용,남,47세,상해없음
2012121000100357,2012년 12월 10일 17시,월요일,충청남도 서산시 읍내동,중상사고,0,1,0,0,차대사람 - 횡단중,안전운전불이행,건조,맑음,교차로 - 교차로부근,승용,여,32세,상해없음,보행자,남,78세,중상
2012121000100391,2012년 12월 10일 18시,월요일,충청남도 예산군 예산읍,경상사고,0,0,1,0,차대사람 - 횡단중,안전운전불이행,습기,흐림,교차로 - 교차로안,승용,여,48세,상해없음,보행자,여,61세,경상
2012121000100392,2012년 12월 10일 18시,월요일,충청남도 예산군 예산읍,중상사고,0,1,0,0,차대사람 - 횡단중,안전운전불이행,습기,흐림,단일로 - 기타,화물,남,59세,상해없음,보행자,남,18세,중상
2012121000100428,2012년 12월 10일 19시,월요일,충청남도 서산시 음암면,경상사고,0,0,1,0,차대차 - 추돌 - 진행중,안전운전불이행,건조,맑음,교차로 - 교차로부근,승용,남,44세,상해없음,승용,남,38세,경상
2012121000100429,2012년 12월 10일 19시,월요일,충청남도 홍성군 홍성읍,중상사고,0,1,0,0,차대사람 - 횡단중,안전운전불이행,건조,맑음,교차로 - 교차로부근,승용,남,50세,상해없음,보행자,남,19세,중상
2012121000100460,2012년 12월 10일 20시,월요일,충청남도 당진시 채운동,사망사고,1,0,0,0,차대사람 - 길가장자리구역통행중,안전운전불이행,적설,맑음,단일로 - 기타,화물,남,47세,상해없음,보행자,남,57세,사망
2012121000100490,2012년 12월 10일 21시,월요일,충청남도 논산시 내동,중상사고,0,1,0,0,차대차 - 정면충돌,교차로운행방법위반,습기,맑음,교차로 - 교차로안,승용,여,24세,상해없음,이륜,남,37세,중상
2012121000100491,2012년 12월 10일 21시,월요일,충청남도 아산시 온천동,경상사고,0,0,1,0,차대차 - 추돌 - 주정차중,안전운전불이행,건조,맑음,기타 - 기타,승용,남,34세,기타불명,승용,남,60세,경상
2012121000100492,2012년 12월 10일 21시,월요일,충청남도 예산군 예산읍,경상사고,0,0,1,0,차대사람 - 기타,기타,결빙,흐림,기타 - 기타,승용,남,57세,상해없음,보행자,남,22세,경상
2012121000100493,2012년 12월 10일 21시,월요일,충청남도 천안시 동남구 병천면,경상사고,0,0,1,0,차대차 - 기타,안전운전불이행,결빙,흐림,단일로 - 기타,승용,남,41세,상해없음,승용,남,33세,경상
2012121000100523,2012년 12월 10일 22시,월요일,충청남도 태안군 이원면,중상사고,0,1,0,0,차대차 - 정면충돌,중앙선침범,건조,맑음,단일로 - 기타,화물,남,36세,상해없음,원동기,남,52세,중상
2012121100100022,2012년 12월 11일 00시,화요일,충청남도 아산시 배방읍,중상사고,0,2,2,0,차대차 - 추돌 - 주정차중,안전운전불이행,건조,맑음,단일로 - 기타,승용,남,25세,상해없음,승용,남,30세,경상
2012121100100054,2012년 12월 11일 02시,화요일,충청남도 논산시 내동,경상사고,0,0,1,0,차대사람 - 횡단중,안전운전불이행,습기,맑음,교차로 - 교차로안,승용,남,35세,상해없음,보행자,남,43세,경상
2012121100100072,2012년 12월 11일 05시,화요일,충청남도 천안시 동남구 원성동,사망사고,1,0,0,0,차대차 - 측면직각충돌,안전운전불이행,습기,맑음,단일로 - 기타,화물,남,30세,사망,화물,남,40세,상해없음
2012121100100090,2012년 12월 11일 06시,화요일,충청남도 아산시 권곡동,경상사고,0,0,2,0,차대차 - 추돌 - 주정차중,안전운전불이행,건조,맑음,교차로 - 교차로부근,화물,여,34세,상해없음,승용,남,57세,경상
2012121100100135,2012년 12월 11일 08시,화요일,충청남도 천안시 서북구 차암동,중상사고,0,1,1,0,차대차 - 추돌 - 주정차중,안전운전불이행,결빙,맑음,기타 - 기타,화물,남,23세,상해없음,화물,남,47세,중상
2012121100100218,2012년 12월 11일 11시,화요일,충청남도 아산시 선장면,중상사고,0,1,0,0,차대차 - 정면충돌,중앙선침범,결빙,맑음,기타 - 기타,화물,남,62세,상해없음,화물,남,60세,중상
2012121100100219,2012년 12월 11일 11시,화요일,충청남도 천안시 동남구 원성동,중상사고,0,1,0,0,차대사람 - 길가장자리구역통행중,안전운전불이행,결빙,맑음,교차로 - 교차로부근,화물,남,51세,상해없음,보행자,여,72세,중상
2012121100100220,2012년 12월 11일 11시,화요일,충청남도 천안시 동남구 봉명동,경상사고,0,0,1,0,차대차 - 측면직각충돌,불법유턴,결빙,맑음,교차로 - 교차로부근,기타불명,기타불명,기타불명,기타불명,화물,남,31세,경상
2012121100100244,2012년 12월 11일 12시,화요일,충청남도 예산군 예산읍,중상사고,0,1,2,0,차대차 - 측면직각충돌,안전운전불이행,건조,맑음,교차로 - 교차로부근,화물,남,53세,중상,승용,남,63세,경상
2012121100100354,2012년 12월 11일 16시,화요일,충청남도 서산시 읍내동,중상사고,0,1,0,0,차대사람 - 횡단중,신호위반,건조,맑음,교차로 - 교차로안,화물,남,33세,상해없음,보행자,남,7세,중상
2012121100100355,2012년 12월 11일 16시,화요일,충청남도 논산시 광석면,중상사고,0,1,1,0,차대차 - 기타,중앙선침범,결빙,맑음,단일로 - 기타,화물,남,27세,경상,승용,여,50세,중상
2012121100100356,2012년 12월 11일 16시,화요일,충청남도 보령시 오천면,중상사고,0,1,0,0,차대사람 - 횡단중,안전운전불이행,건조,맑음,단일로 - 기타,승용,남,32세,상해없음,보행자,남,12세,중상
2012121100100390,2012년 12월 11일 17시,화요일,충청남도 서산시 석림동,사망사고,1,0,0,0,차대사람 - 기타,신호위반,습기,맑음,단일로 - 기타,승용,여,37세,상해없음,보행자,남,13세,사망
2012121100100391,2012년 12월 11일 17시,화요일,충청남도 천안시 동남구 구성동,경상사고,0,0,1,0,차대차 - 기타,안전운전불이행,건조,맑음,단일로 - 기타,승용,남,67세,상해없음,승합,남,44세,경상
2012121100100392,2012년 12월 11일 17시,화요일,충청남도 천안시 동남구 수신면,경상사고,0,0,2,0,차대차 - 측면직각충돌,교차로운행방법위반,결빙,맑음,교차로 - 교차로안,화물,남,48세,상해없음,화물,남,57세,경상
2012121100100505,2012년 12월 11일 20시,화요일,충청남도 부여군 부여읍,경상사고,0,0,2,0,차대사람 - 기타,보행자보호의무위반,결빙,맑음,교차로 - 교차로부근,승용,남,34세,상해없음,보행자,남,30세,경상
2012121100100537,2012년 12월 11일 21시,화요일,충청남도 천안시 서북구 성거읍,중상사고,0,2,1,0,차대차 - 기타,중앙선침범,기타,맑음,단일로 - 기타,승용,남,37세,중상,승용,남,52세,중상