사고번호,사고일시,요일,시군구,사고내용,사망자수,중상자수,경상자수,부상신고자수,사고유형,법규위반,노면상태,기상상태,도로형태,가해운전자 차종,가해운전자 성별,가해운전자 연령,가해운전자 상해정도,피해운전자 차종,피해운전자 성별,피해운전자 연령,피해운전자 상해정도
2012121700100316,2012년 12월 17일 17시,월요일,충청남도 예산군 예산읍,경상사고,0,0,1,0,차대차 - 측면직각충돌,직진우회전진행방해,건조,맑음,교차로 - 교차로안,승용,여,47세,경상,승용,남,67세,상해없음
2012121700100343,2012년 12월 17일 18시,월요일,충청남도 천안시 서북구 불당동,중상사고,0,1,0,0,차대사람 - 기타,안전운전불이행,건조,맑음,단일로 - 기타,승용,여,22세,상해없음,보행자,남,14세,중상
2012121700100371,2012년 12월 17일 19시,월요일,충청남도 보령시 신흑동,경상사고,0,0,2,0,차대차 - 측면직각충돌,직진우회전진행방해,건조,맑음,교차로 - 교차로안,승용,남,47세,경상,승용,남,79세,상해없음
2012121700100403,2012년 12월 17일 20시,월요일,충청남도 당진시 채운동,경상사고,0,0,1,0,차대사람 - 기타,안전운전불이행,건조,맑음,단일로 - 기타,승용,남,36세,상해없음,보행자,남,44세,경상
2012121700100429,2012년 12월 17일 21시,월요일,충청남도 보령시 동대동,중상사고,0,1,0,0,차대사람 - 횡단중,보행자보호의무위반,건조,맑음,교차로 - 교차로부근,승용,여,40세,상해없음,보행자,여,54세,중상
2012121700100488,2012년 12월 17일 23시,월요일,충청남도 홍성군 홍성읍,중상사고,0,1,0,0,차대사람 - 기타,안전운전불이행,건조,맑음,교차로 - 교차로안,이륜,남,41세,상해없음,보행자,여,51세,중상
2012121800100014,2012년 12월 18일 00시,화요일,충청남도 아산시 탕정면,사망사고,1,0,0,0,차량단독 - 공작물충돌,안전운전불이행,건조,맑음,단일로 - 기타,승용,남,40세,사망,,,,
2012121800100043,2012년 12월 18일 02시,화요일,충청남도 천안시 동남구 원성동,경상사고,0,0,1,0,차대차 - 추돌 - 진행중,안전운전불이행,건조,맑음,교차로 - 교차로부근,승용,남,22세,상해없음,승용,여,22세,경상
2012121800100084,2012년 12월 18일 07시,화요일,충청남도 천안시 서북구 성정동,경상사고,0,0,1,0,차대차 - 측면직각충돌,안전운전불이행,건조,맑음,교차로 - 교차로부근,승용,남,24세,상해없음,승용,남,29세,경상
2012121800100111,2012년 12월 18일 08시,화요일,충청남도 천안시 서북구 쌍용동,중상사고,0,1,0,0,차대사람 - 횡단중,안전운전불이행,건조,맑음,교차로 - 교차로부근,승용,여,58세,상해없음,보행자,남,7세,중상
2012121800100147,2012년 12월 18일 10시,화요일,충청남도 아산시 음봉면,경상사고,0,0,1,0,차대차 - 정면충돌,중앙선침범,건조,맑음,기타 - 기타,승용,여,35세,상해없음,승용,남,42세,경상
2012121800100172,2012년 12월 18일 11시,화요일,충청남도 천안시 서북구 백석동,경상사고,0,0,1,0,차대차 - 기타,안전운전불이행,건조,맑음,교차로 - 교차로부근,화물,남,45세,상해없음,화물,남,52세,경상
2012121800100173,2012년 12월 18일 11시,화요일,충청남도 당진시 송산면,경상사고,0,0,1,0,차대차 - 추돌 - 진행중,안전운전불이행,건조,맑음,단일로 - 기타,화물,남,51세,상해없음,원동기,남,75세,경상
2012121800100208,2012년 12월 18일 13시,화요일,충청남도 천안시 서북구 성정동,중상사고,0,1,0,0,차대사람 - 기타,기타,건조,맑음,단일로 - 기타,승합,남,62세,상해없음,보행자,여,69세,중상
2012121800100209,2012년 12월 18일 13시,화요일,충청남도 천안시 서북구 성환읍,경상사고,0,0,1,0,차대차 - 정면충돌,안전운전불이행,건조,맑음,단일로 - 교량,화물,남,29세,상해없음,화물,남,56세,경상
2012121800100260,2012년 12월 18일 15시,화요일,충청남도 금산군 추부면,중상사고,0,1,3,0,차대차 - 기타,안전운전불이행,건조,맑음,교차로 - 교차로부근,특수,남,56세,중상,화물,남,53세,경상
2012121800100314,2012년 12월 18일 17시,화요일,충청남도 천안시 서북구 백석동,경상사고,0,0,1,0,차대차 - 추돌 - 진행중,안전운전불이행,건조,맑음,교차로 - 교차로부근,승용,남,31세,상해없음,승용,여,32세,경상
2012121800100315,2012년 12월 18일 17시,화요일,충청남도 천안시 동남구 안서동,경상사고,0,0,1,0,차대차 - 기타,안전운전불이행,건조,맑음,단일로 - 기타,승용,여,34세,상해없음,승용,여,50세,경상
2012121800100351,2012년 12월 18일 18시,화요일,충청남도 논산시 화지동,중상사고,0,1,0,0,차대사람 - 횡단중,안전운전불이행,건조,맑음,단일로 - 기타,승용,남,25세,상해없음,보행자,여,45세,중상
2012121800100352,2012년 12월 18일 18시,화요일,충청남도 서천군 장항읍,경상사고,0,0,1,0,차대차 - 기타,중앙선침범,건조,맑음,단일로 - 기타,승용,여,64세,경상,화물,남,45세,상해없음
2012121800100452,2012년 12월 18일 21시,화요일,충청남도 천안시 서북구 직산읍,중상사고,0,2,0,0,차대차 - 측면직각충돌,안전운전불이행,건조,맑음,단일로 - 기타,승용,남,25세,상해없음,이륜,남,15세,중상
2012121800100453,2012년 12월 18일 21시,화요일,충청남도 논산시 연무읍,중상사고,0,3,1,0,차대차 - 측면직각충돌,신호위반,건조,맑음,교차로 - 교차로안,화물,남,48세,중상,승용,남,62세,경상
2012121800100484,2012년 12월 18일 22시,화요일,충청남도 서산시 지곡면,경상사고,0,0,1,0,차대차 - 추돌 - 진행중,안전운전불이행,건조,맑음,교차로 - 교차로부근,화물,남,56세,상해없음,승용,남,24세,경상
2012121800100485,2012년 12월 18일 22시,화요일,충청남도 천안시 서북구 성정동,경상사고,0,0,1,0,차대차 - 추돌 - 진행중,안전운전불이행,건조,맑음,단일로 - 기타,승용,남,30세,상해없음,승용,남,50세,경상
2012121800100486,2012년 12월 18일 22시,화요일,충청남도 예산군 덕산면,경상사고,0,0,1,0,차대차 - 추돌 - 진행중,안전운전불이행,건조,맑음,단일로 - 기타,승용,남,45세,상해없음,승용,남,27세,경상
2012121900100034,2012년 12월 19일 01시,수요일,충청남도 천안시 서북구 성정동,중상사고,0,2,0,0,차량단독 - 공작물충돌,안전운전불이행,건조,맑음,단일로 - 기타,승합,남,32세,상해없음,,,,
2012121900100035,2012년 12월 19일 01시,수요일,충청남도 부여군 구룡면,사망사고,1,0,0,0,차량단독 - 공작물충돌,안전운전불이행,건조,맑음,단일로 - 기타,화물,남,46세,사망,,,,
2012121900100112,2012년 12월 19일 07시,수요일,충청남도 서산시 해미면,중상사고,0,1,0,0,차대사람 - 횡단중,안전운전불이행,건조,맑음,단일로 - 기타,승용,남,46세,상해없음,보행자,여,32세,중상
2012121900100113,2012년 12월 19일 07시,수요일,충청남도 아산시 신창면,경상사고,0,0,2,0,차대차 - 추돌 - 주정차중,안전운전불이행,건조,맑음,기타 - 기타,승용,남,25세,상해없음,승용,여,57세,상해없음
2012121900100135,2012년 12월 19일 09시,수요일,충청남도 예산군 봉산면,경상사고,0,0,2,0,차대사람 - 길가장자리구역통행중,안전운전불이행,건조,맑음,단일로 - 기타,원동기,남,75세,경상,보행자,남,79세,경상
2012121900100198,2012년 12월 19일 12시,수요일,충청남도 계룡시 두마면,경상사고,0,0,1,0,차대차 - 추돌 - 진행중,안전운전불이행,건조,맑음,단일로 - 기타,승용,여,49세,상해없음,승용,남,42세,경상
2012121900100199,2012년 12월 19일 12시,수요일,충청남도 홍성군 광천읍,경상사고,0,0,1,0,차량단독 - 기타,안전운전불이행,건조,맑음,교차로 - 교차로안,원동기,남,78세,경상,,,,
2012121900100254,2012년 12월 19일 14시,수요일,충청남도 천안시 서북구 성정동,경상사고,0,0,5,0,차대차 - 기타,안전운전불이행,건조,맑음,기타 - 기타,승용,여,39세,경상,승용,여,50세,경상
2012121900100328,2012년 12월 19일 17시,수요일,충청남도 보령시 동대동,경상사고,0,0,1,0,차대사람 - 기타,안전운전불이행,건조,맑음,단일로 - 기타,승용,여,43세,상해없음,보행자,남,13세,경상
2012121900100352,2012년 12월 19일 18시,수요일,충청남도 아산시 배방읍,경상사고,0,0,6,0,차대차 - 추돌 - 주정차중,안전운전불이행,건조,맑음,교차로 - 교차로부근,승용,남,53세,상해없음,승용,남,51세,경상
2012121900100353,2012년 12월 19일 18시,수요일,충청남도 아산시 신창면,중상사고,0,1,0,0,차대차 - 측면직각충돌,안전운전불이행,건조,맑음,교차로 - 교차로안,승용,여,39세,상해없음,원동기,남,37세,중상
2012121900100354,2012년 12월 19일 18시,수요일,충청남도 서천군 종천면,중상사고,0,1,0,0,차대차 - 기타,안전운전불이행,건조,맑음,단일로 - 기타,화물,남,53세,상해없음,이륜,남,80세,중상
2012121900100355,2012년 12월 19일 18시,수요일,충청남도 공주시 정안면,사망사고,1,1,0,0,차대차 - 추돌 - 진행중,안전운전불이행,건조,맑음,단일로 - 교량,승용,여,43세,사망,승용,남,65세,중상
2012121900100384,2012년 12월 19일 19시,수요일,충청남도 예산군 예산읍,경상사고,0,0,1,0,차량단독 - 전도전복,안전운전불이행,건조,맑음,단일로 - 기타,원동기,남,41세,경상,,,,
2012121900100415,2012년 12월 19일 20시,수요일,충청남도 태안군 태안읍,중상사고,0,1,0,0,차대사람 - 기타,안전운전불이행,건조,맑음,단일로 - 기타,화물,남,65세,상해없음,보행자,남,45세,중상
2012121900100416,2012년 12월 19일 20시,수요일,충청남도 당진시 원당리,경상사고,0,0,3,0,차대차 - 추돌 - 주정차중,안전운전불이행,건조,맑음,교차로 - 교차로부근,승용,남,57세,상해없음,승용,여,23세,경상
2012121900100453,2012년 12월 19일 22시,수요일,충청남도 천안시 서북구 쌍용동,경상사고,0,0,2,0,차대차 - 추돌 - 주정차중,안전운전불이행,건조,맑음,교차로 - 교차로부근,승용,남,41세,상해없음,승용,남,34세,경상
2012121900100454,2012년 12월 19일 22시,수요일,충청남도 천안시 서북구 성정동,경상사고,0,0,1,0,차대차 - 기타,신호위반,건조,맑음,교차로 - 교차로안,승용,여,56세,상해없음,승용,남,25세,경상
2012121900100478,2012년 12월 19일 23시,수요일,충청남도 서산시 잠홍동,중상사고,0,3,2,0,차대차 - 추돌 - 주정차중,안전운전불이행,건조,맑음,교차로 - 교차로부근,승용,남,32세,상해없음,승용,남,42세,중상
2012121900100479,2012년 12월 19일 23시,수요일,충청남도 예산군 예산읍,경상사고,0,0,1,0,차대차 - 추돌 - 주정차중,안전운전불이행,건조,맑음,단일로 - 기타,화물,남,43세,상해없음,승용,남,54세,경상
2012122000100019,2012년 12월 20일 01시,목요일,충청남도 천안시 서북구 백석동,중상사고,0,1,2,0,차대차 - 측면직각충돌,신호위반,건조,맑음,교차로 - 교차로안,승용,남,33세,상해없음,승용,남,42세,경상
2012122000100020,2012년 12월 20일 01시,목요일,충청남도 아산시 염치읍,사망사고,1,0,0,0,차량단독 - 공작물충돌,안전운전불이행,건조,맑음,기타 - 기타,승용,남,20세,사망,,,,
2012122000100065,2012년 12월 20일 06시,목요일,충청남도 보령시 웅천읍,중상사고,0,2,0,0,차대차 - 정면충돌,중앙선침범,건조,맑음,단일로 - 기타,화물,남,55세,상해없음,승용,남,67세,중상
2012122000100081,2012년 12월 20일 07시,목요일,충청남도 천안시 서북구 두정동,경상사고,0,0,3,0,차대차 - 정면충돌,안전운전불이행,건조,맑음,단일로 - 기타,승용,남,56세,상해없음,화물,남,48세,경상
2012122000100110,2012년 12월 20일 08시,목요일,충청남도 서산시 동문동,중상사고,0,1,0,0,차대차 - 측면직각충돌,교차로운행방법위반,건조,맑음,교차로 - 교차로안,승용,여,50세,상해없음,승용,여,35세,중상
2012122000100111,2012년 12월 20일 08시,목요일,충청남도 당진시 읍내리,경상사고,0,0,2,0,차대차 - 측면직각충돌,신호위반,건조,맑음,교차로 - 교차로안,승용,여,27세,상해없음,승용,남,39세,경상
2012122000100112,2012년 12월 20일 08시,목요일,충청남도 서천군 장항읍,중상사고,0,1,0,0,차대차 - 기타,안전운전불이행,건조,맑음,교차로 - 교차로안,승용,여,50세,상해없음,자전거,여,69세,중상
2012122000100135,2012년 12월 20일 09시,목요일,충청남도 청양군 청남면,사망사고,1,0,0,0,차량단독 - 도로외이탈 - 기타,안전운전불이행,건조,맑음,단일로 - 기타,화물,여,50세,사망,,,,
2012122000100232,2012년 12월 20일 14시,목요일,충청남도 서천군 서천읍,경상사고,0,0,1,0,차대차 - 기타,안전거리미확보,건조,맑음,단일로 - 기타,화물,남,41세,상해없음,승용,남,66세,경상
2012122000100311,2012년 12월 20일 17시,목요일,충청남도 청양군 정산면,중상사고,0,1,0,0,차대사람 - 차도통행중,안전운전불이행,건조,맑음,단일로 - 기타,화물,남,48세,상해없음,보행자,여,73세,중상
2012122000100345,2012년 12월 20일 18시,목요일,충청남도 당진시 송악읍,경상사고,0,0,1,0,차량단독 - 공작물충돌,안전운전불이행,건조,맑음,단일로 - 기타,화물,남,49세,상해없음,,,,
2012122000100383,2012년 12월 20일 19시,목요일,충청남도 천안시 동남구 신방동,경상사고,0,0,2,0,차대차 - 측면직각충돌,교차로운행방법위반,건조,맑음,교차로 - 교차로안,승용,남,63세,상해없음,승용,남,29세,경상
2012122000100459,2012년 12월 20일 22시,목요일,충청남도 천안시 서북구 성성동,경상사고,0,0,1,0,차대차 - 측면직각충돌,안전운전불이행,습기,흐림,단일로 - 기타,승용,남,27세,상해없음,화물,남,47세,경상
2012122000100461,2012년 12월 20일 22시,목요일,충청남도 천안시 동남구 안서동,중상사고,0,1,0,0,차대사람 - 기타,안전운전불이행,건조,맑음,단일로 - 기타,승용,여,37세,상해없음,보행자,남,17세,중상
2012122000100493,2012년 12월 20일 23시,목요일,충청남도 천안시 서북구 두정동,경상사고,0,0,1,0,차대차 - 측면직각충돌,신호위반,건조,맑음,교차로 - 교차로안,이륜,남,15세,상해없음,승용,여,46세,경상
2012122000100494,2012년 12월 20일 23시,목요일,충청남도 천안시 동남구 봉명동,경상사고,0,0,2,0,차대차 - 추돌 - 진행중,안전거리미확보,결빙,맑음,단일로 - 기타,승용,남,33세,상해없음,승용,남,19세,경상
2012122100100032,2012년 12월 21일 01시,금요일,충청남도 당진시 수청리,경상사고,0,0,1,0,차대차 - 기타,안전운전불이행,건조,맑음,기타 - 기타,승용,여,47세,상해없음,승용,남,48세,경상
2012122100100084,2012년 12월 21일 06시,금요일,충청남도 아산시 풍기동,사망사고,1,4,0,0,차대차 - 기타,안전운전불이행,습기,흐림,교차로 - 교차로안,승용,남,31세,중상,승합,남,48세,중상
2012122100100085,2012년 12월 21일 06시,금요일,충청남도 천안시 동남구 구성동,경상사고,0,0,1,0,차대차 - 추돌 - 진행중,안전운전불이행,건조,맑음,교차로 - 교차로안,화물,남,63세,상해없음,화물,남,30세,경상
2012122100100229,2012년 12월 21일 10시,금요일,충청남도 청양군 운곡면,경상사고,0,0,1,0,차량단독 - 전도전복,안전운전불이행,적설,눈,단일로 - 기타,승용,여,41세,경상,,,,
2012122100100280,2012년 12월 21일 11시,금요일,충청남도 천안시 서북구 불당동,경상사고,0,0,2,0,차대차 - 측면직각충돌,안전거리미확보,습기,맑음,단일로 - 기타,승용,여,49세,경상,승용,여,30세,경상
2012122100100362,2012년 12월 21일 13시,금요일,충청남도 보령시 내항동,중상사고,0,1,1,0,차대차 - 측면직각충돌,신호위반,습기,비,교차로 - 교차로안,화물,남,68세,상해없음,화물,남,18세,경상
2012122100100406,2012년 12월 21일 15시,금요일,충청남도 아산시 신창면,중상사고,0,1,0,0,차대사람 - 기타,기타,건조,맑음,단일로 - 기타,승합,남,52세,상해없음,보행자,여,74세,중상
2012122100100407,2012년 12월 21일 15시,금요일,충청남도 서천군 서천읍,경상사고,0,0,1,0,차대차 - 기타,안전운전불이행,습기,흐림,교차로 - 교차로안,승용,남,29세,상해없음,이륜,남,49세,경상
2012122100100451,2012년 12월 21일 17시,금요일,충청남도 태안군 남면,사망사고,1,0,0,0,차대사람 - 횡단중,안전운전불이행,습기,흐림,단일로 - 기타,화물,남,37세,상해없음,보행자,여,80세,사망
2012122100100483,2012년 12월 21일 18시,금요일,충청남도 보령시 동대동,중상사고,0,1,0,0,차대사람 - 횡단중,안전운전불이행,습기,흐림,교차로 - 교차로안,화물,남,43세,상해없음,보행자,남,53세,중상
2012122100100584,2012년 12월 21일 21시,금요일,충청남도 천안시 서북구 성환읍,경상사고,0,0,2,0,차대차 - 측면직각충돌,교차로운행방법위반,습기,맑음,교차로 - 교차로안,승용,남,44세,상해없음,승용,여,46세,경상
2012122100100585,2012년 12월 21일 21시,금요일,충청남도 아산시 용화동,중상사고,0,1,0,0,차대차 - 기타,안전운전불이행,결빙,맑음,교차로 - 교차로안,승용,여,53세,상해없음,이륜,남,40세,중상
2012122100100586,2012년 12월 21일 21시,금요일,충청남도 보령시 신흑동,중상사고,0,1,0,0,차대사람 - 기타,안전운전불이행,건조,흐림,교차로 - 교차로안,승용,남,50세,상해없음,보행자,남,39세,중상
2012122100100587,2012년 12월 21일 21시,금요일,충청남도 청양군 정산면,중상사고,0,2,1,0,차대차 - 측면직각충돌,직진우회전진행방해,건조,맑음,교차로 - 교차로안,화물,남,46세,상해없음,승용,남,31세,중상
2012122100100617,2012년 12월 21일 22시,금요일,충청남도 천안시 서북구 쌍용동,중상사고,0,1,2,0,차대차 - 추돌 - 주정차중,안전운전불이행,건조,맑음,교차로 - 교차로부근,승용,여,25세,상해없음,화물,남,58세,경상
2012122100100618,2012년 12월 21일 22시,금요일,충청남도 아산시 배방읍,경상사고,0,0,1,0,차대차 - 추돌 - 진행중,안전운전불이행,건조,맑음,단일로 - 기타,승용,남,33세,상해없음,승용,남,30세,경상
2012122100100660,2012년 12월 21일 23시,금요일,충청남도 당진시 합덕읍,중상사고,0,2,0,0,차대차 - 정면충돌,중앙선침범,결빙,눈,단일로 - 기타,승용,남,28세,상해없음,승합,남,23세,중상
2012122200100050,2012년 12월 22일 01시,토요일,충청남도 당진시 대덕리,경상사고,0,0,5,0,차대차 - 정면충돌,교차로운행방법위반,결빙,흐림,교차로 - 교차로안,승용,남,23세,상해없음,승용,남,32세,경상
2012122200100089,2012년 12월 22일 03시,토요일,충청남도 천안시 서북구 성정동,경상사고,0,0,1,0,차대차 - 추돌 - 주정차중,안전운전불이행,건조,흐림,교차로 - 교차로부근,승용,남,53세,상해없음,승용,남,56세,경상
2012122200100090,2012년 12월 22일 03시,토요일,충청남도 청양군 장평면,경상사고,0,0,1,0,차대차 - 추돌 - 진행중,안전운전불이행,적설,흐림,단일로 - 기타,승용,남,33세,상해없음,화물,남,39세,경상
2012122200100147,2012년 12월 22일 07시,토요일,충청남도 천안시 서북구 쌍용동,중상사고,0,1,0,0,차대차 - 추돌 - 진행중,기타,건조,맑음,교차로 - 교차로안,승용,남,30세,상해없음,승용,남,33세,중상
2012122200100211,2012년 12월 22일 10시,토요일,충청남도 천안시 서북구 쌍용동,경상사고,0,0,1,0,차대차 - 정면충돌,신호위반,건조,맑음,교차로 - 교차로안,승용,남,65세,상해없음,승용,남,33세,경상
2012122200100236,2012년 12월 22일 12시,토요일,충청남도 금산군 금산읍,경상사고,0,0,1,0,차대사람 - 기타,안전운전불이행,건조,맑음,단일로 - 기타,승용,남,41세,기타불명,보행자,여,48세,경상
2012122200100282,2012년 12월 22일 14시,토요일,충청남도 천안시 동남구 구성동,중상사고,0,1,0,0,차대사람 - 기타,안전운전불이행,건조,맑음,단일로 - 기타,화물,남,39세,상해없음,보행자,여,57세,중상
2012122200100333,2012년 12월 22일 16시,토요일,충청남도 보령시 웅천읍,중상사고,0,3,8,0,차대차 - 측면직각충돌,직진우회전진행방해,건조,맑음,교차로 - 교차로안,승합,남,58세,상해없음,화물,남,46세,중상
2012122200100401,2012년 12월 22일 19시,토요일,충청남도 공주시 유구읍,경상사고,0,0,2,0,차대차 - 추돌 - 진행중,안전운전불이행,건조,기타,단일로 - 기타,화물,남,57세,기타불명,승용,남,41세,경상
2012122200100402,2012년 12월 22일 19시,토요일,충청남도 예산군 신양면,중상사고,0,3,3,0,차대차 - 정면충돌,중앙선침범,건조,맑음,단일로 - 기타,승용,남,38세,중상,승합,남,43세,경상
2012122200100421,2012년 12월 22일 20시,토요일,충청남도 서산시 읍내동,경상사고,0,0,1,0,차대차 - 기타,안전운전불이행,건조,맑음,단일로 - 기타,승용,남,60세,상해없음,이륜,남,19세,경상
2012122200100422,2012년 12월 22일 20시,토요일,충청남도 태안군 태안읍,부상신고사고,0,0,0,1,차대사람 - 기타,기타,건조,맑음,교차로 - 교차로안,승합,남,35세,상해없음,보행자,남,18세,부상신고
2012122200100423,2012년 12월 22일 20시,토요일,충청남도 천안시 서북구 성환읍,경상사고,0,0,2,0,차대차 - 기타,안전운전불이행,건조,맑음,단일로 - 기타,승용,남,44세,상해없음,승용,남,35세,경상
2012122200100455,2012년 12월 22일 21시,토요일,충청남도 천안시 서북구 성정동,경상사고,0,0,1,0,차대차 - 측면직각충돌,교차로운행방법위반,건조,맑음,교차로 - 교차로안,이륜,남,20세,상해없음,자전거,남,61세,경상
2012122200100486,2012년 12월 22일 22시,토요일,충청남도 천안시 서북구 성정동,경상사고,0,0,1,0,차대차 - 추돌 - 진행중,안전거리미확보,건조,맑음,교차로 - 교차로부근,화물,남,25세,상해없음,원동기,남,35세,경상
2012122200100514,2012년 12월 22일 23시,토요일,충청남도 홍성군 금마면,중상사고,0,1,0,0,차량단독 - 공작물충돌,안전운전불이행,결빙,맑음,단일로 - 기타,승용,남,43세,중상,,,,
2012122300100038,2012년 12월 23일 01시,일요일,충청남도 태안군 안면읍,중상사고,0,1,0,0,차대차 - 측면직각충돌,중앙선침범,건조,흐림,단일로 - 기타,승용,여,46세,중상,승용,여,51세,상해없음
2012122300100040,2012년 12월 23일 01시,일요일,충청남도 예산군 오가면,경상사고,0,0,1,0,차량단독 - 공작물충돌,안전운전불이행,건조,흐림,교차로 - 교차로부근,승용,남,24세,경상,,,,
2012122300100060,2012년 12월 23일 02시,일요일,충청남도 천안시 서북구 쌍용동,중상사고,0,2,0,0,차대차 - 기타,중앙선침범,적설,눈,단일로 - 기타,승용,남,28세,상해없음,화물,남,57세,중상
2012122300100111,2012년 12월 23일 06시,일요일,충청남도 천안시 동남구 목천읍,부상신고사고,0,0,0,1,차량단독 - 도로외이탈 - 기타,안전운전불이행,결빙,흐림,단일로 - 기타,승용,남,26세,부상신고,,,,
2012122300100125,2012년 12월 23일 08시,일요일,충청남도 논산시 가야곡면,중상사고,0,2,0,0,차대차 - 측면직각충돌,신호위반,건조,맑음,교차로 - 교차로안,화물,남,61세,중상,건설기계,남,69세,중상
2012122300100140,2012년 12월 23일 09시,일요일,충청남도 태안군 태안읍,경상사고,0,0,1,0,차대차 - 정면충돌,중앙선침범,적설,눈,교차로 - 교차로부근,화물,남,56세,상해없음,승용,여,41세,경상
2012122300100157,2012년 12월 23일 10시,일요일,충청남도 서천군 판교면,경상사고,0,0,3,0,차대차 - 기타,안전운전불이행,결빙,눈,단일로 - 기타,승용,남,44세,경상,승용,남,36세,경상
2012122300100158,2012년 12월 23일 10시,일요일,충청남도 서천군 서천읍,중상사고,0,1,0,0,차대차 - 기타,안전운전불이행,적설,눈,교차로 - 교차로부근,승용,여,56세,상해없음,화물,남,52세,중상
2012122300100166,2012년 12월 23일 11시,일요일,충청남도 태안군 안면읍,중상사고,0,1,3,0,차대차 - 추돌 - 주정차중,안전운전불이행,적설,눈,단일로 - 기타,승용,남,28세,상해없음,승용,남,60세,중상
2012122300100178,2012년 12월 23일 12시,일요일,충청남도 서천군 서면,중상사고,0,1,0,0,차대차 - 기타,안전운전불이행,결빙,흐림,교차로 - 교차로부근,승용,남,25세,상해없음,승용,남,40세,상해없음
2012122300100240,2012년 12월 23일 15시,일요일,충청남도 천안시 동남구 신부동,경상사고,0,0,3,0,차대차 - 추돌 - 주정차중,안전거리미확보,습기,맑음,단일로 - 기타,승용,남,30세,상해없음,승용,남,24세,경상
2012122300100268,2012년 12월 23일 16시,일요일,충청남도 홍성군 갈산면,중상사고,0,1,0,0,차대차 - 측면직각충돌,중앙선침범,건조,흐림,단일로 - 기타,화물,남,48세,상해없음,승용,여,42세,중상
2012122300100288,2012년 12월 23일 17시,일요일,충청남도 천안시 서북구 두정동,경상사고,0,0,7,0,차대차 - 추돌 - 진행중,안전운전불이행,건조,맑음,교차로 - 교차로부근,승용,남,55세,상해없음,승용,남,41세,경상
2012122300100289,2012년 12월 23일 17시,일요일,충청남도 천안시 서북구 성환읍,경상사고,0,0,2,0,차대차 - 기타,신호위반,건조,맑음,교차로 - 교차로부근,승용,남,58세,상해없음,승용,남,31세,경상
2012122300100343,2012년 12월 23일 19시,일요일,충청남도 서산시 수석동,중상사고,0,4,0,0,차대차 - 추돌 - 진행중,안전운전불이행,건조,맑음,교차로 - 교차로부근,화물,남,59세,상해없음,승용,남,35세,중상
2012122300100365,2012년 12월 23일 20시,일요일,충청남도 예산군 예산읍,중상사고,0,2,4,0,차대차 - 측면직각충돌,신호위반,건조,맑음,교차로 - 교차로안,승용,남,60세,경상,승용,여,38세,중상
2012122300100388,2012년 12월 23일 21시,일요일,충청남도 당진시 읍내리,경상사고,0,0,1,0,차대차 - 측면직각충돌,교차로운행방법위반,건조,맑음,교차로 - 교차로안,승용,남,43세,상해없음,승용,여,27세,경상
2012122300100403,2012년 12월 23일 22시,일요일,충청남도 서산시 운산면,중상사고,0,1,0,0,차대차 - 기타,안전운전불이행,건조,맑음,단일로 - 기타,화물,남,40세,상해없음,승합,남,57세,중상
2012122300100417,2012년 12월 23일 23시,일요일,충청남도 천안시 서북구 직산읍,중상사고,0,3,1,1,차대차 - 추돌 - 진행중,안전운전불이행,건조,맑음,교차로 - 교차로부근,화물,남,21세,부상신고,승용,남,39세,경상
2012122300100418,2012년 12월 23일 23시,일요일,충청남도 논산시 취암동,경상사고,0,0,1,0,차대차 - 측면직각충돌,교차로운행방법위반,건조,맑음,교차로 - 교차로안,승용,남,50세,상해없음,이륜,남,17세,경상
2012122400100026,2012년 12월 24일 04시,월요일,충청남도 천안시 동남구 쌍용동,사망사고,1,1,0,0,차대차 - 측면직각충돌,안전운전불이행,결빙,맑음,교차로 - 교차로부근,승합,남,47세,상해없음,승용,남,50세,사망
2012122400100027,2012년 12월 24일 04시,월요일,충청남도 천안시 서북구 쌍용동,중상사고,0,2,1,2,차대차 - 정면충돌,신호위반,결빙,맑음,교차로 - 교차로부근,승용,남,24세,경상,승용,남,50세,중상
2012122400100028,2012년 12월 24일 04시,월요일,충청남도 아산시 배방읍,사망사고,1,0,0,0,차량단독 - 공작물충돌,안전운전불이행,습기,맑음,단일로 - 기타,승용,남,40세,사망,,,,
2012122400100038,2012년 12월 24일 05시,월요일,충청남도 보령시 신흑동,경상사고,0,0,4,0,차대차 - 측면직각충돌,안전운전불이행,적설,흐림,교차로 - 교차로부근,승용,여,29세,상해없음,승합,여,44세,경상
2012122400100051,2012년 12월 24일 06시,월요일,충청남도 천안시 서북구 두정동,경상사고,0,0,1,0,차대차 - 기타,안전운전불이행,건조,맑음,단일로 - 기타,승용,남,29세,상해없음,승용,남,32세,경상
2012122400100067,2012년 12월 24일 07시,월요일,충청남도 당진시 원당리,경상사고,0,0,3,1,차대차 - 측면직각충돌,신호위반,건조,맑음,교차로 - 교차로안,승용,남,18세,상해없음,승용,여,30세,경상
2012122400100088,2012년 12월 24일 08시,월요일,충청남도 서천군 마서면,중상사고,0,2,5,0,차대차 - 기타,안전운전불이행,결빙,눈,단일로 - 기타,승용,여,32세,경상,승용,남,65세,중상
2012122400100114,2012년 12월 24일 09시,월요일,충청남도 천안시 동남구 신방동,중상사고,0,1,0,0,차대사람 - 보도통행중,보행자보호의무위반,건조,맑음,단일로 - 기타,승용,남,39세,상해없음,보행자,여,46세,중상