사고번호,사고일시,요일,시군구,사고내용,사망자수,중상자수,경상자수,부상신고자수,사고유형,법규위반,노면상태,기상상태,도로형태,가해운전자 차종,가해운전자 성별,가해운전자 연령,가해운전자 상해정도,피해운전자 차종,피해운전자 성별,피해운전자 연령,피해운전자 상해정도
2012122400100130,2012년 12월 24일 10시,월요일,충청남도 예산군 오가면,중상사고,0,1,0,0,차대차 - 기타,안전운전불이행,건조,맑음,단일로 - 기타,승용,여,57세,상해없음,자전거,남,78세,중상
2012122400100161,2012년 12월 24일 11시,월요일,충청남도 논산시 부창동,경상사고,0,0,2,0,차대차 - 기타,신호위반,건조,맑음,교차로 - 교차로안,승용,남,19세,경상,화물,남,33세,경상
2012122400100207,2012년 12월 24일 13시,월요일,충청남도 서천군 장항읍,중상사고,0,1,0,0,차대차 - 기타,안전거리미확보,결빙,맑음,단일로 - 기타,건설기계,남,41세,상해없음,자전거,남,73세,중상
2012122400100208,2012년 12월 24일 13시,월요일,충청남도 공주시 신풍면,사망사고,1,0,0,0,차량단독 - 공작물충돌,안전운전불이행,건조,맑음,단일로 - 기타,승용,남,53세,사망,,,,
2012122400100302,2012년 12월 24일 16시,월요일,충청남도 천안시 서북구 두정동,경상사고,0,0,1,0,차대차 - 추돌 - 주정차중,안전운전불이행,습기,맑음,단일로 - 기타,승용,남,51세,상해없음,승용,여,40세,경상
2012122400100382,2012년 12월 24일 18시,월요일,충청남도 서산시 예천동,중상사고,0,1,0,0,차대사람 - 횡단중,안전운전불이행,건조,맑음,단일로 - 기타,승용,남,53세,상해없음,보행자,여,52세,중상
2012122400100383,2012년 12월 24일 18시,월요일,충청남도 홍성군 홍성읍,경상사고,0,0,1,0,차대사람 - 기타,안전운전불이행,적설,맑음,단일로 - 기타,승용,남,55세,상해없음,보행자,남,27세,경상
2012122400100384,2012년 12월 24일 18시,월요일,충청남도 아산시 음봉면,중상사고,0,1,0,0,차대차 - 추돌 - 주정차중,안전운전불이행,건조,맑음,기타 - 기타,승용,남,53세,상해없음,승용,남,42세,중상
2012122400100424,2012년 12월 24일 19시,월요일,충청남도 서산시 동문동,경상사고,0,0,2,0,차대차 - 측면직각충돌,안전운전불이행,건조,맑음,단일로 - 기타,승용,남,50세,상해없음,승용,남,34세,경상
2012122400100465,2012년 12월 24일 20시,월요일,충청남도 논산시 연무읍,경상사고,0,0,2,0,차대차 - 기타,교차로운행방법위반,건조,맑음,교차로 - 교차로안,승용,남,39세,상해없음,원동기,여,63세,경상
2012122400100498,2012년 12월 24일 21시,월요일,충청남도 천안시 서북구 성거읍,중상사고,0,1,0,0,차대차 - 측면직각충돌,안전운전불이행,건조,맑음,교차로 - 교차로안,승용,남,42세,상해없음,원동기,남,50세,중상
2012122400100524,2012년 12월 24일 22시,월요일,충청남도 아산시 영인면,경상사고,0,0,4,0,차대차 - 측면직각충돌,중앙선침범,습기,눈,단일로 - 기타,승용,남,33세,상해없음,승용,남,35세,경상
2012122500100135,2012년 12월 25일 08시,화요일,충청남도 논산시 광석면,경상사고,0,0,1,0,차대차 - 기타,안전운전불이행,적설,흐림,단일로 - 기타,화물,남,56세,상해없음,화물,남,61세,경상
2012122500100136,2012년 12월 25일 08시,화요일,충청남도 보령시 궁촌동,경상사고,0,0,1,0,차대차 - 측면직각충돌,신호위반,결빙,눈,교차로 - 교차로안,승용,여,20세,상해없음,승용,남,53세,경상
2012122500100151,2012년 12월 25일 09시,화요일,충청남도 서산시 예천동,중상사고,0,2,0,0,차대차 - 측면직각충돌,안전운전불이행,결빙,눈,단일로 - 기타,기타불명,기타불명,기타불명,기타불명,승용,남,59세,중상
2012122500100152,2012년 12월 25일 09시,화요일,충청남도 청양군 청양읍,중상사고,0,6,0,0,차대차 - 기타,중앙선침범,습기,눈,단일로 - 기타,화물,남,40세,중상,승용,여,56세,중상
2012122500100189,2012년 12월 25일 12시,화요일,충청남도 공주시 유구읍,중상사고,0,1,0,0,차대사람 - 횡단중,교차로운행방법위반,습기,맑음,교차로 - 교차로안,화물,남,50세,상해없음,보행자,남,65세,중상
2012122500100304,2012년 12월 25일 17시,화요일,충청남도 천안시 서북구 직산읍,경상사고,0,0,1,0,차대사람 - 기타,안전운전불이행,습기,맑음,교차로 - 교차로안,승용,여,52세,상해없음,보행자,남,54세,경상
2012122500100327,2012년 12월 25일 18시,화요일,충청남도 공주시 태봉동,중상사고,0,2,1,0,차대차 - 정면충돌,중앙선침범,건조,기타,단일로 - 기타,승용,여,23세,기타불명,승용,여,63세,중상
2012122500100328,2012년 12월 25일 18시,화요일,충청남도 부여군 부여읍,중상사고,0,1,0,0,차대차 - 정면충돌,중앙선침범,건조,맑음,단일로 - 기타,원동기,남,57세,상해없음,원동기,남,17세,중상
2012122500100349,2012년 12월 25일 19시,화요일,충청남도 논산시 은진면,경상사고,0,0,2,0,차대차 - 측면직각충돌,신호위반,건조,맑음,교차로 - 교차로안,승용,남,47세,상해없음,승용,남,54세,경상
2012122500100350,2012년 12월 25일 19시,화요일,충청남도 당진시 정미면,사망사고,1,0,0,0,차대차 - 기타,안전운전불이행,건조,맑음,단일로 - 기타,승합,남,45세,상해없음,승용,여,37세,상해없음
2012122500100402,2012년 12월 25일 21시,화요일,충청남도 논산시 덕지동,경상사고,0,0,1,0,차대차 - 추돌 - 진행중,안전운전불이행,건조,맑음,단일로 - 기타,승용,남,62세,상해없음,화물,남,55세,경상
2012122500100403,2012년 12월 25일 21시,화요일,충청남도 보령시 청소면,중상사고,0,1,0,0,차대사람 - 기타,안전운전불이행,건조,맑음,단일로 - 기타,기타불명,기타불명,기타불명,기타불명,보행자,여,18세,중상
2012122500100431,2012년 12월 25일 22시,화요일,충청남도 당진시 송악읍,경상사고,0,0,3,0,차대차 - 추돌 - 주정차중,안전운전불이행,건조,맑음,교차로 - 교차로부근,화물,남,31세,상해없음,승용,남,43세,경상
2012122600100048,2012년 12월 26일 05시,수요일,충청남도 천안시 서북구 성정동,경상사고,0,0,2,0,차대차 - 측면직각충돌,직진우회전진행방해,습기,맑음,교차로 - 교차로안,승용,남,53세,상해없음,승용,남,23세,경상
2012122600100064,2012년 12월 26일 06시,수요일,충청남도 당진시 송산면,중상사고,0,1,0,0,차대사람 - 횡단중,안전운전불이행,건조,맑음,단일로 - 기타,승용,남,42세,상해없음,보행자,남,59세,중상
2012122600100124,2012년 12월 26일 08시,수요일,충청남도 천안시 서북구 불당동,중상사고,0,1,0,0,차대차 - 측면직각충돌,신호위반,건조,맑음,교차로 - 교차로안,승용,여,59세,상해없음,승용,남,61세,중상
2012122600100282,2012년 12월 26일 13시,수요일,충청남도 홍성군 홍성읍,중상사고,0,4,1,0,차대차 - 측면직각충돌,교차로운행방법위반,건조,맑음,교차로 - 교차로안,승합,남,35세,상해없음,화물,남,25세,상해없음
2012122600100339,2012년 12월 26일 15시,수요일,충청남도 당진시 송악읍,경상사고,0,0,1,0,차대차 - 측면직각충돌,안전운전불이행,건조,맑음,단일로 - 기타,화물,남,32세,상해없음,화물,남,42세,경상
2012122600100367,2012년 12월 26일 16시,수요일,충청남도 서천군 서천읍,중상사고,0,1,0,0,차대사람 - 기타,안전운전불이행,건조,맑음,교차로 - 교차로안,승합,여,40세,상해없음,보행자,남,70세,중상
2012122600100414,2012년 12월 26일 17시,수요일,충청남도 부여군 부여읍,중상사고,0,3,0,0,차대차 - 측면직각충돌,직진우회전진행방해,건조,맑음,교차로 - 교차로안,승합,여,23세,상해없음,승용,남,48세,중상
2012122600100415,2012년 12월 26일 17시,수요일,충청남도 천안시 동남구 동면,중상사고,0,1,0,0,차대차 - 기타,중앙선침범,건조,맑음,단일로 - 기타,승용,남,28세,상해없음,승용,남,25세,중상
2012122600100462,2012년 12월 26일 18시,수요일,충청남도 보령시 동대동,중상사고,0,1,0,0,차대차 - 기타,직진우회전진행방해,건조,맑음,교차로 - 교차로안,승용,남,52세,상해없음,승용,여,53세,중상
2012122600100497,2012년 12월 26일 19시,수요일,충청남도 보령시 웅천읍,중상사고,0,1,0,0,차대사람 - 길가장자리구역통행중,안전운전불이행,건조,맑음,단일로 - 기타,승용,여,52세,상해없음,보행자,여,42세,중상
2012122600100535,2012년 12월 26일 20시,수요일,충청남도 아산시 영인면,경상사고,0,0,2,0,차대차 - 추돌 - 진행중,안전운전불이행,건조,맑음,기타 - 기타,화물,남,45세,상해없음,화물,남,57세,경상
2012122600100566,2012년 12월 26일 21시,수요일,충청남도 당진시 신평면,중상사고,0,1,0,0,차대차 - 추돌 - 진행중,안전운전불이행,건조,흐림,단일로 - 기타,승용,남,28세,상해없음,화물,남,45세,중상
2012122600100610,2012년 12월 26일 22시,수요일,충청남도 천안시 서북구 불당동,중상사고,0,2,0,0,차대사람 - 기타,보행자보호의무위반,건조,맑음,단일로 - 횡단보도상,승용,남,28세,상해없음,보행자,여,16세,중상
2012122600100611,2012년 12월 26일 22시,수요일,충청남도 천안시 동남구 신방동,경상사고,0,0,2,0,차대차 - 추돌 - 진행중,안전운전불이행,건조,맑음,단일로 - 기타,승용,여,27세,상해없음,승용,남,38세,기타불명
2012122700100049,2012년 12월 27일 01시,목요일,충청남도 태안군 태안읍,중상사고,0,1,1,0,차량단독 - 공작물충돌,안전운전불이행,건조,맑음,단일로 - 기타,승용,남,33세,경상,,,,
2012122700100050,2012년 12월 27일 01시,목요일,충청남도 천안시 서북구 성거읍,경상사고,0,0,1,0,차대차 - 기타,신호위반,건조,맑음,교차로 - 교차로안,승용,여,39세,상해없음,승용,남,26세,경상
2012122700100051,2012년 12월 27일 01시,목요일,충청남도 보령시 동대동,중상사고,0,1,0,0,차대차 - 기타,신호위반,건조,맑음,교차로 - 교차로안,승용,남,21세,상해없음,승합,여,51세,중상
2012122700100076,2012년 12월 27일 03시,목요일,충청남도 천안시 서북구 성정동,경상사고,0,0,1,0,차대차 - 기타,안전운전불이행,건조,맑음,단일로 - 기타,승용,남,51세,상해없음,승용,남,51세,경상
2012122700100106,2012년 12월 27일 06시,목요일,충청남도 천안시 동남구 다가동,중상사고,0,1,0,0,차대사람 - 기타,안전운전불이행,결빙,맑음,교차로 - 교차로부근,승용,여,42세,상해없음,보행자,여,66세,중상
2012122700100276,2012년 12월 27일 13시,목요일,충청남도 공주시 신관동,중상사고,0,1,0,0,차대차 - 측면직각충돌,신호위반,건조,맑음,교차로 - 교차로안,승용,남,34세,상해없음,승용,여,49세,중상
2012122700100277,2012년 12월 27일 13시,목요일,충청남도 당진시 읍내리,경상사고,0,0,1,0,차대차 - 기타,교차로운행방법위반,건조,맑음,교차로 - 교차로안,승용,여,45세,상해없음,승합,남,54세,경상
2012122700100386,2012년 12월 27일 17시,목요일,충청남도 논산시 연무읍,중상사고,0,1,0,0,차대차 - 정면충돌,중앙선침범,건조,맑음,단일로 - 기타,이륜,남,70세,중상,승용,여,26세,상해없음
2012122700100476,2012년 12월 27일 19시,목요일,충청남도 부여군 부여읍,중상사고,0,1,0,0,차대사람 - 횡단중,안전운전불이행,건조,맑음,단일로 - 기타,승용,남,38세,상해없음,보행자,여,67세,중상
2012122700100504,2012년 12월 27일 20시,목요일,충청남도 천안시 서북구 성거읍,경상사고,0,0,3,0,차대차 - 추돌 - 주정차중,안전운전불이행,습기,맑음,단일로 - 기타,화물,남,43세,상해없음,승용,여,32세,경상
2012122700100505,2012년 12월 27일 20시,목요일,충청남도 논산시 연산면,경상사고,0,0,2,0,차대차 - 기타,안전운전불이행,건조,맑음,교차로 - 교차로부근,기타불명,기타불명,기타불명,기타불명,화물,남,38세,경상
2012122700100506,2012년 12월 27일 20시,목요일,충청남도 아산시 도고면,경상사고,0,0,1,0,차대차 - 기타,안전운전불이행,건조,맑음,교차로 - 교차로부근,승용,여,23세,상해없음,승용,남,30세,경상
2012122700100507,2012년 12월 27일 20시,목요일,충청남도 당진시 원당리,경상사고,0,0,2,0,차대차 - 측면직각충돌,신호위반,건조,맑음,교차로 - 교차로안,승용,남,29세,상해없음,승용,여,53세,경상
2012122700100540,2012년 12월 27일 21시,목요일,충청남도 태안군 태안읍,중상사고,0,1,0,0,차대사람 - 보도통행중,보행자보호의무위반,건조,맑음,교차로 - 교차로안,기타불명,기타불명,기타불명,기타불명,보행자,여,26세,중상
2012122700100541,2012년 12월 27일 21시,목요일,충청남도 논산시 연산면,경상사고,0,0,1,0,차대차 - 측면직각충돌,신호위반,건조,흐림,교차로 - 교차로안,승용,남,60세,상해없음,승용,여,37세,경상
2012122700100573,2012년 12월 27일 22시,목요일,충청남도 천안시 서북구 성정동,부상신고사고,0,0,0,1,차대차 - 추돌 - 주정차중,안전운전불이행,건조,맑음,교차로 - 교차로부근,기타불명,기타불명,기타불명,기타불명,승용,여,47세,부상신고
2012122700100574,2012년 12월 27일 22시,목요일,충청남도 보령시 동대동,사망사고,1,0,0,0,차대사람 - 횡단중,보행자보호의무위반,건조,맑음,단일로 - 횡단보도상,승용,여,36세,상해없음,보행자,남,48세,사망
2012122700100617,2012년 12월 27일 23시,목요일,충청남도 천안시 서북구 두정동,경상사고,0,0,1,0,차대차 - 추돌 - 주정차중,안전운전불이행,건조,맑음,교차로 - 교차로부근,승용,남,24세,상해없음,승용,남,26세,경상
2012122700100618,2012년 12월 27일 23시,목요일,충청남도 천안시 서북구 두정동,경상사고,0,0,3,0,차대차 - 기타,안전운전불이행,건조,맑음,교차로 - 교차로안,승용,남,26세,상해없음,승용,남,50세,경상
2012122800100023,2012년 12월 28일 00시,금요일,충청남도 천안시 서북구 두정동,경상사고,0,0,1,0,차대차 - 기타,안전운전불이행,건조,맑음,단일로 - 기타,승용,남,20세,상해없음,승용,남,48세,경상
2012122800100102,2012년 12월 28일 05시,금요일,충청남도 금산군 군북면,경상사고,0,0,1,0,차대차 - 측면직각충돌,안전운전불이행,적설,맑음,단일로 - 기타,승용,남,25세,상해없음,화물,남,36세,경상
2012122800100146,2012년 12월 28일 07시,금요일,충청남도 서산시 예천동,경상사고,0,0,1,0,차대사람 - 횡단중,안전운전불이행,습기,눈,교차로 - 교차로안,화물,여,56세,상해없음,보행자,남,45세,경상
2012122800100188,2012년 12월 28일 08시,금요일,충청남도 서산시 해미면,중상사고,0,1,0,0,차량단독 - 공작물충돌,안전운전불이행,결빙,흐림,단일로 - 기타,승용,남,33세,중상,,,,
2012122800100189,2012년 12월 28일 08시,금요일,충청남도 예산군 삽교읍,중상사고,0,1,0,0,차대차 - 기타,기타,적설,눈,단일로 - 기타,승용,남,53세,상해없음,승용,남,30세,중상
2012122800100211,2012년 12월 28일 09시,금요일,충청남도 계룡시 금암동,중상사고,0,1,2,0,차대차 - 추돌 - 주정차중,안전운전불이행,적설,눈,단일로 - 기타,승용,여,42세,상해없음,승용,여,41세,경상
2012122800100212,2012년 12월 28일 09시,금요일,충청남도 보령시 대천동,경상사고,0,0,3,0,차대차 - 기타,교차로운행방법위반,결빙,눈,교차로 - 교차로안,승용,여,41세,상해없음,승용,남,29세,경상
2012122800100232,2012년 12월 28일 10시,금요일,충청남도 천안시 동남구 신방동,중상사고,0,1,0,0,차량단독 - 기타,안전운전불이행,건조,맑음,단일로 - 기타,승합,남,45세,상해없음,,,,
2012122800100269,2012년 12월 28일 12시,금요일,충청남도 공주시 유구읍,경상사고,0,0,3,0,차대차 - 측면직각충돌,안전운전불이행,습기,흐림,교차로 - 교차로안,승용,여,43세,경상,화물,남,41세,경상
2012122800100270,2012년 12월 28일 12시,금요일,충청남도 논산시 양촌면,경상사고,0,0,1,0,차대차 - 기타,안전운전불이행,습기,눈,단일로 - 기타,건설기계,남,45세,상해없음,승합,남,37세,경상
2012122800100346,2012년 12월 28일 16시,금요일,충청남도 천안시 서북구 두정동,경상사고,0,0,1,0,차대사람 - 횡단중,신호위반,건조,맑음,교차로 - 교차로안,승용,여,52세,상해없음,보행자,여,9세,경상
2012122800100439,2012년 12월 28일 19시,금요일,충청남도 서산시 대산읍,중상사고,0,1,0,0,차대사람 - 횡단중,안전운전불이행,건조,맑음,교차로 - 교차로부근,승용,여,48세,상해없음,보행자,남,46세,중상
2012122800100473,2012년 12월 28일 20시,금요일,충청남도 서천군 장항읍,중상사고,0,1,0,0,차량단독 - 전도전복,안전운전불이행,건조,맑음,단일로 - 기타,화물,남,48세,중상,,,,
2012122800100542,2012년 12월 28일 22시,금요일,충청남도 공주시 반포면,중상사고,0,1,0,0,차대차 - 정면충돌,중앙선침범,결빙,맑음,단일로 - 기타,승용,남,56세,기타불명,승용,여,45세,중상
2012122900100019,2012년 12월 29일 00시,토요일,충청남도 천안시 서북구 백석동,경상사고,0,0,1,0,차대차 - 추돌 - 진행중,안전운전불이행,건조,맑음,단일로 - 기타,승용,남,38세,상해없음,승용,남,22세,경상
2012122900100020,2012년 12월 29일 00시,토요일,충청남도 천안시 서북구 성환읍,중상사고,0,1,2,0,차대차 - 정면충돌,중앙선침범,건조,맑음,단일로 - 기타,승용,남,26세,상해없음,승용,남,23세,중상
2012122900100043,2012년 12월 29일 01시,토요일,충청남도 천안시 서북구 쌍용동,중상사고,0,1,3,0,차대차 - 추돌 - 진행중,안전운전불이행,적설,맑음,교차로 - 교차로부근,승용,남,39세,상해없음,승용,여,58세,경상
2012122900100190,2012년 12월 29일 08시,토요일,충청남도 서산시 동문동,경상사고,0,0,1,0,차대차 - 측면직각충돌,안전운전불이행,건조,맑음,교차로 - 교차로안,승용,남,21세,상해없음,이륜,남,73세,경상
2012122900100214,2012년 12월 29일 09시,토요일,충청남도 홍성군 홍북면,중상사고,0,2,0,0,차대차 - 측면직각충돌,중앙선침범,건조,맑음,단일로 - 기타,승용,여,46세,상해없음,승용,남,41세,중상
2012122900100215,2012년 12월 29일 09시,토요일,충청남도 보령시 신흑동,경상사고,0,0,3,0,차대차 - 측면직각충돌,신호위반,건조,맑음,교차로 - 교차로안,승용,남,30세,상해없음,승용,남,34세,경상
2012122900100240,2012년 12월 29일 10시,토요일,충청남도 천안시 서북구 직산읍,중상사고,0,1,1,0,차대차 - 측면직각충돌,불법유턴,건조,맑음,교차로 - 교차로안,화물,남,46세,상해없음,승용,여,46세,중상
2012122900100241,2012년 12월 29일 10시,토요일,충청남도 보령시 남포면,경상사고,0,0,1,0,차대차 - 정면충돌,안전운전불이행,결빙,맑음,교차로 - 교차로부근,화물,남,58세,상해없음,승용,남,51세,경상
2012122900100242,2012년 12월 29일 10시,토요일,충청남도 예산군 고덕면,경상사고,0,0,2,0,차대차 - 측면직각충돌,안전운전불이행,건조,맑음,교차로 - 교차로안,승용,남,57세,상해없음,화물,남,50세,경상
2012122900100255,2012년 12월 29일 11시,토요일,충청남도 천안시 서북구 성정동,중상사고,0,1,0,0,차대사람 - 횡단중,안전운전불이행,건조,맑음,교차로 - 교차로부근,승용,남,54세,상해없음,보행자,여,75세,중상
2012122900100274,2012년 12월 29일 12시,토요일,충청남도 보령시 궁촌동,경상사고,0,0,1,0,차대차 - 측면직각충돌,신호위반,건조,맑음,교차로 - 교차로안,승용,여,24세,상해없음,승용,남,57세,경상
2012122900100338,2012년 12월 29일 15시,토요일,충청남도 서산시 잠홍동,중상사고,0,2,0,0,차대차 - 측면직각충돌,직진우회전진행방해,건조,흐림,교차로 - 교차로안,화물,남,66세,중상,화물,남,53세,상해없음
2012122900100369,2012년 12월 29일 17시,토요일,충청남도 보령시 동대동,중상사고,0,1,0,0,차대사람 - 횡단중,안전운전불이행,건조,흐림,단일로 - 기타,승용,남,23세,상해없음,보행자,남,9세,중상
2012122900100426,2012년 12월 29일 19시,토요일,충청남도 아산시 둔포면,중상사고,0,1,5,0,차대차 - 추돌 - 주정차중,안전운전불이행,적설,맑음,기타 - 기타,승용,남,45세,상해없음,승용,남,35세,중상
2012122900100427,2012년 12월 29일 19시,토요일,충청남도 당진시 송산면,경상사고,0,0,3,0,차대차 - 측면직각충돌,중앙선침범,습기,눈,단일로 - 기타,승용,남,39세,상해없음,승용,남,44세,경상
2012122900100458,2012년 12월 29일 20시,토요일,충청남도 논산시 연무읍,중상사고,0,1,0,0,차대차 - 추돌 - 진행중,안전거리미확보,적설,눈,단일로 - 기타,화물,남,26세,상해없음,화물,남,69세,중상
2012122900100477,2012년 12월 29일 21시,토요일,충청남도 태안군 태안읍,경상사고,0,0,2,0,차대차 - 추돌 - 진행중,안전운전불이행,습기,비,단일로 - 기타,승용,남,57세,상해없음,승용,남,68세,경상
2012122900100478,2012년 12월 29일 21시,토요일,충청남도 천안시 서북구 백석동,중상사고,0,1,0,0,차대사람 - 횡단중,안전운전불이행,습기,눈,교차로 - 교차로부근,승용,남,34세,상해없음,보행자,여,52세,중상
2012122900100479,2012년 12월 29일 21시,토요일,충청남도 논산시 양촌면,중상사고,0,1,0,0,차대사람 - 길가장자리구역통행중,안전운전불이행,적설,눈,단일로 - 기타,승용,남,54세,상해없음,보행자,남,64세,중상
2012122900100480,2012년 12월 29일 21시,토요일,충청남도 아산시 풍기동,경상사고,0,0,1,0,차대차 - 추돌 - 주정차중,안전운전불이행,건조,맑음,교차로 - 교차로부근,승용,남,38세,상해없음,승용,남,33세,경상
2012122900100516,2012년 12월 29일 22시,토요일,충청남도 논산시 가야곡면,경상사고,0,0,4,0,차대차 - 기타,안전운전불이행,적설,눈,단일로 - 기타,화물,남,29세,상해없음,승용,남,39세,경상
2012122900100576,2012년 12월 29일 23시,토요일,충청남도 서천군 서면,부상신고사고,0,0,0,1,차량단독 - 공작물충돌,안전운전불이행,결빙,눈,단일로 - 기타,화물,남,45세,부상신고,,,,
2012122900100577,2012년 12월 29일 23시,토요일,충청남도 공주시 신관동,경상사고,0,0,1,0,차대차 - 추돌 - 진행중,안전운전불이행,적설,눈,기타 - 기타,승용,남,27세,상해없음,승용,남,22세,경상
2012123000100030,2012년 12월 30일 00시,일요일,충청남도 천안시 서북구 성거읍,경상사고,0,0,1,0,차대차 - 기타,안전운전불이행,결빙,눈,교차로 - 교차로부근,승용,남,36세,상해없음,승용,남,50세,경상
2012123000100031,2012년 12월 30일 00시,일요일,충청남도 서천군 한산면,경상사고,0,0,1,0,차대차 - 기타,안전운전불이행,적설,눈,단일로 - 기타,승용,남,44세,상해없음,화물,남,47세,경상
2012123000100089,2012년 12월 30일 01시,일요일,충청남도 천안시 서북구 직산읍,경상사고,0,0,4,0,차대차 - 정면충돌,중앙선침범,적설,눈,단일로 - 기타,승용,남,50세,상해없음,승용,남,29세,경상
2012123000100090,2012년 12월 30일 01시,일요일,충청남도 천안시 동남구 원성동,경상사고,0,0,1,0,차대사람 - 횡단중,안전운전불이행,적설,눈,단일로 - 기타,화물,남,51세,상해없음,보행자,남,55세,경상
2012123000100185,2012년 12월 30일 05시,일요일,충청남도 당진시 읍내리,경상사고,0,0,1,0,차대차 - 추돌 - 주정차중,안전운전불이행,결빙,눈,단일로 - 기타,승합,남,41세,상해없음,승용,남,36세,상해없음
2012123000100186,2012년 12월 30일 05시,일요일,충청남도 당진시 신평면,경상사고,0,0,1,0,차량단독 - 기타,안전운전불이행,결빙,맑음,단일로 - 기타,승용,남,49세,상해없음,,,,
2012123000100296,2012년 12월 30일 11시,일요일,충청남도 홍성군 갈산면,경상사고,0,0,1,0,차대차 - 기타,차로위반,건조,흐림,단일로 - 기타,기타불명,기타불명,기타불명,기타불명,승용,여,33세,경상
2012123000100308,2012년 12월 30일 12시,일요일,충청남도 태안군 소원면,중상사고,0,2,1,0,차대차 - 정면충돌,중앙선침범,건조,맑음,단일로 - 기타,승용,남,35세,상해없음,승용,남,30세,중상
2012123000100394,2012년 12월 30일 15시,일요일,충청남도 당진시 정미면,중상사고,0,1,1,0,차대차 - 측면직각충돌,교차로운행방법위반,적설,흐림,교차로 - 교차로안,승용,남,58세,상해없음,건설기계,남,47세,상해없음
2012123000100502,2012년 12월 30일 19시,일요일,충청남도 보령시 죽정동,경상사고,0,0,2,0,차대차 - 추돌 - 진행중,중앙선침범,결빙,눈,단일로 - 기타,승용,여,39세,상해없음,승용,남,29세,경상
2012123000100523,2012년 12월 30일 20시,일요일,충청남도 예산군 예산읍,중상사고,0,1,0,0,차대사람 - 길가장자리구역통행중,안전운전불이행,결빙,눈,단일로 - 기타,승용,여,24세,상해없음,보행자,여,23세,중상
2012123000100543,2012년 12월 30일 21시,일요일,충청남도 천안시 서북구 쌍용동,부상신고사고,0,0,0,1,차대사람 - 기타,안전운전불이행,건조,맑음,기타 - 기타,승용,남,32세,상해없음,보행자,남,23세,부상신고
2012123000100544,2012년 12월 30일 21시,일요일,충청남도 공주시 계룡면,경상사고,0,0,1,0,차대차 - 추돌 - 진행중,안전운전불이행,건조,흐림,단일로 - 기타,승용,남,54세,상해없음,승용,남,41세,경상
2012123000100577,2012년 12월 30일 23시,일요일,충청남도 천안시 서북구 쌍용동,경상사고,0,0,1,0,차대차 - 추돌 - 진행중,안전운전불이행,습기,맑음,교차로 - 교차로부근,승용,남,41세,상해없음,화물,남,42세,경상
2012123100100012,2012년 12월 31일 00시,월요일,충청남도 천안시 서북구 쌍용동,경상사고,0,0,2,0,차대차 - 측면직각충돌,안전운전불이행,결빙,흐림,교차로 - 교차로부근,승용,여,43세,상해없음,승용,남,55세,경상
2012123100100064,2012년 12월 31일 04시,월요일,충청남도 아산시 둔포면,사망사고,1,0,1,0,차대차 - 정면충돌,중앙선침범,기타,흐림,단일로 - 기타,승용,남,29세,사망,화물,남,52세,경상
2012123100100188,2012년 12월 31일 11시,월요일,충청남도 당진시 석문면,사망사고,1,0,0,0,차량단독 - 공작물충돌,안전운전불이행,결빙,맑음,단일로 - 기타,특수,남,48세,사망,,,,
2012123100100213,2012년 12월 31일 12시,월요일,충청남도 공주시 산성동,경상사고,0,0,1,0,차대차 - 추돌 - 주정차중,안전운전불이행,건조,맑음,교차로 - 교차로부근,승용,남,54세,상해없음,승용,여,43세,상해없음
2012123100100293,2012년 12월 31일 14시,월요일,충청남도 공주시 유구읍,중상사고,0,1,0,0,차대차 - 정면충돌,중앙선침범,건조,맑음,단일로 - 기타,화물,남,65세,상해없음,화물,남,46세,중상
2012123100100322,2012년 12월 31일 15시,월요일,충청남도 천안시 서북구 성성동,경상사고,0,0,2,0,차대차 - 기타,안전운전불이행,습기,맑음,단일로 - 기타,화물,남,39세,상해없음,승용,여,55세,경상
2012123100100407,2012년 12월 31일 18시,월요일,충청남도 천안시 서북구 두정동,경상사고,0,0,1,0,차대차 - 추돌 - 진행중,안전거리미확보,건조,맑음,교차로 - 교차로부근,승용,여,45세,상해없음,승용,남,61세,경상
2012123100100408,2012년 12월 31일 18시,월요일,충청남도 천안시 서북구 성환읍,경상사고,0,0,2,0,차대차 - 기타,교차로운행방법위반,적설,맑음,교차로 - 교차로안,화물,남,60세,경상,승용,남,43세,경상
2012123100100409,2012년 12월 31일 18시,월요일,충청남도 홍성군 은하면,경상사고,0,0,3,0,차대차 - 기타,중앙선침범,건조,흐림,단일로 - 기타,화물,남,51세,상해없음,승용,남,39세,상해없음
2012123100100449,2012년 12월 31일 19시,월요일,충청남도 아산시 방축동,경상사고,0,0,1,0,차대차 - 추돌 - 진행중,안전거리미확보,적설,눈,교차로 - 교차로부근,승용,여,59세,상해없음,승용,여,37세,경상
2012123100100486,2012년 12월 31일 20시,월요일,충청남도 청양군 목면,중상사고,0,5,1,0,차대차 - 측면직각충돌,중앙선침범,건조,맑음,단일로 - 기타,화물,남,52세,경상,승합,남,54세,상해없음
2012123100100544,2012년 12월 31일 22시,월요일,충청남도 부여군 임천면,사망사고,1,0,0,0,차량단독 - 공작물충돌,안전운전불이행,건조,맑음,단일로 - 기타,승용,남,37세,사망,,,,